,STATENAME,ST_CASE,VEH_NO,VE_FORMS,NUMOCCS,MAN_COLLNAME,HIT_RUN,TOW_VEH,GVWRNAME,V_CONFIGNAME,CARGO_BTNAME,HAZ_INV,ROLLOVERNAME,DEFORMEDNAME,VTRAFWAYNAME,VNUM_LANNAME,VSPD_LIMNAME,VALIGNNAME,VPROFILENAME,VSURCONDNAME,ROUTENAME,RUR_URBNAME,FUNC_SYSNAME,LGT_CONDNAME,WEATHERNAME,FATALS,DRUNK_DR,INJ_SEV,INJ_SEVNAME
14602,Florida,120061,2,2,1,Front-to-Rear,0,2,"26,001 lbs. or more",Truck Tractor/Double,Van/Enclosed Box,1,"Rollover, Tripped by Object/Vehicle",Disabling Damage,"Two-Way,  Divided, Positive  Median Barrier",Two lanes,70 MPH,Straight,Level,Dry,State Highway,Urban,Principal Arterial - Other Freeways and Expressways,Dark - Not Lighted,Clear,1,0,0,No Apparent Injury (O)
14604,Florida,120063,1,2,1,Angle,0,0,"26,001 lbs. or more",Truck Tractor (Bobtail),No Cargo Body Type,1,No Rollover,Disabling Damage,"Two-Way, Not Divided",Two lanes,55 MPH,Straight,Level,Dry,State Highway,Rural,Major Collector,Dark - Not Lighted,Clear,1,0,0,No Apparent Injury (O)
14666,Florida,120097,2,2,1,Front-to-Rear,0,1,"26,001 lbs. or more",Truck Tractor/Semi-Trailer,Flatbed,1,No Rollover,Functional Damage,"Two-Way, Divided, Unprotected Median",Three lanes,65 MPH,Straight,Level,Dry,U.S. Highway,Rural,Principal Arterial - Other,Daylight,Clear,1,0,0,No Apparent Injury (O)
14689,Florida,120103,2,2,1,Front-to-Front,0,1,"26,001 lbs. or more",Truck Tractor/Semi-Trailer,Cargo Tank,1,No Rollover,Disabling Damage,"Two-Way, Not Divided",Two lanes,60 MPH,Straight,Level,Dry,State Highway,Rural,Principal Arterial - Other,Dark - Not Lighted,Clear,1,0,1,Possible Injury (C)
14706,Florida,120108,1,5,1,Sideswipe - Same Direction,0,1,"26,001 lbs. or more",Truck Tractor/Semi-Trailer,Van/Enclosed Box,1,No Rollover,Disabling Damage,"Two-Way,  Divided, Positive  Median Barrier",Three lanes,70 MPH,Straight,Level,Dry,Interstate,Rural,Interstate,Daylight,Clear,7,0,4,Fatal Injury (K)
14720,Florida,120108,4,5,1,Sideswipe - Same Direction,0,1,"26,001 lbs. or more",Truck Tractor/Semi-Trailer,Van/Enclosed Box,1,No Rollover,Disabling Damage,"Two-Way,  Divided, Positive  Median Barrier",Three lanes,70 MPH,Straight,Level,Dry,Interstate,Rural,Interstate,Daylight,Clear,7,0,4,Fatal Injury (K)
14773,Florida,120126,1,3,1,Angle,0,1,"26,001 lbs. or more",Truck Tractor/Semi-Trailer,Van/Enclosed Box,1,No Rollover,Disabling Damage,"Two-Way, Not Divided",Four lanes,55 MPH,Straight,Level,Dry,U.S. Highway,Rural,Principal Arterial - Other,Daylight,Clear,1,0,0,No Apparent Injury (O)
14774,Florida,120126,2,3,2,Angle,0,1,"26,001 lbs. or more",Truck Tractor/Semi-Trailer,Van/Enclosed Box,1,No Rollover,Disabling Damage,"Two-Way, Divided, Unprotected Median",Four lanes,55 MPH,Straight,Level,Dry,U.S. Highway,Rural,Principal Arterial - Other,Daylight,Clear,1,0,3,Suspected Serious Injury (A)
14775,Florida,120126,2,3,2,Angle,0,1,"26,001 lbs. or more",Truck Tractor/Semi-Trailer,Van/Enclosed Box,1,No Rollover,Disabling Damage,"Two-Way, Divided, Unprotected Median",Four lanes,55 MPH,Straight,Level,Dry,U.S. Highway,Rural,Principal Arterial - Other,Daylight,Clear,1,0,4,Fatal Injury (K)
14794,Florida,120136,1,2,3,Angle,0,0,"26,001 lbs. or more",Single-Unit Truck (3 or more axles),Other,1,No Rollover,Functional Damage,"Two-Way, Not Divided",Two lanes,25 MPH,Straight,Level,Dry,U.S. Highway,Urban,Principal Arterial - Other,Daylight,Clear,1,0,0,No Apparent Injury (O)
14795,Florida,120136,1,2,3,Angle,0,0,"26,001 lbs. or more",Single-Unit Truck (3 or more axles),Other,1,No Rollover,Functional Damage,"Two-Way, Not Divided",Two lanes,25 MPH,Straight,Level,Dry,U.S. Highway,Urban,Principal Arterial - Other,Daylight,Clear,1,0,0,No Apparent Injury (O)
14796,Florida,120136,1,2,3,Angle,0,0,"26,001 lbs. or more",Single-Unit Truck (3 or more axles),Other,1,No Rollover,Functional Damage,"Two-Way, Not Divided",Two lanes,25 MPH,Straight,Level,Dry,U.S. Highway,Urban,Principal Arterial - Other,Daylight,Clear,1,0,0,No Apparent Injury (O)
14862,Florida,120161,1,2,1,Angle,0,1,"26,001 lbs. or more",Truck Tractor/Semi-Trailer,Van/Enclosed Box,1,No Rollover,Disabling Damage,"Two-Way, Divided, Unprotected Median",Three lanes,65 MPH,Straight,Level,Dry,U.S. Highway,Rural,Principal Arterial - Other,Dark - Not Lighted,Cloudy,1,0,0,No Apparent Injury (O)
14943,Florida,120199,1,2,1,Angle,0,1,"26,001 lbs. or more",Truck Tractor/Semi-Trailer,Dump,1,No Rollover,Disabling Damage,"Two-Way, Not Divided",Two lanes,60 MPH,Straight,Uphill,Wet,State Highway,Rural,Principal Arterial - Other,Dark - Not Lighted,Clear,1,0,2,Suspected Minor Injury (B)
14944,Florida,120199,2,2,1,Angle,0,0,"26,001 lbs. or more",Single-Unit Truck (3 or more axles),Dump,1,No Rollover,Disabling Damage,"Two-Way, Not Divided",Two lanes,60 MPH,Straight,Uphill,Wet,State Highway,Rural,Principal Arterial - Other,Dark - Not Lighted,Clear,1,0,4,Fatal Injury (K)
14948,Florida,120202,2,2,1,Front-to-Rear,0,1,"26,001 lbs. or more",Truck Tractor/Semi-Trailer,Van/Enclosed Box,1,No Rollover,Disabling Damage,"Two-Way, Divided, Unprotected Median",Two lanes,65 MPH,Straight,Level,Dry,U.S. Highway,Rural,Principal Arterial - Other,Dark - Not Lighted,Clear,1,0,0,No Apparent Injury (O)
14954,Florida,120205,2,2,1,Front-to-Rear,0,1,"26,001 lbs. or more",Truck Tractor/Semi-Trailer,Cargo Tank,1,No Rollover,Functional Damage,"Two-Way, Divided, Unprotected Median",Two lanes,55 MPH,Straight,Level,Dry,State Highway,Urban,Principal Arterial - Other,Dark - Not Lighted,Clear,1,0,0,No Apparent Injury (O)
14957,Florida,120206,2,2,1,Angle,0,1,"26,001 lbs. or more",Truck Tractor/Semi-Trailer,Van/Enclosed Box,1,No Rollover,Disabling Damage,"Two-Way,  Divided, Positive  Median Barrier",Four lanes,65 MPH,Straight,Level,Wet,Interstate,Urban,Interstate,Dawn,Cloudy,1,0,0,No Apparent Injury (O)
14971,Florida,120211,2,2,1,Angle,0,1,"26,001 lbs. or more",Truck Tractor/Semi-Trailer,Van/Enclosed Box,1,No Rollover,Functional Damage,"Two-Way, Not Divided",Two lanes,30 MPH,Straight,Level,Dry,State Highway,Urban,Principal Arterial - Other,Daylight,Clear,1,0,1,Possible Injury (C)
14976,Florida,120215,1,1,1,The First Harmful Event was Not a Collision with a Motor Vehicle in Transport,0,1,"26,001 lbs. or more",Truck Tractor/Semi-Trailer,Cargo Tank,2,No Rollover,Minor Damage,"Two-Way, Not Divided With a Continuous Left-Turn Lane",Three lanes,35 MPH,Straight,Level,Dry,Local Street - Municipality,Urban,Local,Daylight,Clear,1,0,0,No Apparent Injury (O)
15006,Florida,120228,1,4,1,Front-to-Front,0,1,"26,001 lbs. or more",Truck Tractor/Semi-Trailer,Van/Enclosed Box,1,No Rollover,Disabling Damage,"Two-Way, Not Divided",Two lanes,55 MPH,Curve - Right,Downhill,Dry,State Highway,Rural,Principal Arterial - Other,Daylight,Cloudy,1,0,0,No Apparent Injury (O)
15039,Florida,120242,2,2,1,Angle,0,1,"26,001 lbs. or more",Truck Tractor/Semi-Trailer,Van/Enclosed Box,1,No Rollover,Functional Damage,"Two-Way, Not Divided",Two lanes,60 MPH,Straight,Level,Dry,State Highway,Rural,Principal Arterial - Other,Daylight,Clear,2,0,0,No Apparent Injury (O)
15042,Florida,120243,2,2,1,Angle,0,0,"26,001 lbs. or more","Single-Unit Truck (2- axle and GVWR more than 10,000 lbs)",Van/Enclosed Box,1,No Rollover,Functional Damage,"Two-Way, Divided, Unprotected Median",Two lanes,55 MPH,Curve - Left,Level,Dry,State Highway,Urban,Principal Arterial - Other,Dark - Not Lighted,Clear,1,0,0,No Apparent Injury (O)
15054,Florida,120250,1,2,1,Angle,0,0,"26,001 lbs. or more",Single-Unit Truck (3 or more axles),Dump,1,No Rollover,Disabling Damage,"Two-Way, Divided, Unprotected Median",Three lanes,40 MPH,Straight,Level,Dry,Local Street - Municipality,Urban,Principal Arterial - Other,Daylight,Clear,1,0,0,No Apparent Injury (O)
15070,Florida,120257,2,2,1,Angle,0,0,"26,001 lbs. or more",Single-Unit Truck (3 or more axles),Dump,1,No Rollover,Functional Damage,"Two-Way, Divided, Unprotected Median",Five lanes,45 MPH,Straight,Level,Dry,State Highway,Urban,Principal Arterial - Other,Dark - Lighted,Clear,2,0,0,No Apparent Injury (O)
15076,Florida,120261,2,2,1,Front-to-Rear,0,1,"26,001 lbs. or more",Truck Tractor/Semi-Trailer,Van/Enclosed Box,1,No Rollover,Functional Damage,"Two-Way, Divided, Unprotected Median",Two lanes,55 MPH,Straight,Level,Dry,U.S. Highway,Urban,Principal Arterial - Other,Dark - Not Lighted,"Fog, Smog, Smoke",1,1,1,Possible Injury (C)
15166,Florida,120311,2,2,2,Front-to-Rear,0,1,"26,001 lbs. or more",Truck Tractor/Semi-Trailer,Van/Enclosed Box,1,No Rollover,Disabling Damage,"Two-Way,  Divided, Positive  Median Barrier",Four lanes,70 MPH,Straight,Level,Dry,Interstate,Rural,Interstate,Dark - Lighted,Cloudy,1,0,0,No Apparent Injury (O)
15167,Florida,120311,2,2,2,Front-to-Rear,0,1,"26,001 lbs. or more",Truck Tractor/Semi-Trailer,Van/Enclosed Box,1,No Rollover,Disabling Damage,"Two-Way,  Divided, Positive  Median Barrier",Four lanes,70 MPH,Straight,Level,Dry,Interstate,Rural,Interstate,Dark - Lighted,Cloudy,1,0,1,Possible Injury (C)
15182,Florida,120319,2,2,1,Angle,0,0,"26,001 lbs. or more",Single-Unit Truck (3 or more axles),Van/Enclosed Box,1,No Rollover,Disabling Damage,"Two-Way, Not Divided",Two lanes,35 MPH,Straight,Downhill,Wet,Other,Urban,Major Collector,Daylight,Cloudy,1,0,0,No Apparent Injury (O)
15184,Florida,120320,2,2,1,Front-to-Rear,0,0,"26,001 lbs. or more",Single-Unit Truck (3 or more axles),Garbage/Refuse,1,No Rollover,Functional Damage,"Two-Way, Divided, Unprotected Median",Two lanes,50 MPH,Straight,Level,Dry,U.S. Highway,Urban,Principal Arterial - Other,Dark - Not Lighted,"Fog, Smog, Smoke",1,1,0,No Apparent Injury (O)
15205,Florida,120331,2,2,1,Angle,0,1,"26,001 lbs. or more",Truck Tractor/Semi-Trailer,Van/Enclosed Box,1,No Rollover,Disabling Damage,"Two-Way, Not Divided",Four lanes,35 MPH,Curve - Left,Level,Dry,State Highway,Urban,Major Collector,Daylight,Clear,1,0,0,No Apparent Injury (O)
15238,Florida,120349,2,2,1,Front-to-Rear,0,1,"26,001 lbs. or more",Truck Tractor/Semi-Trailer,Intermodal Container Chassis,1,No Rollover,Minor Damage,"Two-Way, Divided, Unprotected Median",Four lanes,55 MPH,Straight,Level,Dry,U.S. Highway,Urban,Principal Arterial - Other,Daylight,Clear,1,1,0,No Apparent Injury (O)
15327,Florida,120403,2,2,1,Angle,0,1,"26,001 lbs. or more",Truck Tractor/Semi-Trailer,Cargo Tank,1,"Rollover, Tripped by Object/Vehicle",Disabling Damage,"Two-Way, Not Divided",Two lanes,60 MPH,Straight,Level,Dry,State Highway,Rural,Principal Arterial - Other,Dark - Lighted,Clear,1,1,0,No Apparent Injury (O)
15333,Florida,120405,3,3,1,Angle,0,0,"26,001 lbs. or more",Truck Tractor (Bobtail),No Cargo Body Type,1,No Rollover,Minor Damage,"Two-Way, Divided, Unprotected Median",Three lanes,30 MPH,Straight,Level,Dry,U.S. Highway,Urban,Principal Arterial - Other,Daylight,Clear,1,0,0,No Apparent Injury (O)
15366,Florida,120424,1,2,1,Angle,0,1,"26,001 lbs. or more",Truck Tractor/Semi-Trailer,Intermodal Container Chassis,1,No Rollover,Minor Damage,"Two-Way, Not Divided With a Continuous Left-Turn Lane",Five lanes,45 MPH,Straight,Level,Dry,U.S. Highway,Urban,Principal Arterial - Other,Dark - Lighted,Cloudy,1,1,0,No Apparent Injury (O)
15412,Florida,120444,1,3,1,Front-to-Rear,0,0,"26,001 lbs. or more",Single-Unit Truck (3 or more axles),Dump,1,No Rollover,Disabling Damage,"Two-Way, Not Divided",Two lanes,55 MPH,Straight,Level,Dry,State Highway,Urban,Principal Arterial - Other,Daylight,Clear,1,0,0,No Apparent Injury (O)
15426,Florida,120448,2,2,1,Front-to-Rear,0,0,"26,001 lbs. or more",Single-Unit Truck (3 or more axles),Flatbed,1,No Rollover,Disabling Damage,"Two-Way, Not Divided",Two lanes,45 MPH,Straight,Level,Wet,County Road,Rural,Minor Arterial,Daylight,Rain,1,0,0,No Apparent Injury (O)
15437,Florida,120455,2,2,1,Angle,0,1,"26,001 lbs. or more",Truck Pulling Trailer(s),Dump,1,No Rollover,Functional Damage,"Two-Way, Not Divided",Two lanes,45 MPH,Straight,Level,Dry,State Highway,Rural,Principal Arterial - Other,Daylight,Clear,1,0,0,No Apparent Injury (O)
15463,Florida,120467,1,2,1,Other,0,1,"26,001 lbs. or more",Truck Tractor/Semi-Trailer,Van/Enclosed Box,1,No Rollover,Minor Damage,"Two-Way, Divided, Unprotected Median",One lane,25 MPH,Straight,Level,Dry,U.S. Highway,Urban,Principal Arterial - Other,Dawn,Clear,1,0,0,No Apparent Injury (O)
15534,Florida,120493,2,2,1,Angle,0,0,"26,001 lbs. or more",Single-Unit Truck (3 or more axles),Dump,1,No Rollover,Disabling Damage,"Two-Way, Not Divided With a Continuous Left-Turn Lane",Three lanes,60 MPH,Straight,Level,Dry,State Highway,Urban,Principal Arterial - Other,Dark - Not Lighted,"Fog, Smog, Smoke",1,0,0,No Apparent Injury (O)
15540,Florida,120498,1,3,1,The First Harmful Event was Not a Collision with a Motor Vehicle in Transport,0,1,"26,001 lbs. or more",Truck Tractor/Semi-Trailer,Van/Enclosed Box,1,"Rollover, Untripped",Disabling Damage,"Two-Way, Divided, Unprotected Median",Four lanes,55 MPH,Straight,Level,Dry,State Highway,Urban,Minor Arterial,Daylight,Clear,1,0,0,No Apparent Injury (O)
15546,Florida,120499,2,2,1,Front-to-Rear,0,1,"26,001 lbs. or more",Truck Tractor/Semi-Trailer,Van/Enclosed Box,1,"Rollover, Tripped by Object/Vehicle",Disabling Damage,"Two-Way,  Divided, Positive  Median Barrier",Three lanes,70 MPH,Straight,Uphill,Wet,Interstate,Rural,Interstate,Dark - Not Lighted,Cloudy,1,0,3,Suspected Serious Injury (A)
15577,Florida,120516,1,2,1,Front-to-Front,0,0,"26,001 lbs. or more",Single-Unit Truck (3 or more axles),Dump,1,No Rollover,Disabling Damage,"Two-Way,  Divided, Positive  Median Barrier",Two lanes,70 MPH,Straight,Level,Dry,State Highway,Rural,Principal Arterial - Other Freeways and Expressways,Dark - Not Lighted,Clear,1,0,0,No Apparent Injury (O)
15705,Florida,120570,2,2,1,Angle,0,1,"26,001 lbs. or more",Truck Tractor/Semi-Trailer,Van/Enclosed Box,1,No Rollover,Disabling Damage,"Two-Way, Divided, Unprotected Median",Three lanes,45 MPH,Straight,Level,Dry,State Highway,Urban,Minor Arterial,Daylight,Clear,1,0,0,No Apparent Injury (O)
15708,Florida,120572,1,1,1,The First Harmful Event was Not a Collision with a Motor Vehicle in Transport,0,1,"26,001 lbs. or more",Truck Tractor/Semi-Trailer,Van/Enclosed Box,1,No Rollover,Functional Damage,"Two-Way, Divided, Unprotected Median",Two lanes,35 MPH,Straight,Level,Dry,U.S. Highway,Urban,Principal Arterial - Other,Daylight,Clear,1,0,0,No Apparent Injury (O)
15728,Florida,120584,1,2,3,Front-to-Front,0,0,"26,001 lbs. or more","Truck More Than 10,000 lbs, Cannot Classify",Flatbed,1,No Rollover,Disabling Damage,"Two-Way, Not Divided",Two lanes,60 MPH,Straight,Level,Dry,State Highway,Rural,Principal Arterial - Other,Daylight,Clear,3,0,4,Fatal Injury (K)
15729,Florida,120584,1,2,3,Front-to-Front,0,0,"26,001 lbs. or more","Truck More Than 10,000 lbs, Cannot Classify",Flatbed,1,No Rollover,Disabling Damage,"Two-Way, Not Divided",Two lanes,60 MPH,Straight,Level,Dry,State Highway,Rural,Principal Arterial - Other,Daylight,Clear,3,0,4,Fatal Injury (K)
15730,Florida,120584,1,2,3,Front-to-Front,0,0,"26,001 lbs. or more","Truck More Than 10,000 lbs, Cannot Classify",Flatbed,1,No Rollover,Disabling Damage,"Two-Way, Not Divided",Two lanes,60 MPH,Straight,Level,Dry,State Highway,Rural,Principal Arterial - Other,Daylight,Clear,3,0,4,Fatal Injury (K)
15731,Florida,120584,2,2,1,Front-to-Front,0,1,"26,001 lbs. or more",Truck Tractor/Semi-Trailer,Flatbed,1,"Rollover, Tripped by Object/Vehicle",Disabling Damage,"Two-Way, Not Divided",Two lanes,60 MPH,Straight,Level,Dry,State Highway,Rural,Principal Arterial - Other,Daylight,Clear,3,0,3,Suspected Serious Injury (A)
15787,Florida,120617,2,2,1,Front-to-Rear,0,1,"26,001 lbs. or more",Truck Tractor/Semi-Trailer,Van/Enclosed Box,1,No Rollover,Disabling Damage,"Two-Way, Divided, Unprotected Median",Two lanes,65 MPH,Straight,Level,Dry,U.S. Highway,Rural,Principal Arterial - Other,Dark - Not Lighted,Clear,1,1,0,No Apparent Injury (O)
15822,Florida,120630,2,2,1,Front-to-Rear,0,1,"26,001 lbs. or more",Truck Tractor/Semi-Trailer,Van/Enclosed Box,1,No Rollover,Minor Damage,"Two-Way, Not Divided",Two lanes,35 MPH,Straight,Level,Dry,State Highway,Urban,Principal Arterial - Other,Dark - Lighted,Clear,1,1,0,No Apparent Injury (O)
15827,Florida,120634,1,2,1,Front-to-Rear,0,1,"26,001 lbs. or more",Truck Tractor/Semi-Trailer,Van/Enclosed Box,1,No Rollover,Disabling Damage,"Two-Way, Not Divided",Two lanes,40 MPH,Straight,Level,Dry,County Road,Rural,Major Collector,Daylight,Cloudy,1,0,0,No Apparent Injury (O)
15830,Florida,120635,1,3,1,Sideswipe - Same Direction,0,0,"26,001 lbs. or more",Single-Unit Truck (3 or more axles),Dump,1,"Rollover, Tripped by Object/Vehicle",Disabling Damage,"Two-Way,  Divided, Positive  Median Barrier",Three lanes,70 MPH,Curve - Right,Level,Wet,Interstate,Rural,Interstate,Daylight,Cloudy,1,0,4,Fatal Injury (K)
15887,Florida,120657,3,3,1,Front-to-Rear,0,1,"26,001 lbs. or more",Truck Tractor/Semi-Trailer,Dump,1,No Rollover,Functional Damage,"Two-Way, Not Divided",Two lanes,45 MPH,Straight,Level,Dry,State Highway,Urban,Principal Arterial - Other,Daylight,Clear,1,0,0,No Apparent Injury (O)
15911,Florida,120665,2,2,2,The First Harmful Event was Not a Collision with a Motor Vehicle in Transport,0,1,"26,001 lbs. or more",Truck Pulling Trailer(s),Van/Enclosed Box,1,No Rollover,Disabling Damage,"Two-Way,  Divided, Positive  Median Barrier",Two lanes,70 MPH,Straight,Level,Dry,State Highway,Urban,Principal Arterial - Other Freeways and Expressways,Dark - Not Lighted,Cloudy,1,1,0,No Apparent Injury (O)
15912,Florida,120665,2,2,2,The First Harmful Event was Not a Collision with a Motor Vehicle in Transport,0,1,"26,001 lbs. or more",Truck Pulling Trailer(s),Van/Enclosed Box,1,No Rollover,Disabling Damage,"Two-Way,  Divided, Positive  Median Barrier",Two lanes,70 MPH,Straight,Level,Dry,State Highway,Urban,Principal Arterial - Other Freeways and Expressways,Dark - Not Lighted,Cloudy,1,1,0,No Apparent Injury (O)
15924,Florida,120669,3,3,1,The First Harmful Event was Not a Collision with a Motor Vehicle in Transport,0,1,"26,001 lbs. or more",Truck Pulling Trailer(s),Van/Enclosed Box,1,No Rollover,Functional Damage,"Two-Way,  Divided, Positive  Median Barrier",Three lanes,55 MPH,Straight,Level,Dry,State Highway,Urban,Principal Arterial - Other Freeways and Expressways,Dark - Lighted,Clear,2,1,0,No Apparent Injury (O)
16020,Florida,120710,2,2,2,Front-to-Rear,0,1,"26,001 lbs. or more",Truck Tractor/Semi-Trailer,Van/Enclosed Box,1,No Rollover,Functional Damage,"Two-Way, Divided, Unprotected Median",Three lanes,45 MPH,Straight,Level,Dry,U.S. Highway,Urban,Principal Arterial - Other,Dark - Not Lighted,Clear,1,0,0,No Apparent Injury (O)
16021,Florida,120710,2,2,2,Front-to-Rear,0,1,"26,001 lbs. or more",Truck Tractor/Semi-Trailer,Van/Enclosed Box,1,No Rollover,Functional Damage,"Two-Way, Divided, Unprotected Median",Three lanes,45 MPH,Straight,Level,Dry,U.S. Highway,Urban,Principal Arterial - Other,Dark - Not Lighted,Clear,1,0,0,No Apparent Injury (O)
16052,Florida,120728,2,2,1,Angle,0,1,"26,001 lbs. or more",Truck Tractor/Semi-Trailer,Auto Transporter,1,No Rollover,Minor Damage,"Two-Way, Divided, Unprotected Median",Two lanes,30 MPH,Straight,Level,Dry,County Road,Urban,Minor Arterial,Dark - Lighted,Clear,1,0,0,No Apparent Injury (O)
16119,Florida,120753,1,1,1,The First Harmful Event was Not a Collision with a Motor Vehicle in Transport,0,1,"26,001 lbs. or more",Truck Tractor/Semi-Trailer,Auto Transporter,1,No Rollover,Disabling Damage,"Two-Way,  Divided, Positive  Median Barrier",Two lanes,70 MPH,Straight,Level,Dry,Interstate,Rural,Interstate,Daylight,Cloudy,1,0,4,Fatal Injury (K)
16121,Florida,120754,2,2,1,Angle,0,1,"26,001 lbs. or more",Truck Tractor/Semi-Trailer,Flatbed,1,No Rollover,Functional Damage,"Two-Way, Divided, Unprotected Median",Two lanes,55 MPH,Straight,Level,Wet,U.S. Highway,Rural,Principal Arterial - Other,Daylight,Rain,1,0,0,No Apparent Injury (O)
16153,Florida,120771,1,1,1,The First Harmful Event was Not a Collision with a Motor Vehicle in Transport,0,1,"26,001 lbs. or more",Truck Tractor/Semi-Trailer,Van/Enclosed Box,1,No Rollover,No Damage,"Two-Way, Divided, Unprotected Median",Two lanes,45 MPH,Straight,Level,Wet,State Highway,Urban,Principal Arterial - Other,Dark - Not Lighted,Rain,1,0,0,No Apparent Injury (O)
16160,Florida,120776,1,1,1,The First Harmful Event was Not a Collision with a Motor Vehicle in Transport,0,1,"26,001 lbs. or more",Truck Tractor/Semi-Trailer,Dump,1,No Rollover,Minor Damage,One-Way Trafficway,One lane,45 MPH,Curve - Right,Level,Dry,State Highway,Urban,Minor Arterial,Daylight,Clear,1,0,0,No Apparent Injury (O)
16163,Florida,120777,2,2,1,Angle,0,1,"26,001 lbs. or more",Truck Tractor/Semi-Trailer,Grain/ Chips/ Gravel,2,"Rollover, Tripped by Object/Vehicle",Disabling Damage,"Two-Way, Divided, Unprotected Median",Two lanes,65 MPH,Straight,Level,Dry,State Highway,Rural,Principal Arterial - Other,Daylight,Clear,2,0,2,Suspected Minor Injury (B)
16168,Florida,120780,2,2,1,Angle,0,1,"26,001 lbs. or more",Truck Pulling Trailer(s),Flatbed,1,No Rollover,Disabling Damage,"Two-Way, Divided, Unprotected Median",Two lanes,55 MPH,Straight,Sag (Bottom),Dry,U.S. Highway,Urban,Principal Arterial - Other,Dark - Not Lighted,Clear,1,0,0,No Apparent Injury (O)
16206,Florida,120798,1,1,2,The First Harmful Event was Not a Collision with a Motor Vehicle in Transport,0,1,"26,001 lbs. or more",Truck Pulling Trailer(s),Dump,1,No Rollover,No Damage,"Two-Way, Not Divided",Three lanes,30 MPH,Straight,Level,Dry,State Highway,Urban,Principal Arterial - Other,Dark - Lighted,Clear,1,0,0,No Apparent Injury (O)
16207,Florida,120798,1,1,2,The First Harmful Event was Not a Collision with a Motor Vehicle in Transport,0,1,"26,001 lbs. or more",Truck Pulling Trailer(s),Dump,1,No Rollover,No Damage,"Two-Way, Not Divided",Three lanes,30 MPH,Straight,Level,Dry,State Highway,Urban,Principal Arterial - Other,Dark - Lighted,Clear,1,0,4,Fatal Injury (K)
16209,Florida,120799,2,2,1,Angle,0,1,"26,001 lbs. or more",Truck Tractor/Semi-Trailer,Van/Enclosed Box,1,No Rollover,Disabling Damage,"Two-Way, Divided, Unprotected Median",Four lanes,45 MPH,Straight,Level,Dry,State Highway,Urban,Minor Arterial,Daylight,Clear,1,0,0,No Apparent Injury (O)
16259,Florida,120818,2,2,1,Angle,0,1,"26,001 lbs. or more",Truck Tractor/Semi-Trailer,Flatbed,1,No Rollover,Disabling Damage,"Two-Way, Divided, Unprotected Median",Three lanes,70 MPH,Straight,Level,Dry,Interstate,Rural,Interstate,Dark - Not Lighted,Clear,1,0,0,No Apparent Injury (O)
16307,Florida,120847,1,2,1,Angle,0,1,"26,001 lbs. or more",Truck Tractor/Semi-Trailer,Log,1,No Rollover,Functional Damage,"Two-Way, Not Divided",Two lanes,35 MPH,Straight,Level,Dry,State Highway,Rural,Principal Arterial - Other,Daylight,Clear,1,1,0,No Apparent Injury (O)
16325,Florida,120858,1,1,1,The First Harmful Event was Not a Collision with a Motor Vehicle in Transport,0,1,"26,001 lbs. or more",Truck Tractor/Semi-Trailer,Van/Enclosed Box,1,No Rollover,No Damage,"Two-Way, Not Divided",Two lanes,30 MPH,Straight,Level,Dry,U.S. Highway,Urban,Principal Arterial - Other,Dark - Lighted,Clear,1,0,0,No Apparent Injury (O)
16388,Florida,120889,2,2,1,Front-to-Rear,0,1,"26,001 lbs. or more",Truck Tractor/Semi-Trailer,Flatbed,1,No Rollover,Minor Damage,"Two-Way, Divided, Unprotected Median",Five lanes,45 MPH,Straight,Level,Dry,U.S. Highway,Urban,Principal Arterial - Other,Dark - Not Lighted,Clear,1,0,0,No Apparent Injury (O)
16396,Florida,120893,2,3,1,Front-to-Front,0,1,"26,001 lbs. or more",Truck Tractor/Semi-Trailer,Van/Enclosed Box,1,No Rollover,Disabling Damage,"Two-Way, Not Divided",Two lanes,60 MPH,Curve - Left,Level,Dry,State Highway,Rural,Principal Arterial - Other,Dawn,Cloudy,1,0,3,Suspected Serious Injury (A)
16430,Florida,120910,2,2,1,Sideswipe - Same Direction,0,2,"26,001 lbs. or more",Truck Tractor/Double,Van/Enclosed Box,1,No Rollover,Functional Damage,"Two-Way,  Divided, Positive  Median Barrier",Two lanes,70 MPH,Straight,Level,Dry,State Highway,Urban,Principal Arterial - Other Freeways and Expressways,Dark - Lighted,Clear,1,1,0,No Apparent Injury (O)
16486,Florida,120927,3,3,1,Angle,0,0,"26,001 lbs. or more",Single-Unit Truck (3 or more axles),Dump,1,No Rollover,Functional Damage,"Two-Way,  Divided, Positive  Median Barrier",Seven or more lanes,65 MPH,Straight,Level,Dry,Interstate,Urban,Interstate,Daylight,Clear,1,0,0,No Apparent Injury (O)