,STATENAME,ST_CASE,VEH_NO,VE_FORMS,NUMOCCS,MAN_COLLNAME,HIT_RUN,TOW_VEH,GVWRNAME,V_CONFIGNAME,CARGO_BTNAME,HAZ_INV,ROLLOVERNAME,DEFORMEDNAME,VTRAFWAYNAME,VNUM_LANNAME,VSPD_LIMNAME,VALIGNNAME,VPROFILENAME,VSURCONDNAME,ROUTENAME,RUR_URBNAME,FUNC_SYSNAME,LGT_CONDNAME,WEATHERNAME,FATALS,DRUNK_DR,INJ_SEV,INJ_SEVNAME
24267,Georgia,131296,1,2,1,Front-to-Rear,0,1,"26,001 lbs. or more",Truck Tractor/Semi-Trailer,Van/Enclosed Box,1,No Rollover,Functional Damage,"Two-Way, Not Divided",Two lanes,55 MPH,Straight,"Grade, Unknown Slope",Dry,State Highway,Rural,Minor Arterial,Daylight,Clear,1,0,0,No Apparent Injury (O)
24280,Georgia,131301,2,2,1,Front-to-Rear,0,1,"26,001 lbs. or more",Truck Tractor/Semi-Trailer,Van/Enclosed Box,1,No Rollover,Functional Damage,"Two-Way, Divided, Unprotected Median",Two lanes,70 MPH,Straight,Level,Dry,Interstate,Rural,Interstate,Daylight,Clear,1,1,0,No Apparent Injury (O)
24293,Georgia,131309,2,1,1,The First Harmful Event was Not a Collision with a Motor Vehicle in Transport,0,1,"26,001 lbs. or more",Truck Tractor/Semi-Trailer,Van/Enclosed Box,1,No Rollover,Minor Damage,"Two-Way,  Divided, Positive  Median Barrier",Three lanes,70 MPH,Straight,"Grade, Unknown Slope",Wet,Interstate,Rural,Interstate,Dark - Not Lighted,Sleet or Hail,1,0,0,No Apparent Injury (O)
24308,Georgia,131314,2,2,1,Sideswipe - Opposite Direction,0,1,"26,001 lbs. or more",Truck Tractor/Semi-Trailer,Van/Enclosed Box,1,No Rollover,Disabling Damage,"Two-Way, Not Divided",Three lanes,55 MPH,Curve - Left,"Grade, Unknown Slope",Wet,U.S. Highway,Urban,Minor Arterial,Dusk,Rain,1,0,2,Suspected Minor Injury (B)
24352,Georgia,131332,1,1,1,The First Harmful Event was Not a Collision with a Motor Vehicle in Transport,0,1,"26,001 lbs. or more",Truck Tractor/Semi-Trailer,Van/Enclosed Box,1,No Rollover,Disabling Damage,"Two-Way, Not Divided",Two lanes,55 MPH,Curve - Left,"Grade, Unknown Slope",Dry,U.S. Highway,Rural,Principal Arterial - Other,Daylight,Clear,1,0,4,Fatal Injury (K)
24433,Georgia,131367,2,2,3,Front-to-Front,0,0,"26,001 lbs. or more","Single-Unit Truck (2- axle and GVWR more than 10,000 lbs)",Other,1,No Rollover,Functional Damage,"Two-Way, Not Divided",Two lanes,30 MPH,Straight,Level,Dry,Local Street - Municipality,Urban,Local,Dark - Lighted,Clear,1,0,0,No Apparent Injury (O)
24434,Georgia,131367,2,2,3,Front-to-Front,0,0,"26,001 lbs. or more","Single-Unit Truck (2- axle and GVWR more than 10,000 lbs)",Other,1,No Rollover,Functional Damage,"Two-Way, Not Divided",Two lanes,30 MPH,Straight,Level,Dry,Local Street - Municipality,Urban,Local,Dark - Lighted,Clear,1,0,0,No Apparent Injury (O)
24435,Georgia,131367,2,2,3,Front-to-Front,0,0,"26,001 lbs. or more","Single-Unit Truck (2- axle and GVWR more than 10,000 lbs)",Other,1,No Rollover,Functional Damage,"Two-Way, Not Divided",Two lanes,30 MPH,Straight,Level,Dry,Local Street - Municipality,Urban,Local,Dark - Lighted,Clear,1,0,0,No Apparent Injury (O)
24446,Georgia,131372,2,2,1,Angle,0,2,"26,001 lbs. or more",Truck Tractor/Double,Cargo Tank,1,No Rollover,Disabling Damage,"Two-Way, Not Divided",Two lanes,55 MPH,Straight,"Grade, Unknown Slope",Wet,State Highway,Urban,Minor Arterial,Daylight,Cloudy,1,0,2,Suspected Minor Injury (B)
24658,Hawaii,150082,2,3,1,Sideswipe - Same Direction,0,0,"26,001 lbs. or more",Single-Unit Truck (3 or more axles),Dump,1,No Rollover,Functional Damage,"Two-Way,  Divided, Positive  Median Barrier",Four lanes,55 MPH,Straight,Level,Dry,Interstate,Urban,Interstate,Daylight,Clear,1,0,2,Suspected Minor Injury (B)
24712,Idaho,160001,2,2,1,Angle,0,1,"26,001 lbs. or more","Truck More Than 10,000 lbs, Cannot Classify",Van/Enclosed Box,1,No Rollover,Disabling Damage,"Two-Way, Not Divided With a Continuous Left-Turn Lane",Three lanes,65 MPH,Straight,Level,Wet,U.S. Highway,Rural,Principal Arterial - Other,Dusk,Cloudy,1,0,0,No Apparent Injury (O)
24714,Idaho,160002,2,2,1,Front-to-Front,0,0,"26,001 lbs. or more","Truck More Than 10,000 lbs, Cannot Classify",Other,1,No Rollover,Functional Damage,"Two-Way, Not Divided",Two lanes,65 MPH,Curve - Left,Level,Dry,U.S. Highway,Rural,Principal Arterial - Other,Dark - Not Lighted,Clear,1,1,0,No Apparent Injury (O)
24720,Idaho,160005,2,2,1,Rear-to-Side,0,1,"26,001 lbs. or more","Truck More Than 10,000 lbs, Cannot Classify",Flatbed,1,No Rollover,Functional Damage,"Two-Way, Divided, Unprotected Median",Two lanes,80 MPH,Straight,Level,Dry,Interstate,Urban,Interstate,Daylight,Clear,1,0,0,No Apparent Injury (O)
24726,Idaho,160008,2,2,1,The First Harmful Event was Not a Collision with a Motor Vehicle in Transport,0,0,"26,001 lbs. or more","Truck More Than 10,000 lbs, Cannot Classify",Other,1,No Rollover,Disabling Damage,"Two-Way,  Divided, Positive  Median Barrier",Two lanes,65 MPH,Straight,Level,Snow,Interstate,Rural,Interstate,Daylight,Cloudy,1,0,0,No Apparent Injury (O)
24745,Idaho,160016,2,2,1,Angle,0,2,"26,001 lbs. or more",Truck Tractor/Double,Flatbed,1,No Rollover,Functional Damage,"Two-Way, Not Divided",Two lanes,65 MPH,Straight,Level,Ice/Frost,State Highway,Rural,Minor Arterial,Dark - Not Lighted,Cloudy,1,0,0,No Apparent Injury (O)
24774,Idaho,160027,2,2,1,Front-to-Front,0,1,"26,001 lbs. or more","Truck More Than 10,000 lbs, Cannot Classify",Intermodal Container Chassis,1,No Rollover,Disabling Damage,"Two-Way, Not Divided",Two lanes,55 MPH,Straight,Level,Dry,U.S. Highway,Urban,Minor Arterial,Dark - Not Lighted,Clear,1,1,1,Possible Injury (C)
24794,Idaho,160041,2,2,2,Front-to-Rear,0,0,"26,001 lbs. or more","Single-Unit Truck (2- axle and GVWR more than 10,000 lbs)",Garbage/Refuse,1,No Rollover,Functional Damage,"Two-Way, Not Divided With a Continuous Left-Turn Lane",Three lanes,55 MPH,Straight,Level,Dry,State Highway,Urban,Principal Arterial - Other,Dark - Not Lighted,Cloudy,1,0,0,No Apparent Injury (O)
24795,Idaho,160041,2,2,2,Front-to-Rear,0,0,"26,001 lbs. or more","Single-Unit Truck (2- axle and GVWR more than 10,000 lbs)",Garbage/Refuse,1,No Rollover,Functional Damage,"Two-Way, Not Divided With a Continuous Left-Turn Lane",Three lanes,55 MPH,Straight,Level,Dry,State Highway,Urban,Principal Arterial - Other,Dark - Not Lighted,Cloudy,1,0,0,No Apparent Injury (O)
24797,Idaho,160042,2,2,2,Front-to-Rear,0,1,"26,001 lbs. or more","Truck More Than 10,000 lbs, Cannot Classify",Van/Enclosed Box,1,No Rollover,Minor Damage,"Two-Way, Divided, Unprotected Median",Two lanes,80 MPH,Straight,Level,Dry,Interstate,Rural,Interstate,Daylight,Clear,1,0,0,No Apparent Injury (O)
24798,Idaho,160042,2,2,2,Front-to-Rear,0,1,"26,001 lbs. or more","Truck More Than 10,000 lbs, Cannot Classify",Van/Enclosed Box,1,No Rollover,Minor Damage,"Two-Way, Divided, Unprotected Median",Two lanes,80 MPH,Straight,Level,Dry,Interstate,Rural,Interstate,Daylight,Clear,1,0,0,No Apparent Injury (O)
24801,Idaho,160043,2,2,1,Front-to-Front,0,1,"26,001 lbs. or more","Truck More Than 10,000 lbs, Cannot Classify",Cargo Tank,1,No Rollover,Disabling Damage,"Two-Way, Not Divided",Two lanes,65 MPH,Straight,Level,Dry,State Highway,Rural,Major Collector,Daylight,Clear,2,0,0,No Apparent Injury (O)
24818,Idaho,160054,1,7,1,Front-to-Rear,0,1,"26,001 lbs. or more",Truck Tractor/Semi-Trailer,Van/Enclosed Box,1,No Rollover,Functional Damage,"Two-Way, Divided, Unprotected Median",Two lanes,80 MPH,Straight,Level,Wet,Interstate,Rural,Interstate,Daylight,Rain,1,0,0,No Apparent Injury (O)
24819,Idaho,160054,2,7,1,Front-to-Rear,0,0,"26,001 lbs. or more","Single-Unit Truck (2- axle and GVWR more than 10,000 lbs)",Other,1,No Rollover,Functional Damage,"Two-Way, Divided, Unprotected Median",Two lanes,80 MPH,Straight,Level,Wet,Interstate,Rural,Interstate,Daylight,Rain,1,0,0,No Apparent Injury (O)
24820,Idaho,160054,3,7,1,Front-to-Rear,0,1,"26,001 lbs. or more","Truck More Than 10,000 lbs, Cannot Classify",Intermodal Container Chassis,1,No Rollover,Disabling Damage,"Two-Way, Divided, Unprotected Median",Two lanes,80 MPH,Straight,Level,Wet,Interstate,Rural,Interstate,Daylight,Rain,1,0,1,Possible Injury (C)
24821,Idaho,160054,4,7,1,Front-to-Rear,0,1,"26,001 lbs. or more","Truck More Than 10,000 lbs, Cannot Classify",Van/Enclosed Box,1,No Rollover,Functional Damage,"Two-Way, Divided, Unprotected Median",Two lanes,80 MPH,Straight,Level,Wet,Interstate,Rural,Interstate,Daylight,Rain,1,0,1,Possible Injury (C)
24828,Idaho,160055,2,2,1,Angle,0,3,"26,001 lbs. or more",Truck Tractor/Triple,Flatbed,1,No Rollover,Disabling Damage,"Two-Way, Divided, Unprotected Median",Four lanes,65 MPH,Straight,Level,Dry,State Highway,Rural,Minor Arterial,Daylight,Clear,1,0,2,Suspected Minor Injury (B)
24850,Idaho,160068,2,2,1,Front-to-Front,0,2,"26,001 lbs. or more",Truck Tractor/Double,Grain/ Chips/ Gravel,1,No Rollover,Disabling Damage,"Two-Way, Divided, Unprotected Median",Two lanes,80 MPH,Straight,Level,Dry,Interstate,Rural,Interstate,Daylight,Clear,1,0,2,Suspected Minor Injury (B)
24889,Idaho,160090,2,2,1,Sideswipe - Opposite Direction,0,2,"26,001 lbs. or more",Truck Pulling Trailer(s),Van/Enclosed Box,1,No Rollover,No Damage,"Two-Way, Divided, Unprotected Median",Two lanes,55 MPH,Straight,Level,Dry,State Highway,Rural,Principal Arterial - Other,Daylight,Clear,1,0,0,No Apparent Injury (O)
24890,Idaho,160091,1,1,1,The First Harmful Event was Not a Collision with a Motor Vehicle in Transport,0,0,"26,001 lbs. or more",Single-Unit Truck (3 or more axles),Concrete Mixer,1,"Rollover, Tripped by Object/Vehicle",Disabling Damage,"Two-Way, Not Divided",Two lanes,55 MPH,Curve - Right,Level,Dry,State Highway,Rural,Minor Arterial,Daylight,Clear,1,0,4,Fatal Injury (K)
24902,Idaho,160095,2,2,1,Angle,0,1,"26,001 lbs. or more","Truck More Than 10,000 lbs, Cannot Classify",Log,1,No Rollover,Minor Damage,"Two-Way, Divided, Unprotected Median",Three lanes,35 MPH,Straight,Downhill,Dry,U.S. Highway,Urban,Principal Arterial - Other,Daylight,Clear,1,0,0,No Apparent Injury (O)
24940,Idaho,160109,2,2,1,Front-to-Rear,0,1,"26,001 lbs. or more","Truck More Than 10,000 lbs, Cannot Classify",Other,1,No Rollover,Functional Damage,"Two-Way, Divided, Unprotected Median",Two lanes,50 MPH,Curve - Left,Level,Dry,U.S. Highway,Rural,Principal Arterial - Other Freeways and Expressways,Daylight,Cloudy,1,0,0,No Apparent Injury (O)
24942,Idaho,160111,1,1,1,The First Harmful Event was Not a Collision with a Motor Vehicle in Transport,0,1,"26,001 lbs. or more","Truck More Than 10,000 lbs, Cannot Classify",Van/Enclosed Box,1,No Rollover,Disabling Damage,Entrance/Exit Ramp,One lane,65 MPH,Curve - Right,"Grade, Unknown Slope",Dry,Interstate,Rural,Interstate,Daylight,Clear,1,0,4,Fatal Injury (K)
24957,Idaho,160119,1,2,2,Other,0,1,"26,001 lbs. or more","Truck More Than 10,000 lbs, Cannot Classify",Van/Enclosed Box,1,No Rollover,Minor Damage,"Two-Way, Not Divided",Three lanes,60 MPH,Curve - Right,"Grade, Unknown Slope",Dry,U.S. Highway,Rural,Principal Arterial - Other,Daylight,Clear,1,0,0,No Apparent Injury (O)
24958,Idaho,160119,1,2,2,Other,0,1,"26,001 lbs. or more","Truck More Than 10,000 lbs, Cannot Classify",Van/Enclosed Box,1,No Rollover,Minor Damage,"Two-Way, Not Divided",Three lanes,60 MPH,Curve - Right,"Grade, Unknown Slope",Dry,U.S. Highway,Rural,Principal Arterial - Other,Daylight,Clear,1,0,0,No Apparent Injury (O)
24961,Idaho,160120,1,1,2,The First Harmful Event was Not a Collision with a Motor Vehicle in Transport,0,1,"26,001 lbs. or more","Truck More Than 10,000 lbs, Cannot Classify",Other,1,"Rollover, Tripped by Object/Vehicle",Disabling Damage,"Two-Way, Divided, Unprotected Median",Two lanes,80 MPH,Curve - Left,"Grade, Unknown Slope",Dry,Interstate,Rural,Interstate,Daylight,Clear,1,0,0,No Apparent Injury (O)
24962,Idaho,160120,1,1,2,The First Harmful Event was Not a Collision with a Motor Vehicle in Transport,0,1,"26,001 lbs. or more","Truck More Than 10,000 lbs, Cannot Classify",Other,1,"Rollover, Tripped by Object/Vehicle",Disabling Damage,"Two-Way, Divided, Unprotected Median",Two lanes,80 MPH,Curve - Left,"Grade, Unknown Slope",Dry,Interstate,Rural,Interstate,Daylight,Clear,1,0,4,Fatal Injury (K)
25001,Idaho,160137,2,2,1,Front-to-Rear,0,1,"26,001 lbs. or more","Truck More Than 10,000 lbs, Cannot Classify",Grain/ Chips/ Gravel,1,No Rollover,Minor Damage,"Two-Way, Divided, Unprotected Median",Two lanes,65 MPH,Straight,Level,Dry,Interstate,Rural,Interstate,Dark - Lighted,Clear,1,1,0,No Apparent Injury (O)
25009,Idaho,160141,2,3,2,Front-to-Front,0,1,"26,001 lbs. or more",Truck Pulling Trailer(s),Flatbed,1,No Rollover,Disabling Damage,"Two-Way, Not Divided",Two lanes,60 MPH,Straight,Level,Dry,U.S. Highway,Rural,Principal Arterial - Other,Daylight,Clear,1,0,3,Suspected Serious Injury (A)
25010,Idaho,160141,2,3,2,Front-to-Front,0,1,"26,001 lbs. or more",Truck Pulling Trailer(s),Flatbed,1,No Rollover,Disabling Damage,"Two-Way, Not Divided",Two lanes,60 MPH,Straight,Level,Dry,U.S. Highway,Rural,Principal Arterial - Other,Daylight,Clear,1,0,3,Suspected Serious Injury (A)
25092,Idaho,160178,2,2,1,Front-to-Front,0,2,"26,001 lbs. or more",Truck Tractor/Double,Flatbed,1,No Rollover,Disabling Damage,"Two-Way, Not Divided",Two lanes,65 MPH,Curve - Left,Level,Wet,U.S. Highway,Rural,Principal Arterial - Other,Dark - Not Lighted,Cloudy,1,1,0,No Apparent Injury (O)
25139,Idaho,160195,2,2,1,Front-to-Front,0,1,"26,001 lbs. or more",Truck Pulling Trailer(s),Log,1,No Rollover,Disabling Damage,"Two-Way, Not Divided",Four lanes,65 MPH,Straight,"Grade, Unknown Slope",Snow,U.S. Highway,Rural,Principal Arterial - Other,Dark - Not Lighted,Snow,1,0,0,No Apparent Injury (O)
25209,Illinois,170027,2,2,1,Rear-to-Side,0,0,"26,001 lbs. or more",Single-Unit Truck (3 or more axles),Dump,1,No Rollover,Functional Damage,"Two-Way,  Divided, Positive  Median Barrier",Four lanes,55 MPH,Straight,Level,Snow,Interstate,Urban,Interstate,Dark - Lighted,Snow,1,0,3,Suspected Serious Injury (A)
25214,Illinois,170031,1,4,1,Front-to-Rear,0,1,"26,001 lbs. or more",Truck Tractor/Semi-Trailer,Dump,1,No Rollover,Functional Damage,"Two-Way, Not Divided",Four lanes,35 MPH,Straight,"Grade, Unknown Slope",Dry,County Road,Urban,Principal Arterial - Other,Daylight,Clear,1,0,0,No Apparent Injury (O)
25271,Illinois,170061,1,1,1,The First Harmful Event was Not a Collision with a Motor Vehicle in Transport,0,1,"26,001 lbs. or more",Truck Tractor/Semi-Trailer,Flatbed,1,No Rollover,No Damage,"Two-Way, Divided, Unprotected Median",Five lanes,30 MPH,Straight,Level,Dry,State Highway,Urban,Principal Arterial - Other,Daylight,Clear,1,0,0,No Apparent Injury (O)
25297,Illinois,170071,2,2,2,Front-to-Rear,0,1,"26,001 lbs. or more",Truck Tractor/Semi-Trailer,Van/Enclosed Box,1,No Rollover,No Damage,"Two-Way, Not Divided",Two lanes,55 MPH,Straight,Level,Dry,State Highway,Rural,Principal Arterial - Other,Daylight,Clear,1,0,0,No Apparent Injury (O)
25298,Illinois,170071,2,2,2,Front-to-Rear,0,1,"26,001 lbs. or more",Truck Tractor/Semi-Trailer,Van/Enclosed Box,1,No Rollover,No Damage,"Two-Way, Not Divided",Two lanes,55 MPH,Straight,Level,Dry,State Highway,Rural,Principal Arterial - Other,Daylight,Clear,1,0,0,No Apparent Injury (O)
25362,Illinois,170104,2,2,1,Sideswipe - Same Direction,0,1,"26,001 lbs. or more",Truck Tractor/Semi-Trailer,Van/Enclosed Box,1,No Rollover,Disabling Damage,"Two-Way,  Divided, Positive  Median Barrier",Two lanes,65 MPH,Straight,"Grade, Unknown Slope",Dry,Interstate,Urban,Interstate,Daylight,Clear,1,0,0,No Apparent Injury (O)
25388,Illinois,170116,2,2,1,Sideswipe - Opposite Direction,0,1,"26,001 lbs. or more",Truck Tractor/Semi-Trailer,Cargo Tank,1,No Rollover,Disabling Damage,"Two-Way, Not Divided",Two lanes,55 MPH,Straight,Level,Wet,U.S. Highway,Rural,Principal Arterial - Other,Dark - Not Lighted,Rain,1,1,2,Suspected Minor Injury (B)
25453,Illinois,170140,2,2,1,Angle,0,0,"26,001 lbs. or more",Single-Unit Truck (3 or more axles),Van/Enclosed Box,1,No Rollover,Disabling Damage,"Two-Way, Not Divided",Five lanes,30 MPH,Straight,Level,Dry,Local Street - Municipality,Urban,Principal Arterial - Other,Dark - Lighted,Clear,2,0,0,No Apparent Injury (O)
25495,Illinois,170162,2,3,1,Angle,0,1,"26,001 lbs. or more",Truck Tractor/Semi-Trailer,Cargo Tank,1,"Rollover, Tripped by Object/Vehicle",Disabling Damage,"Two-Way,  Divided, Positive  Median Barrier",Three lanes,55 MPH,Straight,Level,Dry,Interstate,Urban,Interstate,Daylight,Clear,1,0,0,No Apparent Injury (O)
25535,Illinois,170183,1,2,1,The First Harmful Event was Not a Collision with a Motor Vehicle in Transport,0,1,"26,001 lbs. or more",Truck Tractor/Semi-Trailer,Dump,1,No Rollover,Disabling Damage,"Two-Way, Not Divided",Two lanes,55 MPH,Straight,Level,Dry,County Road,Urban,Minor Arterial,Dawn,Clear,1,0,0,No Apparent Injury (O)
25634,Illinois,170225,1,1,1,The First Harmful Event was Not a Collision with a Motor Vehicle in Transport,0,1,"26,001 lbs. or more",Truck Tractor/Semi-Trailer,Van/Enclosed Box,1,No Rollover,No Damage,"Two-Way, Not Divided With a Continuous Left-Turn Lane",Five lanes,35 MPH,Straight,Level,Dry,U.S. Highway,Urban,Principal Arterial - Other,Daylight,Clear,1,0,0,No Apparent Injury (O)
25646,Illinois,170230,2,2,1,Front-to-Front,0,1,"26,001 lbs. or more",Truck Tractor/Semi-Trailer,Van/Enclosed Box,1,No Rollover,Disabling Damage,"Two-Way, Not Divided",Two lanes,55 MPH,Straight,Level,Dry,State Highway,Rural,Minor Arterial,Daylight,Clear,2,0,0,No Apparent Injury (O)
25653,Illinois,170231,2,2,1,Front-to-Rear,0,1,"26,001 lbs. or more",Truck Tractor/Semi-Trailer,Van/Enclosed Box,1,No Rollover,Functional Damage,"Two-Way, Divided, Unprotected Median",Two lanes,70 MPH,Straight,Level,Wet,Interstate,Urban,Interstate,Daylight,Rain,5,0,1,Possible Injury (C)
25668,Illinois,170238,2,2,1,Front-to-Front,0,1,"26,001 lbs. or more",Truck Tractor/Semi-Trailer,Van/Enclosed Box,1,No Rollover,Disabling Damage,"Two-Way, Not Divided",Two lanes,30 MPH,Straight,Level,Dry,Local Street - Township,Rural,Local,Dark - Not Lighted,Clear,1,0,0,No Apparent Injury (O)
25676,Illinois,170242,2,2,1,Angle,0,1,"26,001 lbs. or more",Truck Tractor/Semi-Trailer,Dump,1,No Rollover,Disabling Damage,"Two-Way, Divided, Unprotected Median",Five lanes,45 MPH,Straight,Level,Dry,State Highway,Urban,Principal Arterial - Other,Daylight,Cloudy,1,0,0,No Apparent Injury (O)
25691,Illinois,170251,2,2,1,Angle,0,1,"26,001 lbs. or more",Truck Tractor/Semi-Trailer,Cargo Tank,1,No Rollover,Functional Damage,"Two-Way, Divided, Unprotected Median",Three lanes,55 MPH,Straight,Level,Dry,State Highway,Urban,Principal Arterial - Other,Daylight,Clear,1,1,0,No Apparent Injury (O)
25714,Illinois,170264,2,2,1,Front-to-Rear,0,1,"26,001 lbs. or more",Truck Tractor/Semi-Trailer,Van/Enclosed Box,1,No Rollover,Disabling Damage,"Two-Way,  Divided, Positive  Median Barrier",Three lanes,55 MPH,Straight,Level,Wet,Interstate,Urban,Interstate,Dark - Lighted,Rain,1,1,0,No Apparent Injury (O)
25741,Illinois,170275,2,3,2,Sideswipe - Opposite Direction,0,1,"26,001 lbs. or more",Truck Tractor/Semi-Trailer,Cargo Tank,1,No Rollover,Disabling Damage,"Two-Way, Divided, Unprotected Median",Three lanes,65 MPH,Curve - Left,"Grade, Unknown Slope",Dry,Interstate,Urban,Interstate,Daylight,Clear,1,0,0,No Apparent Injury (O)
25742,Illinois,170275,2,3,2,Sideswipe - Opposite Direction,0,1,"26,001 lbs. or more",Truck Tractor/Semi-Trailer,Cargo Tank,1,No Rollover,Disabling Damage,"Two-Way, Divided, Unprotected Median",Three lanes,65 MPH,Curve - Left,"Grade, Unknown Slope",Dry,Interstate,Urban,Interstate,Daylight,Clear,1,0,0,No Apparent Injury (O)
25973,Illinois,170375,1,8,1,Front-to-Rear,0,1,"26,001 lbs. or more",Truck Tractor/Semi-Trailer,Van/Enclosed Box,1,No Rollover,Disabling Damage,"Two-Way, Divided, Unprotected Median",Two lanes,70 MPH,Straight,Level,Dry,Interstate,Urban,Interstate,Daylight,Clear,3,0,0,No Apparent Injury (O)
26056,Illinois,170408,1,2,1,The First Harmful Event was Not a Collision with a Motor Vehicle in Transport,0,1,"26,001 lbs. or more",Truck Tractor/Semi-Trailer,Cargo Tank,1,No Rollover,Disabling Damage,"Two-Way,  Divided, Positive  Median Barrier",One lane,55 MPH,Straight,Level,Dry,Interstate,Rural,Interstate,Daylight,Clear,1,1,4,Fatal Injury (K)
26063,Illinois,170410,2,2,1,Front-to-Front,0,1,"26,001 lbs. or more",Truck Tractor/Semi-Trailer,Van/Enclosed Box,1,No Rollover,Disabling Damage,"Two-Way, Not Divided",Two lanes,55 MPH,Straight,Level,Dry,U.S. Highway,Rural,Principal Arterial - Other,Daylight,Clear,1,0,2,Suspected Minor Injury (B)
26068,Illinois,170413,1,1,2,The First Harmful Event was Not a Collision with a Motor Vehicle in Transport,0,1,"26,001 lbs. or more",Truck Tractor/Semi-Trailer,Dump,1,"Rollover, Tripped by Object/Vehicle",Disabling Damage,"Two-Way, Not Divided",Two lanes,55 MPH,Curve - Left,Level,Dry,County Road,Rural,Major Collector,Daylight,Clear,1,0,3,Suspected Serious Injury (A)
26069,Illinois,170413,1,1,2,The First Harmful Event was Not a Collision with a Motor Vehicle in Transport,0,1,"26,001 lbs. or more",Truck Tractor/Semi-Trailer,Dump,1,"Rollover, Tripped by Object/Vehicle",Disabling Damage,"Two-Way, Not Divided",Two lanes,55 MPH,Curve - Left,Level,Dry,County Road,Rural,Major Collector,Daylight,Clear,1,0,4,Fatal Injury (K)
26071,Illinois,170415,1,2,1,Angle,0,1,"26,001 lbs. or more",Truck Tractor/Semi-Trailer,Van/Enclosed Box,1,No Rollover,Minor Damage,"Two-Way, Not Divided",Two lanes,40 MPH,Straight,Level,Dry,State Highway,Urban,Principal Arterial - Other,Daylight,Clear,1,0,1,Possible Injury (C)
26078,Illinois,170417,1,2,1,Front-to-Rear,0,1,"26,001 lbs. or more",Truck Tractor/Semi-Trailer,Van/Enclosed Box,1,No Rollover,Minor Damage,"Two-Way, Divided, Unprotected Median",Two lanes,70 MPH,Straight,Level,Dry,Interstate,Rural,Interstate,Daylight,Clear,1,0,0,No Apparent Injury (O)
26079,Illinois,170417,2,2,1,Front-to-Rear,0,1,"26,001 lbs. or more",Truck Tractor/Semi-Trailer,Van/Enclosed Box,1,No Rollover,Disabling Damage,"Two-Way, Divided, Unprotected Median",Two lanes,70 MPH,Straight,Level,Dry,Interstate,Rural,Interstate,Daylight,Clear,1,0,4,Fatal Injury (K)
26097,Illinois,170428,1,2,1,The First Harmful Event was Not a Collision with a Motor Vehicle in Transport,0,1,"26,001 lbs. or more",Truck Tractor/Semi-Trailer,Cargo Tank,1,No Rollover,Disabling Damage,"Two-Way,  Divided, Positive  Median Barrier",Three lanes,55 MPH,Straight,Level,Dry,Interstate,Urban,Interstate,Dark - Lighted,Clear,1,0,4,Fatal Injury (K)
26110,Illinois,170432,2,2,1,Angle,0,1,"26,001 lbs. or more",Truck Tractor/Semi-Trailer,Van/Enclosed Box,1,No Rollover,Disabling Damage,"Two-Way, Divided, Unprotected Median",Two lanes,70 MPH,Straight,Level,Dry,Interstate,Rural,Interstate,Daylight,Clear,2,0,0,No Apparent Injury (O)
26114,Illinois,170434,2,2,1,Sideswipe - Same Direction,0,1,"26,001 lbs. or more",Truck Tractor/Semi-Trailer,Other,1,No Rollover,Disabling Damage,"Two-Way,  Divided, Positive  Median Barrier",Three lanes,65 MPH,Straight,Level,Dry,Interstate,Urban,Interstate,Daylight,Clear,1,0,0,No Apparent Injury (O)
26125,Illinois,170440,1,4,2,Front-to-Rear,0,2,"26,001 lbs. or more",Truck Tractor/Double,Van/Enclosed Box,1,No Rollover,Disabling Damage,"Two-Way,  Divided, Positive  Median Barrier",One lane,55 MPH,Straight,Level,Dry,Interstate,Rural,Interstate,Daylight,Clear,3,0,2,Suspected Minor Injury (B)
26126,Illinois,170440,1,4,2,Front-to-Rear,0,2,"26,001 lbs. or more",Truck Tractor/Double,Van/Enclosed Box,1,No Rollover,Disabling Damage,"Two-Way,  Divided, Positive  Median Barrier",One lane,55 MPH,Straight,Level,Dry,Interstate,Rural,Interstate,Daylight,Clear,3,0,3,Suspected Serious Injury (A)
26164,Illinois,170450,2,2,1,Front-to-Front,0,0,"26,001 lbs. or more",Single-Unit Truck (3 or more axles),Dump,1,"Rollover, Tripped by Object/Vehicle",Disabling Damage,"Two-Way, Not Divided",Two lanes,55 MPH,Straight,Level,Dry,County Road,Rural,Major Collector,Daylight,Clear,1,0,2,Suspected Minor Injury (B)
26174,Illinois,170457,1,5,1,Front-to-Rear,0,1,"26,001 lbs. or more",Truck Tractor/Semi-Trailer,Van/Enclosed Box,1,No Rollover,Disabling Damage,"Two-Way, Divided, Unprotected Median",Two lanes,60 MPH,Straight,Level,Dry,Interstate,Urban,Interstate,Daylight,Clear,1,0,4,Fatal Injury (K)
26176,Illinois,170457,3,5,1,Front-to-Rear,0,1,"26,001 lbs. or more",Truck Tractor/Semi-Trailer,Van/Enclosed Box,1,No Rollover,Disabling Damage,"Two-Way, Divided, Unprotected Median",Two lanes,60 MPH,Straight,Level,Dry,Interstate,Urban,Interstate,Daylight,Clear,1,0,0,No Apparent Injury (O)