,STATENAME,ST_CASE,VEH_NO,VE_FORMS,NUMOCCS,MAN_COLLNAME,HIT_RUN,TOW_VEH,GVWRNAME,V_CONFIGNAME,CARGO_BTNAME,HAZ_INV,ROLLOVERNAME,DEFORMEDNAME,VTRAFWAYNAME,VNUM_LANNAME,VSPD_LIMNAME,VALIGNNAME,VPROFILENAME,VSURCONDNAME,ROUTENAME,RUR_URBNAME,FUNC_SYSNAME,LGT_CONDNAME,WEATHERNAME,FATALS,DRUNK_DR,INJ_SEV,INJ_SEVNAME
44782,New Mexico,350329,2,2,1,Not Reported,0,1,"26,001 lbs. or more",Truck Tractor/Semi-Trailer,Grain/ Chips/ Gravel,1,No Rollover,Disabling Damage,"Two-Way, Not Divided",Two lanes,45 MPH,Straight,Level,Dry,U.S. Highway,Rural,Principal Arterial - Other,Daylight,Clear,1,0,1,Possible Injury (C)
44811,New Mexico,350344,1,2,1,The First Harmful Event was Not a Collision with a Motor Vehicle in Transport,0,1,"26,001 lbs. or more",Truck Tractor/Semi-Trailer,Cargo Tank,1,"Rollover, Untripped",Disabling Damage,"Two-Way, Not Divided",Two lanes,30 MPH,Straight,Level,Dry,County Road,Rural,Local,Daylight,Clear,1,0,4,Fatal Injury (K)
44816,New Mexico,350346,1,1,1,The First Harmful Event was Not a Collision with a Motor Vehicle in Transport,1,1,"26,001 lbs. or more",Truck Tractor/Semi-Trailer,Van/Enclosed Box,1,No Rollover,Minor Damage,"Two-Way, Divided, Unprotected Median",Two lanes,75 MPH,Straight,Level,Dry,Interstate,Rural,Interstate,Dark - Not Lighted,Clear,1,0,0,No Apparent Injury (O)
44832,New Mexico,350352,1,1,2,The First Harmful Event was Not a Collision with a Motor Vehicle in Transport,0,1,"26,001 lbs. or more",Truck Tractor/Semi-Trailer,Van/Enclosed Box,1,No Rollover,Disabling Damage,"Two-Way, Divided, Unprotected Median",Two lanes,75 MPH,Straight,Level,Ice/Frost,Interstate,Rural,Interstate,Dark - Not Lighted,Snow,1,0,0,No Apparent Injury (O)
44833,New Mexico,350352,1,1,2,The First Harmful Event was Not a Collision with a Motor Vehicle in Transport,0,1,"26,001 lbs. or more",Truck Tractor/Semi-Trailer,Van/Enclosed Box,1,No Rollover,Disabling Damage,"Two-Way, Divided, Unprotected Median",Two lanes,75 MPH,Straight,Level,Ice/Frost,Interstate,Rural,Interstate,Dark - Not Lighted,Snow,1,0,0,No Apparent Injury (O)
44850,New Mexico,350363,2,2,3,Front-to-Front,0,1,"26,001 lbs. or more",Truck Tractor/Semi-Trailer,Van/Enclosed Box,1,"Rollover, Tripped by Object/Vehicle",Disabling Damage,"Two-Way, Not Divided",Two lanes,55 MPH,Curve - Left,Level,Dry,Local Street - Municipality,Rural,Minor Arterial,Dark - Not Lighted,Clear,1,1,0,No Apparent Injury (O)
44851,New Mexico,350363,2,2,3,Front-to-Front,0,1,"26,001 lbs. or more",Truck Tractor/Semi-Trailer,Van/Enclosed Box,1,"Rollover, Tripped by Object/Vehicle",Disabling Damage,"Two-Way, Not Divided",Two lanes,55 MPH,Curve - Left,Level,Dry,Local Street - Municipality,Rural,Minor Arterial,Dark - Not Lighted,Clear,1,1,0,No Apparent Injury (O)
44852,New Mexico,350363,2,2,3,Front-to-Front,0,1,"26,001 lbs. or more",Truck Tractor/Semi-Trailer,Van/Enclosed Box,1,"Rollover, Tripped by Object/Vehicle",Disabling Damage,"Two-Way, Not Divided",Two lanes,55 MPH,Curve - Left,Level,Dry,Local Street - Municipality,Rural,Minor Arterial,Dark - Not Lighted,Clear,1,1,0,No Apparent Injury (O)
44876,New York,360004,1,1,1,The First Harmful Event was Not a Collision with a Motor Vehicle in Transport,1,0,"26,001 lbs. or more","Truck More Than 10,000 lbs, Cannot Classify",Grain/ Chips/ Gravel,1,No Rollover,No Damage,"Two-Way, Not Divided",Three lanes,25 MPH,Straight,Level,Wet,Local Street - Municipality,Urban,Minor Arterial,Dark - Lighted,Clear,1,0,0,No Apparent Injury (O)
44919,New York,360029,1,1,1,The First Harmful Event was Not a Collision with a Motor Vehicle in Transport,0,0,"26,001 lbs. or more",Single-Unit Truck (3 or more axles),Other,2,No Rollover,No Damage,One-Way Trafficway,Four lanes,25 MPH,Straight,Level,Dry,Local Street - Municipality,Urban,Principal Arterial - Other,Dark - Lighted,Clear,1,0,0,No Apparent Injury (O)
44929,New York,360035,1,3,1,The First Harmful Event was Not a Collision with a Motor Vehicle in Transport,0,1,"26,001 lbs. or more",Truck Tractor/Semi-Trailer,Van/Enclosed Box,1,No Rollover,Disabling Damage,"Two-Way,  Divided, Positive  Median Barrier",Three lanes,55 MPH,Straight,Level,Wet,State Highway,Urban,Principal Arterial - Other Freeways and Expressways,Daylight,Snow,2,0,4,Fatal Injury (K)
44960,New York,360050,1,1,1,The First Harmful Event was Not a Collision with a Motor Vehicle in Transport,0,0,"26,001 lbs. or more",Single-Unit Truck (3 or more axles),Cargo Tank,2,No Rollover,No Damage,One-Way Trafficway,Two lanes,25 MPH,Straight,Level,Dry,Local Street - Municipality,Urban,Major Collector,Dark - Lighted,Clear,1,0,0,No Apparent Injury (O)
45054,New York,360104,2,2,1,Front-to-Front,0,1,"26,001 lbs. or more",Truck Tractor/Semi-Trailer,Van/Enclosed Box,1,No Rollover,Disabling Damage,"Two-Way, Not Divided",Two lanes,55 MPH,Curve - Left,Level,Dry,State Highway,Rural,Principal Arterial - Other,Daylight,Cloudy,1,0,3,Suspected Serious Injury (A)
45067,New York,360109,1,1,1,The First Harmful Event was Not a Collision with a Motor Vehicle in Transport,1,1,"26,001 lbs. or more",Truck Tractor/Semi-Trailer,Van/Enclosed Box,1,No Rollover,No Damage,"Two-Way, Not Divided",Two lanes,30 MPH,Curve - Unknown Direction,Level,Dry,State Highway,Rural,Major Collector,Dusk,Clear,1,0,0,No Apparent Injury (O)
45177,New York,360167,1,1,1,The First Harmful Event was Not a Collision with a Motor Vehicle in Transport,1,1,"26,001 lbs. or more",Truck Tractor/Semi-Trailer,Flatbed,1,No Rollover,No Damage,"Two-Way, Not Divided",Two lanes,25 MPH,Straight,Level,Dry,Local Street - Municipality,Urban,Principal Arterial - Other,Dark - Lighted,Cloudy,1,0,0,No Apparent Injury (O)
45192,New York,360178,1,1,1,The First Harmful Event was Not a Collision with a Motor Vehicle in Transport,0,1,"26,001 lbs. or more",Truck Tractor/Semi-Trailer,Van/Enclosed Box,1,No Rollover,Disabling Damage,"Two-Way,  Divided, Positive  Median Barrier",Three lanes,65 MPH,Straight,"Grade, Unknown Slope",Dry,Interstate,Rural,Interstate,Dark - Not Lighted,Clear,1,0,4,Fatal Injury (K)
45246,New York,360210,1,1,1,The First Harmful Event was Not a Collision with a Motor Vehicle in Transport,0,0,"26,001 lbs. or more",Single-Unit Truck (3 or more axles),Dump,1,No Rollover,No Damage,One-Way Trafficway,One lane,25 MPH,Straight,Level,Dry,Local Street - Municipality,Urban,Local,Daylight,Clear,1,0,0,No Apparent Injury (O)
45291,New York,360235,1,1,3,The First Harmful Event was Not a Collision with a Motor Vehicle in Transport,0,0,"26,001 lbs. or more",Single-Unit Truck (3 or more axles),Van/Enclosed Box,1,No Rollover,No Damage,One-Way Trafficway,One lane,25 MPH,Straight,Level,Dry,Local Street - Municipality,Urban,Major Collector,Daylight,Clear,1,0,0,No Apparent Injury (O)
45292,New York,360235,1,1,3,The First Harmful Event was Not a Collision with a Motor Vehicle in Transport,0,0,"26,001 lbs. or more",Single-Unit Truck (3 or more axles),Van/Enclosed Box,1,No Rollover,No Damage,One-Way Trafficway,One lane,25 MPH,Straight,Level,Dry,Local Street - Municipality,Urban,Major Collector,Daylight,Clear,1,0,0,No Apparent Injury (O)
45293,New York,360235,1,1,3,The First Harmful Event was Not a Collision with a Motor Vehicle in Transport,0,0,"26,001 lbs. or more",Single-Unit Truck (3 or more axles),Van/Enclosed Box,1,No Rollover,No Damage,One-Way Trafficway,One lane,25 MPH,Straight,Level,Dry,Local Street - Municipality,Urban,Major Collector,Daylight,Clear,1,0,0,No Apparent Injury (O)
45523,New York,360346,1,1,1,The First Harmful Event was Not a Collision with a Motor Vehicle in Transport,0,0,"26,001 lbs. or more",Single-Unit Truck (3 or more axles),Concrete Mixer,1,No Rollover,Minor Damage,One-Way Trafficway,One lane,25 MPH,Straight,Level,Dry,Local Street - Municipality,Urban,Local,Daylight,Clear,1,0,0,No Apparent Injury (O)
45600,New York,360387,2,2,1,Front-to-Front,0,1,"26,001 lbs. or more",Truck Tractor/Semi-Trailer,Cargo Tank,2,"Rollover, Tripped by Object/Vehicle",Disabling Damage,"Two-Way, Not Divided",Two lanes,55 MPH,Straight,Level,Dry,State Highway,Rural,Major Collector,Dark - Lighted,Cloudy,1,0,3,Suspected Serious Injury (A)
45704,New York,360444,1,1,1,The First Harmful Event was Not a Collision with a Motor Vehicle in Transport,0,1,"26,001 lbs. or more",Truck Tractor/Semi-Trailer,Van/Enclosed Box,1,No Rollover,No Damage,One-Way Trafficway,Three lanes,30 MPH,Straight,Level,Dry,Local Street - Municipality,Urban,Minor Arterial,Daylight,Clear,1,0,0,No Apparent Injury (O)
45715,New York,360450,1,1,2,The First Harmful Event was Not a Collision with a Motor Vehicle in Transport,0,0,"26,001 lbs. or more","Single-Unit Truck (2- axle and GVWR more than 10,000 lbs)",Dump,1,No Rollover,No Damage,"Two-Way, Not Divided",Two lanes,25 MPH,Straight,Level,Dry,Local Street - Municipality,Urban,Local,Daylight,Clear,1,0,0,No Apparent Injury (O)
45716,New York,360450,1,1,2,The First Harmful Event was Not a Collision with a Motor Vehicle in Transport,0,0,"26,001 lbs. or more","Single-Unit Truck (2- axle and GVWR more than 10,000 lbs)",Dump,1,No Rollover,No Damage,"Two-Way, Not Divided",Two lanes,25 MPH,Straight,Level,Dry,Local Street - Municipality,Urban,Local,Daylight,Clear,1,0,0,No Apparent Injury (O)
45795,New York,360484,2,2,1,Angle,0,1,"26,001 lbs. or more",Truck Tractor/Semi-Trailer,Garbage/Refuse,1,"Rollover, Tripped by Object/Vehicle",Disabling Damage,"Two-Way, Divided, Unprotected Median",Two lanes,40 MPH,Straight,Level,Dry,County Road,Rural,Major Collector,Daylight,Clear,2,0,0,No Apparent Injury (O)
45836,New York,360502,1,1,1,The First Harmful Event was Not a Collision with a Motor Vehicle in Transport,0,0,"26,001 lbs. or more",Single-Unit Truck (3 or more axles),Other,1,"Rollover, Tripped by Object/Vehicle",Disabling Damage,"Two-Way, Not Divided",Two lanes,55 MPH,Straight,Level,Wet,County Road,Rural,Minor Collector,Daylight,Cloudy,1,1,4,Fatal Injury (K)
45845,New York,360506,1,1,1,The First Harmful Event was Not a Collision with a Motor Vehicle in Transport,0,0,"26,001 lbs. or more","Single-Unit Truck (2- axle and GVWR more than 10,000 lbs)",Cargo Tank,1,"Rollover, Tripped by Object/Vehicle",Disabling Damage,"Two-Way, Not Divided",Two lanes,55 MPH,Curve - Unknown Direction,"Grade, Unknown Slope",Dry,Local Street - Township,Rural,Local,Daylight,Clear,1,0,4,Fatal Injury (K)
45862,New York,360517,1,1,1,The First Harmful Event was Not a Collision with a Motor Vehicle in Transport,0,5,"26,001 lbs. or more","Single-Unit Truck (2- axle and GVWR more than 10,000 lbs)",Vehicle Towing Another Motor Vehicle,1,"Rollover, Tripped by Object/Vehicle",Disabling Damage,"Two-Way,  Divided, Positive  Median Barrier",Four lanes,65 MPH,Curve - Unknown Direction,Level,Dry,Interstate,Rural,Interstate,Daylight,Clear,1,0,4,Fatal Injury (K)
45872,New York,360522,1,1,1,The First Harmful Event was Not a Collision with a Motor Vehicle in Transport,1,0,"26,001 lbs. or more",Single-Unit Truck (3 or more axles),Dump,1,No Rollover,Minor Damage,"Two-Way,  Divided, Positive  Median Barrier",Three lanes,50 MPH,Straight,Level,Dry,Interstate,Urban,Interstate,Dark - Lighted,Clear,1,0,0,No Apparent Injury (O)
45886,New York,360529,2,2,1,Front-to-Front,0,1,"26,001 lbs. or more",Truck Tractor/Semi-Trailer,Van/Enclosed Box,1,No Rollover,Disabling Damage,"Two-Way, Not Divided",Two lanes,55 MPH,Straight,Level,Dry,County Road,Rural,Local,Daylight,Clear,1,0,2,Suspected Minor Injury (B)
45915,New York,360546,2,2,2,Angle,0,0,"26,001 lbs. or more",Single-Unit Truck (3 or more axles),Garbage/Refuse,1,No Rollover,No Damage,"Two-Way, Not Divided",Two lanes,25 MPH,Straight,Level,Dry,Local Street - Municipality,Urban,Principal Arterial - Other,Dark - Lighted,Clear,1,0,0,No Apparent Injury (O)
45916,New York,360546,2,2,2,Angle,0,0,"26,001 lbs. or more",Single-Unit Truck (3 or more axles),Garbage/Refuse,1,No Rollover,No Damage,"Two-Way, Not Divided",Two lanes,25 MPH,Straight,Level,Dry,Local Street - Municipality,Urban,Principal Arterial - Other,Dark - Lighted,Clear,1,0,0,No Apparent Injury (O)
45958,New York,360566,2,2,1,Angle,0,0,"26,001 lbs. or more",Single-Unit Truck (3 or more axles),Auto Transporter,1,"Rollover, Tripped by Object/Vehicle",Disabling Damage,"Two-Way, Not Divided",Two lanes,55 MPH,Straight,Level,Dry,State Highway,Urban,Principal Arterial - Other,Daylight,Clear,1,0,4,Fatal Injury (K)
45990,New York,360587,1,2,1,Angle,0,1,"26,001 lbs. or more",Truck Tractor/Semi-Trailer,Van/Enclosed Box,1,No Rollover,Disabling Damage,"Two-Way, Not Divided",Two lanes,55 MPH,Straight,Level,Dry,U.S. Highway,Rural,Principal Arterial - Other,Daylight,Clear,1,0,4,Fatal Injury (K)
45991,New York,360587,2,2,1,Angle,0,0,"26,001 lbs. or more",Single-Unit Truck (3 or more axles),Dump,1,"Rollover, Tripped by Object/Vehicle",Disabling Damage,"Two-Way, Not Divided",Two lanes,55 MPH,Straight,Level,Dry,U.S. Highway,Rural,Principal Arterial - Other,Daylight,Clear,1,0,2,Suspected Minor Injury (B)
46023,New York,360605,1,1,1,The First Harmful Event was Not a Collision with a Motor Vehicle in Transport,0,1,"26,001 lbs. or more",Truck Tractor/Semi-Trailer,Van/Enclosed Box,2,"Rollover, Tripped by Object/Vehicle",Disabling Damage,"Two-Way,  Divided, Positive  Median Barrier",Two lanes,55 MPH,Curve - Unknown Direction,"Grade, Unknown Slope",Dry,Interstate,Rural,Interstate,Dark - Not Lighted,Clear,1,0,4,Fatal Injury (K)
46112,New York,360654,1,1,1,The First Harmful Event was Not a Collision with a Motor Vehicle in Transport,0,0,"26,001 lbs. or more",Single-Unit Truck (3 or more axles),Grain/ Chips/ Gravel,1,No Rollover,No Damage,"Two-Way, Not Divided",Two lanes,55 MPH,Straight,Level,Dry,State Highway,Rural,Major Collector,Daylight,Clear,1,0,0,No Apparent Injury (O)
46149,New York,360672,1,1,1,The First Harmful Event was Not a Collision with a Motor Vehicle in Transport,0,1,"26,001 lbs. or more",Truck Tractor/Semi-Trailer,Grain/ Chips/ Gravel,1,No Rollover,Minor Damage,"Two-Way, Not Divided",Two lanes,30 MPH,Straight,Level,Dry,Local Street - Municipality,Urban,Local,Daylight,Cloudy,1,0,0,No Apparent Injury (O)
46158,New York,360676,1,1,1,The First Harmful Event was Not a Collision with a Motor Vehicle in Transport,0,0,"26,001 lbs. or more",Single-Unit Truck (3 or more axles),Dump,1,No Rollover,No Damage,One-Way Trafficway,One lane,25 MPH,Straight,Level,Dry,Local Street - Municipality,Urban,Local,Dark - Lighted,Clear,1,0,0,No Apparent Injury (O)
46171,New York,360684,1,1,1,The First Harmful Event was Not a Collision with a Motor Vehicle in Transport,0,1,"26,001 lbs. or more",Truck Tractor/Semi-Trailer,Van/Enclosed Box,1,No Rollover,Minor Damage,"Two-Way, Divided, Unprotected Median",Two lanes,65 MPH,Straight,"Grade, Unknown Slope",Wet,Interstate,Rural,Interstate,Dark - Not Lighted,Rain,1,0,0,No Apparent Injury (O)
46183,New York,360691,2,2,1,Front-to-Front,0,1,"26,001 lbs. or more",Truck Tractor/Semi-Trailer,Van/Enclosed Box,2,No Rollover,Disabling Damage,"Two-Way, Not Divided",Two lanes,55 MPH,Curve - Left,Level,Wet,State Highway,Rural,Principal Arterial - Other,Daylight,Cloudy,1,0,0,No Apparent Injury (O)
46231,New York,360714,2,2,1,Angle,0,0,"26,001 lbs. or more",Single-Unit Truck (3 or more axles),Dump,1,"Rollover, Tripped by Object/Vehicle",Disabling Damage,"Two-Way, Not Divided",Two lanes,50 MPH,Straight,Level,Dry,U.S. Highway,Rural,Principal Arterial - Other,Daylight,Clear,1,0,1,Possible Injury (C)
46441,New York,360826,1,2,1,Other,0,1,"26,001 lbs. or more",Truck Tractor/Semi-Trailer,Van/Enclosed Box,1,No Rollover,Disabling Damage,"Two-Way,  Divided, Positive  Median Barrier",Three lanes,65 MPH,Straight,"Grade, Unknown Slope",Dry,Interstate,Urban,Interstate,Dark - Not Lighted,Cloudy,1,0,0,No Apparent Injury (O)
46442,New York,360826,2,2,1,Other,0,1,"26,001 lbs. or more",Truck Tractor/Semi-Trailer,Van/Enclosed Box,1,No Rollover,Disabling Damage,"Two-Way,  Divided, Positive  Median Barrier",Three lanes,65 MPH,Straight,"Grade, Unknown Slope",Dry,Interstate,Urban,Interstate,Dark - Not Lighted,Cloudy,1,0,4,Fatal Injury (K)
46458,New York,360834,1,1,2,The First Harmful Event was Not a Collision with a Motor Vehicle in Transport,0,0,"26,001 lbs. or more",Single-Unit Truck (3 or more axles),Garbage/Refuse,1,No Rollover,No Damage,"Two-Way, Not Divided",Two lanes,30 MPH,Straight,"Grade, Unknown Slope",Dry,Local Street - Municipality,Urban,Local,Daylight,Cloudy,1,0,0,No Apparent Injury (O)
46459,New York,360834,1,1,2,The First Harmful Event was Not a Collision with a Motor Vehicle in Transport,0,0,"26,001 lbs. or more",Single-Unit Truck (3 or more axles),Garbage/Refuse,1,No Rollover,No Damage,"Two-Way, Not Divided",Two lanes,30 MPH,Straight,"Grade, Unknown Slope",Dry,Local Street - Municipality,Urban,Local,Daylight,Cloudy,1,0,0,No Apparent Injury (O)
46469,New York,360839,1,1,1,The First Harmful Event was Not a Collision with a Motor Vehicle in Transport,0,0,"26,001 lbs. or more","Single-Unit Truck (2- axle and GVWR more than 10,000 lbs)",Van/Enclosed Box,1,No Rollover,No Damage,One-Way Trafficway,Four lanes,25 MPH,Straight,Level,Dry,Local Street - Municipality,Urban,Local,Daylight,Clear,1,0,0,No Apparent Injury (O)
46473,New York,360841,1,1,1,The First Harmful Event was Not a Collision with a Motor Vehicle in Transport,0,0,"26,001 lbs. or more",Single-Unit Truck (3 or more axles),Flatbed,1,No Rollover,No Damage,One-Way Trafficway,Four lanes,25 MPH,Straight,Level,Dry,Local Street - Municipality,Urban,Principal Arterial - Other,Dark - Lighted,Clear,1,0,0,No Apparent Injury (O)
46475,New York,360843,1,1,1,The First Harmful Event was Not a Collision with a Motor Vehicle in Transport,0,1,"26,001 lbs. or more",Truck Tractor/Semi-Trailer,Cargo Tank,1,"Rollover, Tripped by Object/Vehicle",Disabling Damage,"Two-Way, Not Divided",Two lanes,55 MPH,Straight,Level,Wet,U.S. Highway,Rural,Principal Arterial - Other,Daylight,Cloudy,1,0,4,Fatal Injury (K)
46573,New York,360896,1,1,1,The First Harmful Event was Not a Collision with a Motor Vehicle in Transport,0,1,"26,001 lbs. or more",Truck Tractor/Semi-Trailer,Dump,1,No Rollover,No Damage,"Two-Way, Not Divided",Two lanes,30 MPH,Straight,Level,Dry,Local Street - Municipality,Urban,Minor Arterial,Dark - Lighted,Clear,1,0,0,No Apparent Injury (O)
46585,North Carolina,370002,1,2,1,Front-to-Front,0,1,"26,001 lbs. or more",Truck Tractor/Semi-Trailer,Van/Enclosed Box,1,No Rollover,Disabling Damage,"Two-Way, Not Divided",Two lanes,55 MPH,Curve - Unknown Direction,Level,Dry,State Highway,Rural,Major Collector,Daylight,Cloudy,1,0,2,Suspected Minor Injury (B)
46614,North Carolina,370017,1,2,2,Angle,0,1,"26,001 lbs. or more",Truck Tractor/Semi-Trailer,Pole-Trailer,1,No Rollover,Functional Damage,Entrance/Exit Ramp,Two lanes,55 MPH,Straight,Level,Dry,U.S. Highway,Rural,Interstate,Dark - Not Lighted,Clear,1,0,0,No Apparent Injury (O)
46615,North Carolina,370017,1,2,2,Angle,0,1,"26,001 lbs. or more",Truck Tractor/Semi-Trailer,Pole-Trailer,1,No Rollover,Functional Damage,Entrance/Exit Ramp,Two lanes,55 MPH,Straight,Level,Dry,U.S. Highway,Rural,Interstate,Dark - Not Lighted,Clear,1,0,0,No Apparent Injury (O)
46638,North Carolina,370033,1,1,1,The First Harmful Event was Not a Collision with a Motor Vehicle in Transport,0,1,"26,001 lbs. or more",Truck Tractor/Semi-Trailer,Van/Enclosed Box,1,No Rollover,Disabling Damage,"Two-Way, Divided, Unprotected Median",Two lanes,70 MPH,Curve - Right,Level,Dry,Interstate,Rural,Interstate,Dark - Not Lighted,Cloudy,1,0,4,Fatal Injury (K)
46667,North Carolina,370050,2,3,1,The First Harmful Event was Not a Collision with a Motor Vehicle in Transport,0,0,"26,001 lbs. or more",Single-Unit Truck (3 or more axles),Flatbed,1,No Rollover,No Damage,"Two-Way, Divided, Unprotected Median",Two lanes,45 MPH,Straight,Level,Dry,State Highway,Urban,Principal Arterial - Other,Dark - Lighted,Clear,1,0,0,No Apparent Injury (O)
46753,North Carolina,370087,1,2,1,Front-to-Front,0,1,"26,001 lbs. or more",Truck Tractor/Semi-Trailer,Van/Enclosed Box,1,No Rollover,Disabling Damage,"Two-Way, Not Divided",Two lanes,55 MPH,Straight,Level,Wet,U.S. Highway,Rural,Minor Arterial,Daylight,Clear,1,0,0,No Apparent Injury (O)
46819,North Carolina,370122,1,2,1,Front-to-Front,0,1,"26,001 lbs. or more",Truck Tractor/Semi-Trailer,Log,1,"Rollover, Tripped by Object/Vehicle",Disabling Damage,"Two-Way, Not Divided",Two lanes,55 MPH,Straight,Sag (Bottom),Dry,U.S. Highway,Rural,Principal Arterial - Other,Daylight,Clear,1,0,1,Possible Injury (C)
46904,North Carolina,370160,1,2,2,Angle,0,1,"26,001 lbs. or more",Truck Tractor/Semi-Trailer,Van/Enclosed Box,1,No Rollover,Disabling Damage,"Two-Way, Divided, Unprotected Median",Two lanes,55 MPH,Straight,"Grade, Unknown Slope",Dry,U.S. Highway,Urban,Principal Arterial - Other,Daylight,Clear,1,0,0,No Apparent Injury (O)
46905,North Carolina,370160,1,2,2,Angle,0,1,"26,001 lbs. or more",Truck Tractor/Semi-Trailer,Van/Enclosed Box,1,No Rollover,Disabling Damage,"Two-Way, Divided, Unprotected Median",Two lanes,55 MPH,Straight,"Grade, Unknown Slope",Dry,U.S. Highway,Urban,Principal Arterial - Other,Daylight,Clear,1,0,0,No Apparent Injury (O)
46918,North Carolina,370165,1,1,1,The First Harmful Event was Not a Collision with a Motor Vehicle in Transport,0,0,"26,001 lbs. or more",Single-Unit Truck (3 or more axles),Dump,1,"Rollover, Tripped by Object/Vehicle",Disabling Damage,"Two-Way, Not Divided",Two lanes,55 MPH,Straight,Level,Dry,Other,Rural,Local,Daylight,Clear,1,0,4,Fatal Injury (K)
46953,North Carolina,370184,1,2,1,Angle,0,1,"26,001 lbs. or more",Truck Tractor/Semi-Trailer,Log,1,No Rollover,Disabling Damage,"Two-Way, Not Divided",Two lanes,55 MPH,Straight,Level,Dry,State Highway,Rural,Major Collector,Daylight,Clear,1,0,0,No Apparent Injury (O)
46971,North Carolina,370193,1,2,1,Front-to-Rear,0,0,"26,001 lbs. or more",Single-Unit Truck (3 or more axles),Concrete Mixer,1,No Rollover,Disabling Damage,"Two-Way, Divided, Unprotected Median",Two lanes,55 MPH,Straight,Level,Dry,Other,Urban,Principal Arterial - Other,Daylight,Clear,1,0,0,No Apparent Injury (O)
47047,North Carolina,370229,1,2,1,Front-to-Front,0,1,"26,001 lbs. or more",Truck Tractor/Semi-Trailer,Van/Enclosed Box,1,No Rollover,Disabling Damage,"Two-Way, Not Divided",Two lanes,55 MPH,Curve - Left,Level,Dry,State Highway,Rural,Minor Arterial,Dark - Not Lighted,Clear,1,0,0,No Apparent Injury (O)
47049,North Carolina,370230,1,2,1,Angle,0,1,"26,001 lbs. or more",Truck Tractor/Semi-Trailer,Log,1,No Rollover,Functional Damage,"Two-Way, Not Divided",Two lanes,55 MPH,Straight,Level,Dry,Other,Rural,Local,Dark - Lighted,Cloudy,1,1,0,No Apparent Injury (O)
47057,North Carolina,370235,1,2,1,Angle,0,0,"26,001 lbs. or more",Single-Unit Truck (3 or more axles),Garbage/Refuse,1,No Rollover,Minor Damage,"Two-Way, Divided, Unprotected Median",Two lanes,45 MPH,Straight,Level,Dry,Other,Urban,Principal Arterial - Other,Daylight,Clear,1,1,0,No Apparent Injury (O)
47071,North Carolina,370241,1,4,1,Front-to-Rear,0,0,"26,001 lbs. or more",Truck Tractor (Bobtail),No Cargo Body Type,1,No Rollover,Disabling Damage,"Two-Way,  Divided, Positive  Median Barrier",Three lanes,70 MPH,Straight,Level,Dry,Interstate,Urban,Interstate,Daylight,Clear,1,0,1,Possible Injury (C)
47108,North Carolina,370263,1,2,1,Angle,0,1,"26,001 lbs. or more",Truck Tractor/Semi-Trailer,Log,1,No Rollover,Disabling Damage,"Two-Way, Not Divided",Two lanes,55 MPH,Straight,Level,Dry,Other,Rural,Minor Collector,Daylight,Clear,1,0,0,No Apparent Injury (O)
47153,North Carolina,370283,1,4,1,Front-to-Rear,0,1,"26,001 lbs. or more",Truck Tractor/Semi-Trailer,Van/Enclosed Box,1,No Rollover,Disabling Damage,"Two-Way, Divided, Unprotected Median",Two lanes,70 MPH,Straight,Level,Dry,Interstate,Rural,Interstate,Daylight,Clear,2,0,2,Suspected Minor Injury (B)
47156,North Carolina,370283,3,4,1,Front-to-Rear,0,1,"26,001 lbs. or more",Truck Tractor/Semi-Trailer,Flatbed,1,No Rollover,Disabling Damage,"Two-Way, Divided, Unprotected Median",Two lanes,70 MPH,Straight,Level,Dry,Interstate,Rural,Interstate,Daylight,Clear,2,0,1,Possible Injury (C)
47157,North Carolina,370283,4,4,1,Front-to-Rear,0,1,"26,001 lbs. or more",Truck Tractor/Semi-Trailer,Van/Enclosed Box,1,No Rollover,Functional Damage,"Two-Way, Divided, Unprotected Median",Two lanes,70 MPH,Straight,Level,Dry,Interstate,Rural,Interstate,Daylight,Clear,2,0,0,No Apparent Injury (O)