,STATENAME,ST_CASE,VEH_NO,VE_FORMS,NUMOCCS,MAN_COLLNAME,HIT_RUN,TOW_VEH,GVWRNAME,V_CONFIGNAME,CARGO_BTNAME,HAZ_INV,ROLLOVERNAME,DEFORMEDNAME,VTRAFWAYNAME,VNUM_LANNAME,VSPD_LIMNAME,VALIGNNAME,VPROFILENAME,VSURCONDNAME,ROUTENAME,RUR_URBNAME,FUNC_SYSNAME,LGT_CONDNAME,WEATHERNAME,FATALS,DRUNK_DR,INJ_SEV,INJ_SEVNAME
47195,North Carolina,370301,1,2,1,Front-to-Rear,0,1,"26,001 lbs. or more",Truck Tractor/Semi-Trailer,Van/Enclosed Box,1,No Rollover,Disabling Damage,"Two-Way, Divided, Unprotected Median",Four lanes,55 MPH,Straight,Level,Dry,U.S. Highway,Urban,Principal Arterial - Other,Daylight,Clear,1,0,4,Fatal Injury (K)
47238,North Carolina,370322,2,2,1,Angle,0,1,"26,001 lbs. or more",Truck Tractor/Semi-Trailer,Flatbed,1,No Rollover,Minor Damage,"Two-Way, Not Divided",Five lanes,45 MPH,Straight,Level,Dry,State Highway,Urban,Principal Arterial - Other,Daylight,Clear,1,0,0,No Apparent Injury (O)
47259,North Carolina,370332,1,2,1,Front-to-Front,0,0,"26,001 lbs. or more","Single-Unit Truck (2- axle and GVWR more than 10,000 lbs)",Dump,1,No Rollover,Functional Damage,"Two-Way, Not Divided",Two lanes,55 MPH,Straight,Level,Dry,State Highway,Rural,Minor Arterial,Dawn,Clear,1,0,1,Possible Injury (C)
47280,North Carolina,370341,1,2,1,Front-to-Rear,0,0,"26,001 lbs. or more","Single-Unit Truck (2- axle and GVWR more than 10,000 lbs)",Dump,1,No Rollover,Minor Damage,"Two-Way, Divided, Unprotected Median",Four lanes,55 MPH,Straight,Level,Dry,U.S. Highway,Rural,Principal Arterial - Other,Daylight,Cloudy,1,0,0,No Apparent Injury (O)
47303,North Carolina,370351,1,1,2,The First Harmful Event was Not a Collision with a Motor Vehicle in Transport,0,1,"26,001 lbs. or more",Truck Tractor/Semi-Trailer,Flatbed,1,No Rollover,Disabling Damage,"Two-Way, Not Divided",Two lanes,55 MPH,Straight,Sag (Bottom),Dry,Other,Rural,Local,Dark - Not Lighted,Cloudy,1,0,0,No Apparent Injury (O)
47304,North Carolina,370351,1,1,2,The First Harmful Event was Not a Collision with a Motor Vehicle in Transport,0,1,"26,001 lbs. or more",Truck Tractor/Semi-Trailer,Flatbed,1,No Rollover,Disabling Damage,"Two-Way, Not Divided",Two lanes,55 MPH,Straight,Sag (Bottom),Dry,Other,Rural,Local,Dark - Not Lighted,Cloudy,1,0,0,No Apparent Injury (O)
47374,North Carolina,370386,1,5,1,Front-to-Rear,0,1,"26,001 lbs. or more",Truck Tractor/Semi-Trailer,Cargo Tank,1,No Rollover,Disabling Damage,"Two-Way,  Divided, Positive  Median Barrier",Four lanes,70 MPH,Straight,"Grade, Unknown Slope",Dry,Interstate,Rural,Interstate,Daylight,Clear,1,0,1,Possible Injury (C)
47377,North Carolina,370386,4,5,1,Front-to-Rear,0,1,"26,001 lbs. or more",Truck Tractor/Semi-Trailer,Cargo Tank,1,No Rollover,Functional Damage,"Two-Way,  Divided, Positive  Median Barrier",Four lanes,70 MPH,Straight,"Grade, Unknown Slope",Dry,Interstate,Rural,Interstate,Daylight,Clear,1,0,0,No Apparent Injury (O)
47380,North Carolina,370388,1,1,1,The First Harmful Event was Not a Collision with a Motor Vehicle in Transport,0,0,"26,001 lbs. or more",Single-Unit Truck (3 or more axles),Concrete Mixer,1,"Rollover, Untripped",Disabling Damage,"Two-Way, Not Divided",Two lanes,65 MPH,Curve - Left,Level,Dry,U.S. Highway,Urban,Principal Arterial - Other,Daylight,Clear,1,0,4,Fatal Injury (K)
47415,North Carolina,370404,1,2,1,The First Harmful Event was Not a Collision with a Motor Vehicle in Transport,0,0,"26,001 lbs. or more",Single-Unit Truck (3 or more axles),Dump,1,"Rollover, Tripped by Object/Vehicle",Disabling Damage,"Two-Way, Divided, Unprotected Median",Two lanes,55 MPH,Straight,Level,Dry,U.S. Highway,Urban,Principal Arterial - Other,Daylight,Clear,1,0,4,Fatal Injury (K)
47461,North Carolina,370426,1,2,2,Front-to-Front,0,0,"26,001 lbs. or more","Single-Unit Truck (2- axle and GVWR more than 10,000 lbs)",Dump,1,"Rollover, Untripped",Disabling Damage,"Two-Way, Not Divided",Two lanes,45 MPH,Straight,Level,Dry,Other,Urban,Major Collector,Daylight,Clear,1,0,1,Possible Injury (C)
47462,North Carolina,370426,1,2,2,Front-to-Front,0,0,"26,001 lbs. or more","Single-Unit Truck (2- axle and GVWR more than 10,000 lbs)",Dump,1,"Rollover, Untripped",Disabling Damage,"Two-Way, Not Divided",Two lanes,45 MPH,Straight,Level,Dry,Other,Urban,Major Collector,Daylight,Clear,1,0,1,Possible Injury (C)
47529,North Carolina,370456,1,2,1,Front-to-Front,0,2,"26,001 lbs. or more",Truck Tractor/Double,Van/Enclosed Box,1,No Rollover,Disabling Damage,"Two-Way, Not Divided",Two lanes,55 MPH,Straight,Level,Dry,U.S. Highway,Rural,Principal Arterial - Other,Dark - Not Lighted,Clear,2,0,0,No Apparent Injury (O)
47610,North Carolina,370494,1,2,1,Front-to-Rear,0,1,"26,001 lbs. or more",Truck Tractor/Semi-Trailer,Cargo Tank,1,No Rollover,Disabling Damage,"Two-Way, Divided, Unprotected Median",Four lanes,65 MPH,Straight,Level,Dry,Interstate,Rural,Interstate,Dusk,Clear,1,0,4,Fatal Injury (K)
47611,North Carolina,370494,2,2,1,Front-to-Rear,0,1,"26,001 lbs. or more",Truck Tractor/Semi-Trailer,Van/Enclosed Box,1,No Rollover,Disabling Damage,"Two-Way, Divided, Unprotected Median",Four lanes,65 MPH,Straight,Level,Dry,Interstate,Rural,Interstate,Dusk,Clear,1,0,1,Possible Injury (C)
47618,North Carolina,370500,1,2,1,Front-to-Front,0,1,"26,001 lbs. or more",Truck Tractor/Semi-Trailer,Flatbed,1,No Rollover,Disabling Damage,"Two-Way, Divided, Unprotected Median",Two lanes,55 MPH,Straight,Level,Dry,Other,Rural,Local,Daylight,Clear,1,0,0,No Apparent Injury (O)
47651,North Carolina,370508,1,2,1,Angle,0,1,"26,001 lbs. or more",Truck Tractor/Semi-Trailer,Flatbed,1,No Rollover,Functional Damage,"Two-Way, Divided, Unprotected Median",Two lanes,55 MPH,Straight,Level,Dry,State Highway,Rural,Minor Arterial,Dark - Not Lighted,"Fog, Smog, Smoke",1,0,0,No Apparent Injury (O)
47675,North Carolina,370517,2,2,1,Front-to-Rear,0,1,"26,001 lbs. or more",Truck Tractor/Semi-Trailer,Log,1,No Rollover,Minor Damage,"Two-Way, Not Divided",Two lanes,45 MPH,Straight,Level,Dry,Other,Rural,Major Collector,Daylight,Clear,1,0,0,No Apparent Injury (O)
47754,North Carolina,370556,1,2,1,Angle,0,1,"26,001 lbs. or more",Truck Tractor/Semi-Trailer,Pole-Trailer,1,No Rollover,Disabling Damage,"Two-Way, Divided, Unprotected Median",Two lanes,55 MPH,Straight,Hillcrest,Dry,State Highway,Rural,Minor Arterial,Daylight,Clear,2,0,2,Suspected Minor Injury (B)
47814,North Carolina,370584,1,2,1,Angle,0,1,"26,001 lbs. or more",Truck Tractor/Semi-Trailer,Van/Enclosed Box,1,No Rollover,Disabling Damage,"Two-Way, Divided, Unprotected Median",Two lanes,45 MPH,Straight,Level,Dry,U.S. Highway,Urban,Principal Arterial - Other,Daylight,Clear,1,0,0,No Apparent Injury (O)
47861,North Carolina,370605,1,2,1,Front-to-Front,0,0,"26,001 lbs. or more",Truck Tractor (Bobtail),No Cargo Body Type,1,No Rollover,Disabling Damage,"Two-Way,  Divided, Positive  Median Barrier",Three lanes,70 MPH,Straight,Level,Dry,Interstate,Urban,Interstate,Dark - Not Lighted,Clear,1,1,1,Possible Injury (C)
47866,North Carolina,370609,1,2,1,Front-to-Rear,0,1,"26,001 lbs. or more",Truck Tractor/Semi-Trailer,Van/Enclosed Box,1,No Rollover,Functional Damage,"Two-Way,  Divided, Positive  Median Barrier",Five lanes,60 MPH,Straight,Level,Dry,Interstate,Urban,Interstate,Daylight,Cloudy,1,0,0,No Apparent Injury (O)
47897,North Carolina,370628,1,1,1,The First Harmful Event was Not a Collision with a Motor Vehicle in Transport,0,1,"26,001 lbs. or more",Truck Tractor/Semi-Trailer,Flatbed,1,"Rollover, Tripped by Object/Vehicle",Disabling Damage,"Two-Way, Not Divided",Two lanes,55 MPH,Curve - Left,"Grade, Unknown Slope",Dry,Other,Rural,Minor Collector,Daylight,Clear,1,1,4,Fatal Injury (K)
47919,North Carolina,370640,1,2,1,Angle,0,1,"26,001 lbs. or more",Truck Tractor/Semi-Trailer,Cargo Tank,2,No Rollover,Disabling Damage,"Two-Way, Not Divided",Three lanes,55 MPH,Straight,Level,Dry,U.S. Highway,Rural,Minor Arterial,Daylight,Clear,1,0,2,Suspected Minor Injury (B)
47935,North Carolina,370647,1,2,1,The First Harmful Event was Not a Collision with a Motor Vehicle in Transport,0,1,"26,001 lbs. or more",Truck Tractor/Semi-Trailer,Flatbed,1,No Rollover,Minor Damage,"Two-Way, Not Divided",Two lanes,55 MPH,Straight,Level,Dry,State Highway,Rural,Minor Arterial,Daylight,Clear,1,0,0,No Apparent Injury (O)
47937,North Carolina,370648,1,2,2,Front-to-Rear,0,1,"26,001 lbs. or more",Truck Tractor/Semi-Trailer,Van/Enclosed Box,1,No Rollover,Functional Damage,"Two-Way, Divided, Unprotected Median",Two lanes,35 MPH,Straight,Level,Dry,State Highway,Rural,Minor Arterial,Daylight,Clear,1,0,0,No Apparent Injury (O)
47938,North Carolina,370648,1,2,2,Front-to-Rear,0,1,"26,001 lbs. or more",Truck Tractor/Semi-Trailer,Van/Enclosed Box,1,No Rollover,Functional Damage,"Two-Way, Divided, Unprotected Median",Two lanes,35 MPH,Straight,Level,Dry,State Highway,Rural,Minor Arterial,Daylight,Clear,1,0,0,No Apparent Injury (O)
48029,North Carolina,370683,1,2,1,Front-to-Front,0,1,"26,001 lbs. or more",Truck Tractor/Semi-Trailer,Flatbed,1,No Rollover,Disabling Damage,"Two-Way, Not Divided",Two lanes,55 MPH,Straight,Level,Dry,State Highway,Rural,Minor Arterial,Daylight,Clear,1,0,1,Possible Injury (C)
48036,North Carolina,370688,1,5,1,Front-to-Rear,0,1,"26,001 lbs. or more",Truck Tractor/Semi-Trailer,Van/Enclosed Box,1,No Rollover,Disabling Damage,"Two-Way, Divided, Unprotected Median",Four lanes,55 MPH,Straight,Level,Dry,U.S. Highway,Rural,Principal Arterial - Other Freeways and Expressways,Daylight,Clear,1,0,4,Fatal Injury (K)
48046,North Carolina,370691,1,2,2,Front-to-Rear,0,1,"26,001 lbs. or more",Truck Tractor/Semi-Trailer,Van/Enclosed Box,1,No Rollover,Disabling Damage,"Two-Way,  Divided, Positive  Median Barrier",Four lanes,70 MPH,Straight,Level,Dry,Interstate,Rural,Interstate,Dark - Lighted,Clear,1,0,0,No Apparent Injury (O)
48047,North Carolina,370691,1,2,2,Front-to-Rear,0,1,"26,001 lbs. or more",Truck Tractor/Semi-Trailer,Van/Enclosed Box,1,No Rollover,Disabling Damage,"Two-Way,  Divided, Positive  Median Barrier",Four lanes,70 MPH,Straight,Level,Dry,Interstate,Rural,Interstate,Dark - Lighted,Clear,1,0,0,No Apparent Injury (O)
48088,North Carolina,370715,1,1,1,The First Harmful Event was Not a Collision with a Motor Vehicle in Transport,1,1,"26,001 lbs. or more",Truck Tractor/Semi-Trailer,Van/Enclosed Box,1,No Rollover,Functional Damage,"Two-Way, Divided, Unprotected Median",Two lanes,55 MPH,Straight,Level,Dry,U.S. Highway,Urban,Principal Arterial - Other Freeways and Expressways,Dark - Lighted,Cloudy,1,0,0,No Apparent Injury (O)
48198,North Carolina,370764,1,2,1,Sideswipe - Opposite Direction,0,1,"26,001 lbs. or more",Truck Tractor/Semi-Trailer,Other,1,No Rollover,Functional Damage,"Two-Way, Not Divided",Two lanes,55 MPH,Straight,Level,Dry,U.S. Highway,Rural,Principal Arterial - Other,Daylight,Clear,1,0,0,No Apparent Injury (O)
48228,North Carolina,370780,1,2,1,Angle,0,1,"26,001 lbs. or more",Truck Tractor/Semi-Trailer,Other,1,No Rollover,Functional Damage,"Two-Way, Not Divided",Two lanes,55 MPH,Straight,Level,Dry,Other,Rural,Local,Dark - Not Lighted,Clear,1,1,0,No Apparent Injury (O)
48291,North Carolina,370810,1,1,1,The First Harmful Event was Not a Collision with a Motor Vehicle in Transport,0,1,"26,001 lbs. or more",Truck Tractor/Semi-Trailer,Van/Enclosed Box,1,"Rollover, Untripped",Disabling Damage,Entrance/Exit Ramp,Two lanes,65 MPH,Curve - Left,"Grade, Unknown Slope",Dry,Interstate,Urban,Interstate,Dark - Not Lighted,Clear,1,0,4,Fatal Injury (K)
48295,North Carolina,370812,3,3,1,Front-to-Rear,0,1,"26,001 lbs. or more",Truck Tractor/Semi-Trailer,Other,1,No Rollover,Minor Damage,"Two-Way, Not Divided",Two lanes,55 MPH,Straight,Level,Dry,State Highway,Rural,Minor Arterial,Daylight,Clear,1,0,0,No Apparent Injury (O)
48330,North Carolina,370829,2,5,2,The First Harmful Event was Not a Collision with a Motor Vehicle in Transport,0,1,"26,001 lbs. or more",Truck Tractor/Semi-Trailer,Van/Enclosed Box,1,No Rollover,Disabling Damage,"Two-Way,  Divided, Positive  Median Barrier",Three lanes,70 MPH,Curve - Right,Level,Dry,Interstate,Rural,Interstate,Daylight,Cloudy,1,0,1,Possible Injury (C)
48331,North Carolina,370829,2,5,2,The First Harmful Event was Not a Collision with a Motor Vehicle in Transport,0,1,"26,001 lbs. or more",Truck Tractor/Semi-Trailer,Van/Enclosed Box,1,No Rollover,Disabling Damage,"Two-Way,  Divided, Positive  Median Barrier",Three lanes,70 MPH,Curve - Right,Level,Dry,Interstate,Rural,Interstate,Daylight,Cloudy,1,0,1,Possible Injury (C)
48332,North Carolina,370829,3,5,1,The First Harmful Event was Not a Collision with a Motor Vehicle in Transport,0,1,"26,001 lbs. or more",Truck Tractor/Semi-Trailer,Cargo Tank,1,No Rollover,Minor Damage,"Two-Way,  Divided, Positive  Median Barrier",Three lanes,70 MPH,Curve - Right,Level,Dry,Interstate,Rural,Interstate,Daylight,Cloudy,1,0,0,No Apparent Injury (O)
48333,North Carolina,370829,4,5,1,The First Harmful Event was Not a Collision with a Motor Vehicle in Transport,0,1,"26,001 lbs. or more",Truck Tractor/Semi-Trailer,Van/Enclosed Box,1,No Rollover,Disabling Damage,"Two-Way,  Divided, Positive  Median Barrier",Three lanes,70 MPH,Curve - Right,Level,Dry,Interstate,Rural,Interstate,Daylight,Cloudy,1,0,0,No Apparent Injury (O)
48334,North Carolina,370829,5,5,1,The First Harmful Event was Not a Collision with a Motor Vehicle in Transport,0,1,"26,001 lbs. or more",Truck Tractor/Semi-Trailer,Van/Enclosed Box,1,No Rollover,Disabling Damage,"Two-Way,  Divided, Positive  Median Barrier",Three lanes,70 MPH,Curve - Right,Level,Dry,Interstate,Rural,Interstate,Daylight,Cloudy,1,0,0,No Apparent Injury (O)
48335,North Carolina,370830,1,2,1,Angle,0,1,"26,001 lbs. or more",Truck Tractor/Semi-Trailer,Van/Enclosed Box,1,No Rollover,Minor Damage,"Two-Way, Not Divided",Two lanes,35 MPH,Straight,Sag (Bottom),Dry,Local Street - Municipality,Urban,Local,Daylight,Clear,1,0,0,No Apparent Injury (O)
48365,North Carolina,370842,1,1,1,The First Harmful Event was Not a Collision with a Motor Vehicle in Transport,0,1,"26,001 lbs. or more",Truck Tractor/Semi-Trailer,Van/Enclosed Box,1,No Rollover,Minor Damage,"Two-Way,  Divided, Positive  Median Barrier",Two lanes,70 MPH,Straight,Level,Dry,Interstate,Rural,Interstate,Dark - Not Lighted,Clear,1,0,0,No Apparent Injury (O)
48383,North Carolina,370851,1,3,1,Front-to-Front,0,0,"26,001 lbs. or more",Single-Unit Truck (3 or more axles),Dump,1,No Rollover,Disabling Damage,"Two-Way, Not Divided",Two lanes,55 MPH,Straight,Hillcrest,Dry,State Highway,Rural,Minor Arterial,Daylight,Clear,1,1,3,Suspected Serious Injury (A)
48393,North Carolina,370854,1,2,1,Front-to-Front,0,0,"26,001 lbs. or more","Truck More Than 10,000 lbs, Cannot Classify",Dump,1,No Rollover,Disabling Damage,"Two-Way, Not Divided",Two lanes,55 MPH,Straight,Level,Dry,State Highway,Rural,Minor Arterial,Daylight,Clear,1,0,2,Suspected Minor Injury (B)
48398,North Carolina,370858,1,2,2,Front-to-Rear,0,0,"26,001 lbs. or more","Single-Unit Truck (2- axle and GVWR more than 10,000 lbs)",Garbage/Refuse,1,No Rollover,Minor Damage,"Two-Way, Not Divided",Two lanes,45 MPH,Straight,Level,Dry,Other,Rural,Minor Collector,Daylight,Clear,2,0,0,No Apparent Injury (O)
48399,North Carolina,370858,1,2,2,Front-to-Rear,0,0,"26,001 lbs. or more","Single-Unit Truck (2- axle and GVWR more than 10,000 lbs)",Garbage/Refuse,1,No Rollover,Minor Damage,"Two-Way, Not Divided",Two lanes,45 MPH,Straight,Level,Dry,Other,Rural,Minor Collector,Daylight,Clear,2,0,1,Possible Injury (C)
48420,North Carolina,370870,1,5,1,Sideswipe - Opposite Direction,0,1,"26,001 lbs. or more",Truck Tractor/Semi-Trailer,Van/Enclosed Box,1,No Rollover,Disabling Damage,"Two-Way, Divided, Unprotected Median",Three lanes,45 MPH,Straight,Level,Dry,U.S. Highway,Urban,Principal Arterial - Other,Daylight,Clear,1,0,0,No Apparent Injury (O)
48474,North Carolina,370894,1,2,1,Front-to-Rear,0,1,"26,001 lbs. or more",Truck Tractor/Semi-Trailer,Van/Enclosed Box,1,No Rollover,Disabling Damage,"Two-Way, Divided, Unprotected Median",Two lanes,65 MPH,Straight,Level,Dry,Interstate,Rural,Interstate,Daylight,Clear,1,0,4,Fatal Injury (K)
48475,North Carolina,370894,2,2,1,Front-to-Rear,0,1,"26,001 lbs. or more",Truck Tractor/Semi-Trailer,Van/Enclosed Box,1,No Rollover,Disabling Damage,"Two-Way, Divided, Unprotected Median",Two lanes,65 MPH,Straight,Level,Dry,Interstate,Rural,Interstate,Daylight,Clear,1,0,0,No Apparent Injury (O)
48488,North Carolina,370899,1,2,1,Angle,0,1,"26,001 lbs. or more",Truck Tractor/Semi-Trailer,Van/Enclosed Box,1,No Rollover,Disabling Damage,"Two-Way, Divided, Unprotected Median",Three lanes,55 MPH,Straight,Level,Dry,State Highway,Rural,Minor Arterial,Daylight,Clear,1,0,0,No Apparent Injury (O)
48509,North Carolina,370908,1,3,1,Angle,0,1,"26,001 lbs. or more",Truck Tractor/Semi-Trailer,Van/Enclosed Box,1,No Rollover,Disabling Damage,"Two-Way, Divided, Unprotected Median",Two lanes,65 MPH,Straight,Level,Dry,Interstate,Rural,Interstate,Daylight,Clear,1,0,0,No Apparent Injury (O)
48514,North Carolina,370910,1,1,1,The First Harmful Event was Not a Collision with a Motor Vehicle in Transport,0,1,"26,001 lbs. or more",Truck Tractor/Semi-Trailer,Van/Enclosed Box,1,"Rollover, Untripped",Disabling Damage,"Two-Way, Divided, Unprotected Median",Two lanes,55 MPH,Curve - Unknown Direction,Level,Dry,State Highway,Rural,Principal Arterial - Other Freeways and Expressways,Dark - Not Lighted,Clear,1,0,4,Fatal Injury (K)
48539,North Carolina,370917,1,1,1,The First Harmful Event was Not a Collision with a Motor Vehicle in Transport,0,1,"26,001 lbs. or more",Truck Tractor/Semi-Trailer,Van/Enclosed Box,1,No Rollover,Functional Damage,"Two-Way,  Divided, Positive  Median Barrier",Four lanes,65 MPH,Straight,"Grade, Unknown Slope",Dry,U.S. Highway,Rural,Principal Arterial - Other Freeways and Expressways,Daylight,Clear,1,0,0,No Apparent Injury (O)
48565,North Carolina,370931,1,2,1,Angle,0,0,"26,001 lbs. or more",Single-Unit Truck (3 or more axles),Dump,1,No Rollover,Disabling Damage,"Two-Way, Not Divided",Two lanes,45 MPH,Curve - Right,"Grade, Unknown Slope",Dry,State Highway,Rural,Local,Daylight,Clear,3,0,2,Suspected Minor Injury (B)
48575,North Carolina,370935,1,2,1,Angle,0,1,"26,001 lbs. or more",Truck Tractor/Semi-Trailer,Other,1,No Rollover,Minor Damage,"Two-Way, Not Divided",Two lanes,55 MPH,Straight,Level,Dry,U.S. Highway,Urban,Principal Arterial - Other,Dawn,Clear,1,0,0,No Apparent Injury (O)
48580,North Carolina,370938,1,2,1,Front-to-Rear,0,1,"26,001 lbs. or more",Truck Tractor/Semi-Trailer,Log,1,No Rollover,Functional Damage,"Two-Way,  Divided, Positive  Median Barrier",Two lanes,55 MPH,Straight,Level,Dry,U.S. Highway,Rural,Minor Arterial,Daylight,Clear,1,0,0,No Apparent Injury (O)
48596,North Carolina,370945,2,2,1,Front-to-Front,0,0,"26,001 lbs. or more",Single-Unit Truck (3 or more axles),Dump,1,No Rollover,Minor Damage,"Two-Way, Not Divided",Two lanes,35 MPH,Curve - Left,"Grade, Unknown Slope",Dry,Other,Rural,Local,Daylight,Clear,1,0,0,No Apparent Injury (O)
48602,North Carolina,370948,1,2,1,Front-to-Front,0,1,"26,001 lbs. or more",Truck Tractor/Semi-Trailer,Dump,1,No Rollover,Disabling Damage,"Two-Way, Not Divided",Two lanes,55 MPH,Straight,Level,Dry,Other,Rural,Minor Collector,Daylight,Clear,1,0,1,Possible Injury (C)
48647,North Carolina,370967,1,2,1,Angle,0,1,"26,001 lbs. or more",Truck Tractor/Semi-Trailer,Grain/ Chips/ Gravel,1,No Rollover,Disabling Damage,"Two-Way, Not Divided",Two lanes,45 MPH,Straight,Hillcrest,Dry,State Highway,Rural,Minor Arterial,Daylight,Clear,1,0,0,No Apparent Injury (O)
48695,North Carolina,370991,1,2,1,Angle,0,1,"26,001 lbs. or more",Truck Tractor/Semi-Trailer,Log,1,No Rollover,Minor Damage,Non-Trafficway or Driveway Access,Non-Trafficway or Driveway Access,No Statutory Limit/Non-Trafficway or Driveway Access,Non-Trafficway or Driveway Access,Non-Trafficway or Driveway Access,Non-Trafficway or Driveway Access,U.S. Highway,Rural,Minor Arterial,Dark - Not Lighted,Clear,1,0,0,No Apparent Injury (O)
48716,North Carolina,371001,1,3,1,Front-to-Rear,0,0,"26,001 lbs. or more",Single-Unit Truck (3 or more axles),Dump,1,No Rollover,Disabling Damage,"Two-Way, Divided, Unprotected Median",Three lanes,55 MPH,Straight,"Grade, Unknown Slope",Dry,U.S. Highway,Urban,Principal Arterial - Other,Daylight,Clear,1,0,1,Possible Injury (C)
48730,North Carolina,371008,1,2,1,Angle,0,1,"26,001 lbs. or more",Truck Tractor/Semi-Trailer,Other,1,No Rollover,Disabling Damage,"Two-Way, Divided, Unprotected Median",Two lanes,55 MPH,Curve - Right,Level,Dry,State Highway,Rural,Major Collector,Dark - Not Lighted,Clear,2,0,3,Suspected Serious Injury (A)
48761,North Carolina,371023,1,2,1,Front-to-Rear,0,1,"26,001 lbs. or more",Truck Tractor/Semi-Trailer,Van/Enclosed Box,1,No Rollover,Functional Damage,"Two-Way, Divided, Unprotected Median",Two lanes,70 MPH,Straight,Level,Snow,Interstate,Rural,Interstate,Daylight,Rain,1,0,1,Possible Injury (C)
48788,North Carolina,371036,1,4,1,Sideswipe - Same Direction,0,1,"26,001 lbs. or more",Truck Tractor/Semi-Trailer,Cargo Tank,1,No Rollover,Disabling Damage,"Two-Way, Not Divided",Two lanes,55 MPH,Straight,Level,Dry,U.S. Highway,Rural,Minor Arterial,Daylight,Clear,2,0,2,Suspected Minor Injury (B)
48806,North Carolina,371047,1,2,1,Front-to-Rear,0,0,"26,001 lbs. or more",Truck Tractor (Bobtail),No Cargo Body Type,1,No Rollover,Disabling Damage,"Two-Way, Not Divided",Two lanes,55 MPH,Straight,Level,Dry,Other,Rural,Local,Daylight,Clear,1,0,4,Fatal Injury (K)
48810,North Carolina,371049,1,4,1,Front-to-Rear,0,1,"26,001 lbs. or more",Truck Tractor/Semi-Trailer,Flatbed,1,No Rollover,Minor Damage,"Two-Way,  Divided, Positive  Median Barrier",Two lanes,70 MPH,Straight,Level,Dry,Interstate,Urban,Interstate,Daylight,Clear,1,0,0,No Apparent Injury (O)
48827,North Carolina,371059,1,1,1,The First Harmful Event was Not a Collision with a Motor Vehicle in Transport,0,1,"26,001 lbs. or more",Truck Tractor/Semi-Trailer,Van/Enclosed Box,1,"Rollover, Tripped by Object/Vehicle",Disabling Damage,"Two-Way,  Divided, Positive  Median Barrier",Three lanes,65 MPH,Straight,Level,Wet,Interstate,Urban,Interstate,Dark - Not Lighted,Rain,1,0,4,Fatal Injury (K)
48828,North Carolina,371060,1,1,1,The First Harmful Event was Not a Collision with a Motor Vehicle in Transport,0,0,"26,001 lbs. or more",Single-Unit Truck (3 or more axles),Dump,1,No Rollover,No Damage,"Two-Way, Not Divided",Two lanes,35 MPH,Straight,"Grade, Unknown Slope",Dry,Local Street - Municipality,Urban,Local,Dark - Lighted,Clear,1,0,0,No Apparent Injury (O)
48846,North Carolina,371071,1,2,1,Sideswipe - Opposite Direction,0,1,"26,001 lbs. or more",Truck Tractor/Semi-Trailer,Log,1,No Rollover,Minor Damage,"Two-Way, Not Divided",Two lanes,55 MPH,Straight,Level,Wet,State Highway,Rural,Major Collector,Daylight,Rain,1,0,0,No Apparent Injury (O)
48860,North Carolina,371075,1,4,1,Rear-to-Side,0,1,"26,001 lbs. or more",Truck Tractor/Semi-Trailer,Cargo Tank,1,No Rollover,Disabling Damage,"Two-Way,  Divided, Positive  Median Barrier",Two lanes,70 MPH,Straight,Hillcrest,Dry,Interstate,Urban,Interstate,Daylight,Clear,1,0,0,No Apparent Injury (O)
48861,North Carolina,371075,2,4,1,Rear-to-Side,0,1,"26,001 lbs. or more",Truck Tractor/Semi-Trailer,Van/Enclosed Box,1,No Rollover,Functional Damage,"Two-Way,  Divided, Positive  Median Barrier",Two lanes,70 MPH,Straight,Hillcrest,Dry,Interstate,Urban,Interstate,Daylight,Clear,1,0,0,No Apparent Injury (O)
48874,North Carolina,371081,1,2,1,Front-to-Rear,0,1,"26,001 lbs. or more",Truck Tractor/Semi-Trailer,Flatbed,1,No Rollover,Minor Damage,"Two-Way, Not Divided With a Continuous Left-Turn Lane",Five lanes,55 MPH,Straight,Level,Dry,State Highway,Urban,Minor Arterial,Dark - Not Lighted,Cloudy,1,0,1,Possible Injury (C)
48898,North Carolina,371093,1,1,1,The First Harmful Event was Not a Collision with a Motor Vehicle in Transport,0,0,"26,001 lbs. or more",Single-Unit Truck (3 or more axles),Other,1,"Rollover, Tripped by Object/Vehicle",Disabling Damage,"Two-Way,  Divided, Positive  Median Barrier",Two lanes,70 MPH,Curve - Left,"Grade, Unknown Slope",Dry,U.S. Highway,Rural,Principal Arterial - Other Freeways and Expressways,Dark - Not Lighted,Clear,1,0,4,Fatal Injury (K)