,STATENAME,ST_CASE,VEH_NO,VE_FORMS,NUMOCCS,MAN_COLLNAME,HIT_RUN,TOW_VEH,GVWRNAME,V_CONFIGNAME,CARGO_BTNAME,HAZ_INV,ROLLOVERNAME,DEFORMEDNAME,VTRAFWAYNAME,VNUM_LANNAME,VSPD_LIMNAME,VALIGNNAME,VPROFILENAME,VSURCONDNAME,ROUTENAME,RUR_URBNAME,FUNC_SYSNAME,LGT_CONDNAME,WEATHERNAME,FATALS,DRUNK_DR,INJ_SEV,INJ_SEVNAME
63563,Texas,481053,2,2,2,Front-to-Rear,0,5,"26,001 lbs. or more",Single-Unit Truck (3 or more axles),Vehicle Towing Another Motor Vehicle,1,No Rollover,Minor Damage,"Two-Way, Divided, Unprotected Median",Two lanes,70 MPH,Straight,Level,Dry,State Highway,Urban,Principal Arterial - Other Freeways and Expressways,Dark - Not Lighted,Clear,1,1,0,No Apparent Injury (O)
63564,Texas,481053,2,2,2,Front-to-Rear,0,5,"26,001 lbs. or more",Single-Unit Truck (3 or more axles),Vehicle Towing Another Motor Vehicle,1,No Rollover,Minor Damage,"Two-Way, Divided, Unprotected Median",Two lanes,70 MPH,Straight,Level,Dry,State Highway,Urban,Principal Arterial - Other Freeways and Expressways,Dark - Not Lighted,Clear,1,1,0,No Apparent Injury (O)
63566,Texas,481054,2,2,1,Sideswipe - Same Direction,0,1,"26,001 lbs. or more",Truck Tractor/Semi-Trailer,Van/Enclosed Box,1,No Rollover,Minor Damage,"Two-Way,  Divided, Positive  Median Barrier",Two lanes,75 MPH,Straight,Level,Wet,Interstate,Rural,Interstate,Dark - Not Lighted,Rain,1,1,0,No Apparent Injury (O)
63585,Texas,481063,2,2,1,Angle,0,1,"26,001 lbs. or more",Truck Tractor/Semi-Trailer,Flatbed,1,No Rollover,Functional Damage,"Two-Way, Not Divided",Four lanes,40 MPH,Straight,Level,Wet,State Highway,Urban,Minor Arterial,Daylight,Rain,1,0,0,No Apparent Injury (O)
63592,Texas,481065,2,2,1,Angle,0,1,"26,001 lbs. or more",Truck Tractor/Semi-Trailer,Van/Enclosed Box,1,No Rollover,Functional Damage,"Two-Way, Divided, Unprotected Median",Two lanes,55 MPH,Straight,Level,Wet,U.S. Highway,Urban,Principal Arterial - Other,Daylight,Rain,2,0,0,No Apparent Injury (O)
63638,Texas,481087,2,2,1,Front-to-Front,0,1,"26,001 lbs. or more",Truck Tractor/Semi-Trailer,Dump,1,No Rollover,Disabling Damage,"Two-Way, Not Divided",Two lanes,55 MPH,Curve - Left,Level,Wet,Other,Rural,Major Collector,Daylight,Rain,1,0,3,Suspected Serious Injury (A)
63654,Texas,481092,3,3,1,Front-to-Rear,0,1,"26,001 lbs. or more",Truck Tractor/Semi-Trailer,Grain/ Chips/ Gravel,1,No Rollover,Functional Damage,"Two-Way, Not Divided",Two lanes,70 MPH,Straight,"Grade, Unknown Slope",Dry,U.S. Highway,Rural,Minor Arterial,Daylight,Clear,2,0,2,Suspected Minor Injury (B)
63669,Texas,481105,1,2,1,Front-to-Rear,0,1,"26,001 lbs. or more",Truck Tractor/Semi-Trailer,Cargo Tank,1,No Rollover,Minor Damage,"Two-Way, Not Divided With a Continuous Left-Turn Lane",Five lanes,55 MPH,Straight,Level,Dry,U.S. Highway,Rural,Principal Arterial - Other,Dark - Lighted,Clear,1,1,0,No Apparent Injury (O)
63680,Texas,481109,2,2,1,Angle,0,1,"26,001 lbs. or more",Truck Tractor/Semi-Trailer,Van/Enclosed Box,1,No Rollover,Functional Damage,"Two-Way, Not Divided",Two lanes,75 MPH,Straight,Level,Dry,U.S. Highway,Rural,Minor Arterial,Daylight,Cloudy,1,0,0,No Apparent Injury (O)
63686,Texas,481113,2,3,1,Front-to-Rear,0,0,"26,001 lbs. or more",Single-Unit Truck (3 or more axles),Flatbed,1,No Rollover,Functional Damage,"Two-Way,  Divided, Positive  Median Barrier",One lane,75 MPH,Straight,Level,Dry,Interstate,Rural,Interstate,Daylight,Clear,1,0,2,Suspected Minor Injury (B)
63687,Texas,481113,3,3,1,Front-to-Rear,0,1,"26,001 lbs. or more",Truck Tractor/Semi-Trailer,Van/Enclosed Box,1,No Rollover,Minor Damage,"Two-Way,  Divided, Positive  Median Barrier",One lane,75 MPH,Straight,Level,Dry,Interstate,Rural,Interstate,Daylight,Clear,1,0,0,No Apparent Injury (O)
63699,Texas,481118,1,2,1,Angle,0,0,"26,001 lbs. or more",Truck Tractor (Bobtail),No Cargo Body Type,1,No Rollover,Functional Damage,"Two-Way, Not Divided",Four lanes,65 MPH,Straight,Level,Wet,State Highway,Rural,Principal Arterial - Other,Daylight,Rain,1,0,0,No Apparent Injury (O)
63709,Texas,481123,2,2,1,Front-to-Rear,0,1,"26,001 lbs. or more",Truck Tractor/Semi-Trailer,Flatbed,1,No Rollover,Functional Damage,One-Way Trafficway,Two lanes,45 MPH,Straight,Level,Dry,Local Street - Frontage Road,Urban,Interstate,Dark - Lighted,Clear,1,0,0,No Apparent Injury (O)
63713,Texas,481126,1,4,1,The First Harmful Event was Not a Collision with a Motor Vehicle in Transport,0,1,"26,001 lbs. or more",Truck Tractor/Semi-Trailer,Flatbed,1,No Rollover,Minor Damage,"Two-Way,  Divided, Positive  Median Barrier",Two lanes,85 MPH,Straight,Level,Dry,State Highway,Rural,Principal Arterial - Other Freeways and Expressways,Daylight,Cloudy,1,0,0,No Apparent Injury (O)
63718,Texas,481127,1,3,1,Front-to-Front,0,1,"26,001 lbs. or more",Truck Tractor/Semi-Trailer,Van/Enclosed Box,1,No Rollover,Functional Damage,"Two-Way,  Divided, Positive  Median Barrier",Two lanes,75 MPH,Straight,Level,Dry,Interstate,Rural,Interstate,Dark - Not Lighted,"Fog, Smog, Smoke",2,0,0,No Apparent Injury (O)
63731,Texas,481130,2,2,1,Angle,0,1,"26,001 lbs. or more",Truck Tractor/Semi-Trailer,Flatbed,1,No Rollover,Functional Damage,"Two-Way, Not Divided",Two lanes,60 MPH,Straight,Level,Dry,U.S. Highway,Rural,Principal Arterial - Other,Daylight,Clear,2,0,0,No Apparent Injury (O)
63761,Texas,481144,1,1,1,The First Harmful Event was Not a Collision with a Motor Vehicle in Transport,0,1,"26,001 lbs. or more",Truck Tractor/Semi-Trailer,Flatbed,1,No Rollover,Minor Damage,"Two-Way, Not Divided",Two lanes,45 MPH,Straight,"Grade, Unknown Slope",Dry,State Highway,Rural,Major Collector,Daylight,Clear,1,0,0,No Apparent Injury (O)
63804,Texas,481162,1,2,1,Sideswipe - Same Direction,0,1,"26,001 lbs. or more",Truck Tractor/Semi-Trailer,Flatbed,1,No Rollover,Minor Damage,"Two-Way,  Divided, Positive  Median Barrier",Four lanes,65 MPH,Curve - Right,Level,Dry,Interstate,Urban,Interstate,Dawn,Cloudy,1,0,0,No Apparent Injury (O)
63809,Texas,481163,2,2,1,Front-to-Rear,0,1,"26,001 lbs. or more",Truck Tractor/Semi-Trailer,Flatbed,1,No Rollover,Minor Damage,"Two-Way, Not Divided",Two lanes,60 MPH,Straight,Level,Dry,County Road,Rural,Local,Dawn,Clear,1,0,0,No Apparent Injury (O)
63824,Texas,481172,3,3,1,Front-to-Rear,0,1,"26,001 lbs. or more",Truck Tractor/Semi-Trailer,Van/Enclosed Box,1,"Rollover, Tripped by Object/Vehicle",Functional Damage,"Two-Way,  Divided, Positive  Median Barrier",Four lanes,60 MPH,Straight,Level,Dry,Interstate,Urban,Interstate,Dark - Lighted,Cloudy,1,1,0,No Apparent Injury (O)
63859,Texas,481187,2,2,1,Angle,0,1,"26,001 lbs. or more",Truck Tractor/Semi-Trailer,Grain/ Chips/ Gravel,1,No Rollover,Disabling Damage,"Two-Way, Not Divided",Four lanes,75 MPH,Straight,Level,Dry,U.S. Highway,Rural,Minor Arterial,Daylight,Cloudy,1,0,1,Possible Injury (C)
63864,Texas,481190,1,3,1,Angle,0,0,"26,001 lbs. or more","Single-Unit Truck (2- axle and GVWR more than 10,000 lbs)",Van/Enclosed Box,1,No Rollover,Minor Damage,One-Way Trafficway,Four lanes,45 MPH,Straight,Level,Dry,Local Street - Frontage Road,Urban,Principal Arterial - Other Freeways and Expressways,Daylight,Clear,2,0,2,Suspected Minor Injury (B)
63869,Texas,481191,2,2,1,Angle,0,1,"26,001 lbs. or more",Truck Tractor/Semi-Trailer,Van/Enclosed Box,1,No Rollover,Functional Damage,"Two-Way, Divided, Unprotected Median",Two lanes,75 MPH,Straight,Level,Dry,U.S. Highway,Rural,Principal Arterial - Other,Dark - Not Lighted,Clear,1,1,0,No Apparent Injury (O)
63883,Texas,481196,1,6,1,Front-to-Rear,0,1,"26,001 lbs. or more",Truck Tractor/Semi-Trailer,Van/Enclosed Box,1,No Rollover,Minor Damage,"Two-Way, Not Divided",Two lanes,70 MPH,Straight,Level,Dry,State Highway,Rural,Minor Arterial,Daylight,Clear,1,0,0,No Apparent Injury (O)
63887,Texas,481196,3,6,2,Front-to-Rear,0,1,"26,001 lbs. or more",Truck Tractor/Semi-Trailer,Van/Enclosed Box,1,No Rollover,Disabling Damage,"Two-Way, Not Divided",Two lanes,70 MPH,Straight,Level,Dry,State Highway,Rural,Minor Arterial,Daylight,Clear,1,0,2,Suspected Minor Injury (B)
63888,Texas,481196,3,6,2,Front-to-Rear,0,1,"26,001 lbs. or more",Truck Tractor/Semi-Trailer,Van/Enclosed Box,1,No Rollover,Disabling Damage,"Two-Way, Not Divided",Two lanes,70 MPH,Straight,Level,Dry,State Highway,Rural,Minor Arterial,Daylight,Clear,1,0,2,Suspected Minor Injury (B)
63890,Texas,481196,5,6,2,Front-to-Rear,0,1,"26,001 lbs. or more",Truck Tractor/Semi-Trailer,Van/Enclosed Box,1,No Rollover,Disabling Damage,"Two-Way, Not Divided",Two lanes,70 MPH,Straight,Level,Dry,State Highway,Rural,Minor Arterial,Daylight,Clear,1,0,4,Fatal Injury (K)
63891,Texas,481196,5,6,2,Front-to-Rear,0,1,"26,001 lbs. or more",Truck Tractor/Semi-Trailer,Van/Enclosed Box,1,No Rollover,Disabling Damage,"Two-Way, Not Divided",Two lanes,70 MPH,Straight,Level,Dry,State Highway,Rural,Minor Arterial,Daylight,Clear,1,0,3,Suspected Serious Injury (A)
63892,Texas,481196,6,6,1,Front-to-Rear,0,1,"26,001 lbs. or more",Truck Tractor/Semi-Trailer,Van/Enclosed Box,1,No Rollover,Minor Damage,"Two-Way, Not Divided",Two lanes,70 MPH,Straight,Level,Dry,State Highway,Rural,Minor Arterial,Daylight,Clear,1,0,0,No Apparent Injury (O)
63894,Texas,481198,1,2,2,Front-to-Rear,0,1,"26,001 lbs. or more",Truck Tractor/Semi-Trailer,Van/Enclosed Box,1,No Rollover,Minor Damage,"Two-Way,  Divided, Positive  Median Barrier",Two lanes,75 MPH,Straight,Hillcrest,Dry,Interstate,Rural,Interstate,Dark - Not Lighted,Cloudy,1,0,0,No Apparent Injury (O)
63895,Texas,481198,1,2,2,Front-to-Rear,0,1,"26,001 lbs. or more",Truck Tractor/Semi-Trailer,Van/Enclosed Box,1,No Rollover,Minor Damage,"Two-Way,  Divided, Positive  Median Barrier",Two lanes,75 MPH,Straight,Hillcrest,Dry,Interstate,Rural,Interstate,Dark - Not Lighted,Cloudy,1,0,0,No Apparent Injury (O)
63904,Texas,481203,1,2,1,Angle,0,1,"26,001 lbs. or more",Truck Tractor/Semi-Trailer,Dump,1,No Rollover,Functional Damage,"Two-Way, Not Divided",Two lanes,65 MPH,Curve - Left,Level,Dry,State Highway,Rural,Minor Arterial,Daylight,Clear,1,0,0,No Apparent Injury (O)
63927,Texas,481210,2,2,4,The First Harmful Event was Not a Collision with a Motor Vehicle in Transport,0,0,"26,001 lbs. or more","Single-Unit Truck (2- axle and GVWR more than 10,000 lbs)",No Cargo Body Type,1,No Rollover,Functional Damage,"Two-Way,  Divided, Positive  Median Barrier",Five lanes,75 MPH,Straight,"Grade, Unknown Slope",Wet,State Highway,Urban,Principal Arterial - Other Freeways and Expressways,Daylight,Rain,1,0,0,No Apparent Injury (O)
63928,Texas,481210,2,2,4,The First Harmful Event was Not a Collision with a Motor Vehicle in Transport,0,0,"26,001 lbs. or more","Single-Unit Truck (2- axle and GVWR more than 10,000 lbs)",No Cargo Body Type,1,No Rollover,Functional Damage,"Two-Way,  Divided, Positive  Median Barrier",Five lanes,75 MPH,Straight,"Grade, Unknown Slope",Wet,State Highway,Urban,Principal Arterial - Other Freeways and Expressways,Daylight,Rain,1,0,0,No Apparent Injury (O)
63929,Texas,481210,2,2,4,The First Harmful Event was Not a Collision with a Motor Vehicle in Transport,0,0,"26,001 lbs. or more","Single-Unit Truck (2- axle and GVWR more than 10,000 lbs)",No Cargo Body Type,1,No Rollover,Functional Damage,"Two-Way,  Divided, Positive  Median Barrier",Five lanes,75 MPH,Straight,"Grade, Unknown Slope",Wet,State Highway,Urban,Principal Arterial - Other Freeways and Expressways,Daylight,Rain,1,0,0,No Apparent Injury (O)
63930,Texas,481210,2,2,4,The First Harmful Event was Not a Collision with a Motor Vehicle in Transport,0,0,"26,001 lbs. or more","Single-Unit Truck (2- axle and GVWR more than 10,000 lbs)",No Cargo Body Type,1,No Rollover,Functional Damage,"Two-Way,  Divided, Positive  Median Barrier",Five lanes,75 MPH,Straight,"Grade, Unknown Slope",Wet,State Highway,Urban,Principal Arterial - Other Freeways and Expressways,Daylight,Rain,1,0,0,No Apparent Injury (O)
63946,Texas,481217,2,2,1,Angle,0,1,"26,001 lbs. or more",Truck Tractor/Semi-Trailer,Flatbed,1,No Rollover,Minor Damage,"Two-Way, Divided, Unprotected Median",Four lanes,70 MPH,Curve - Right,"Grade, Unknown Slope",Dry,State Highway,Rural,Principal Arterial - Other,Dark - Not Lighted,Clear,1,0,2,Suspected Minor Injury (B)
63974,Texas,481231,1,2,1,Front-to-Front,0,1,"26,001 lbs. or more",Truck Tractor/Semi-Trailer,Grain/ Chips/ Gravel,1,No Rollover,Disabling Damage,"Two-Way, Not Divided",Two lanes,65 MPH,Straight,Level,Dry,Other,Rural,Major Collector,Daylight,Clear,1,0,2,Suspected Minor Injury (B)
63988,Texas,481238,2,2,2,The First Harmful Event was Not a Collision with a Motor Vehicle in Transport,0,1,"26,001 lbs. or more",Truck Tractor/Semi-Trailer,Van/Enclosed Box,1,No Rollover,Functional Damage,"Two-Way, Divided, Unprotected Median",Two lanes,45 MPH,Straight,Level,Dry,Local Street - Frontage Road,Urban,Interstate,Dark - Not Lighted,Cloudy,1,1,1,Possible Injury (C)
63989,Texas,481238,2,2,2,The First Harmful Event was Not a Collision with a Motor Vehicle in Transport,0,1,"26,001 lbs. or more",Truck Tractor/Semi-Trailer,Van/Enclosed Box,1,No Rollover,Functional Damage,"Two-Way, Divided, Unprotected Median",Two lanes,45 MPH,Straight,Level,Dry,Local Street - Frontage Road,Urban,Interstate,Dark - Not Lighted,Cloudy,1,1,0,No Apparent Injury (O)
64013,Texas,481249,1,2,2,Angle,0,1,"26,001 lbs. or more",Truck Tractor/Semi-Trailer,Cargo Tank,1,No Rollover,Disabling Damage,"Two-Way, Not Divided",Four lanes,65 MPH,Straight,Level,Dry,State Highway,Rural,Principal Arterial - Other,Dark - Not Lighted,Clear,1,0,2,Suspected Minor Injury (B)
64014,Texas,481249,1,2,2,Angle,0,1,"26,001 lbs. or more",Truck Tractor/Semi-Trailer,Cargo Tank,1,No Rollover,Disabling Damage,"Two-Way, Not Divided",Four lanes,65 MPH,Straight,Level,Dry,State Highway,Rural,Principal Arterial - Other,Dark - Not Lighted,Clear,1,0,2,Suspected Minor Injury (B)
64015,Texas,481249,3,2,1,Angle,0,0,"26,001 lbs. or more",Single-Unit Truck (3 or more axles),Concrete Mixer,1,No Rollover,Disabling Damage,"Two-Way, Not Divided",Four lanes,65 MPH,Straight,Level,Dry,State Highway,Rural,Principal Arterial - Other,Dark - Not Lighted,Clear,1,0,4,Fatal Injury (K)
64029,Texas,481259,1,2,1,Angle,0,1,"26,001 lbs. or more",Truck Tractor/Semi-Trailer,Flatbed,1,No Rollover,Functional Damage,"Two-Way, Not Divided",Two lanes,75 MPH,Straight,Level,Dry,State Highway,Rural,Major Collector,Daylight,Clear,1,0,0,No Apparent Injury (O)
64044,Texas,481266,2,2,1,Other,0,1,"26,001 lbs. or more",Truck Tractor/Semi-Trailer,Flatbed,1,No Rollover,No Damage,"Two-Way, Not Divided",Two lanes,65 MPH,Straight,Level,Dry,U.S. Highway,Rural,Principal Arterial - Other,Daylight,Clear,1,0,0,No Apparent Injury (O)
64060,Texas,481274,2,2,1,Front-to-Rear,0,1,"26,001 lbs. or more",Truck Tractor/Semi-Trailer,Flatbed,1,No Rollover,Disabling Damage,"Two-Way,  Divided, Positive  Median Barrier",Two lanes,75 MPH,Straight,"Grade, Unknown Slope",Wet,Interstate,Rural,Interstate,Dark - Not Lighted,Cloudy,1,0,0,No Apparent Injury (O)
64073,Texas,481279,2,4,1,The First Harmful Event was Not a Collision with a Motor Vehicle in Transport,0,1,"26,001 lbs. or more",Truck Tractor/Semi-Trailer,Cargo Tank,1,No Rollover,No Damage,"Two-Way,  Divided, Positive  Median Barrier",Four lanes,60 MPH,Straight,Level,Dry,Interstate,Urban,Interstate,Dark - Not Lighted,Clear,1,0,0,No Apparent Injury (O)
64082,Texas,481283,2,2,1,Angle,0,1,"26,001 lbs. or more",Truck Tractor/Semi-Trailer,Flatbed,1,"Rollover, Tripped by Object/Vehicle",Functional Damage,"Two-Way, Not Divided",Two lanes,70 MPH,Curve - Left,Level,Dry,Other,Rural,Minor Collector,Daylight,Clear,1,0,0,No Apparent Injury (O)
64132,Texas,481310,1,2,1,Sideswipe - Opposite Direction,0,1,"26,001 lbs. or more",Truck Tractor/Semi-Trailer,Van/Enclosed Box,1,No Rollover,Minor Damage,"Two-Way, Not Divided",Four lanes,45 MPH,Curve - Left,Level,Dry,County Road,Urban,Minor Arterial,Dark - Not Lighted,Clear,1,0,0,No Apparent Injury (O)
64145,Texas,481315,2,2,1,Front-to-Rear,0,1,"26,001 lbs. or more",Truck Tractor/Semi-Trailer,Van/Enclosed Box,1,No Rollover,Functional Damage,"Two-Way,  Divided, Positive  Median Barrier",Three lanes,75 MPH,Straight,Level,Wet,Interstate,Rural,Interstate,Dark - Not Lighted,Rain,1,0,0,No Apparent Injury (O)
64151,Texas,481316,2,2,1,Angle,0,1,"26,001 lbs. or more",Truck Tractor/Semi-Trailer,Intermodal Container Chassis,1,No Rollover,Functional Damage,"Two-Way, Not Divided With a Continuous Left-Turn Lane",Five lanes,75 MPH,Straight,Level,Dry,U.S. Highway,Rural,Principal Arterial - Other,Daylight,Clear,1,0,0,No Apparent Injury (O)
64221,Texas,481347,2,2,1,Front-to-Front,0,1,"26,001 lbs. or more",Truck Tractor/Semi-Trailer,Cargo Tank,1,No Rollover,Functional Damage,"Two-Way, Not Divided With a Continuous Left-Turn Lane",Five lanes,60 MPH,Straight,Level,Dry,U.S. Highway,Urban,Principal Arterial - Other,Dark - Not Lighted,Clear,1,1,0,No Apparent Injury (O)
64233,Texas,481350,2,2,1,Front-to-Front,0,2,"26,001 lbs. or more",Truck Tractor/Double,Van/Enclosed Box,2,No Rollover,Disabling Damage,"Two-Way, Divided, Unprotected Median",Two lanes,65 MPH,Straight,Level,Dry,U.S. Highway,Urban,Principal Arterial - Other Freeways and Expressways,Dark - Not Lighted,Clear,1,0,1,Possible Injury (C)
64246,Texas,481355,2,2,1,Front-to-Rear,0,0,"26,001 lbs. or more",Single-Unit Truck (3 or more axles),Garbage/Refuse,1,No Rollover,Functional Damage,"Two-Way, Not Divided",Two lanes,70 MPH,Straight,"Grade, Unknown Slope",Dry,State Highway,Rural,Minor Arterial,Daylight,Cloudy,1,0,0,No Apparent Injury (O)
64248,Texas,481356,2,3,1,Sideswipe - Same Direction,0,0,"26,001 lbs. or more",Single-Unit Truck (3 or more axles),Dump,1,No Rollover,Minor Damage,"Two-Way,  Divided, Positive  Median Barrier",Two lanes,70 MPH,Straight,"Grade, Unknown Slope",Dry,Interstate,Urban,Interstate,Daylight,Clear,1,0,0,No Apparent Injury (O)
64269,Texas,481361,2,4,2,Rear-to-Side,0,1,"26,001 lbs. or more",Truck Tractor/Semi-Trailer,Cargo Tank,1,No Rollover,No Damage,"Two-Way,  Divided, Positive  Median Barrier",Two lanes,75 MPH,Straight,Level,Dry,U.S. Highway,Urban,Principal Arterial - Other Freeways and Expressways,Daylight,Clear,1,0,0,No Apparent Injury (O)
64270,Texas,481361,2,4,2,Rear-to-Side,0,1,"26,001 lbs. or more",Truck Tractor/Semi-Trailer,Cargo Tank,1,No Rollover,No Damage,"Two-Way,  Divided, Positive  Median Barrier",Two lanes,75 MPH,Straight,Level,Dry,U.S. Highway,Urban,Principal Arterial - Other Freeways and Expressways,Daylight,Clear,1,0,0,No Apparent Injury (O)
64289,Texas,481367,1,3,1,Angle,0,1,"26,001 lbs. or more",Truck Tractor/Semi-Trailer,Cargo Tank,1,No Rollover,Functional Damage,"Two-Way, Not Divided",Four lanes,70 MPH,Straight,"Grade, Unknown Slope",Water (Standing or Moving),U.S. Highway,Rural,Minor Arterial,Daylight,Rain,4,0,0,No Apparent Injury (O)
64290,Texas,481367,2,3,1,Angle,0,1,"26,001 lbs. or more",Truck Tractor/Semi-Trailer,Cargo Tank,1,No Rollover,Functional Damage,"Two-Way, Not Divided",Four lanes,70 MPH,Straight,"Grade, Unknown Slope",Water (Standing or Moving),U.S. Highway,Rural,Minor Arterial,Daylight,Rain,4,0,0,No Apparent Injury (O)
64358,Texas,481397,2,2,1,Angle,0,1,"26,001 lbs. or more",Truck Tractor/Semi-Trailer,Van/Enclosed Box,2,No Rollover,Functional Damage,"Two-Way, Not Divided",Two lanes,65 MPH,Straight,Level,Dry,State Highway,Urban,Principal Arterial - Other,Daylight,Clear,1,0,0,No Apparent Injury (O)
64376,Texas,481405,2,2,1,Angle,0,1,"26,001 lbs. or more",Truck Tractor/Semi-Trailer,Grain/ Chips/ Gravel,1,No Rollover,Minor Damage,"Two-Way, Not Divided",Two lanes,75 MPH,Straight,"Grade, Unknown Slope",Dry,U.S. Highway,Rural,Minor Arterial,Daylight,Clear,1,0,0,No Apparent Injury (O)
64390,Texas,481410,2,3,1,Front-to-Front,0,1,"26,001 lbs. or more",Truck Tractor/Semi-Trailer,Van/Enclosed Box,1,No Rollover,Disabling Damage,"Two-Way, Not Divided With a Continuous Left-Turn Lane",Three lanes,65 MPH,Straight,Level,Dry,U.S. Highway,Urban,Principal Arterial - Other,Daylight,Clear,1,0,0,No Apparent Injury (O)
64396,Texas,481412,1,4,1,Front-to-Rear,0,1,"26,001 lbs. or more",Truck Tractor/Semi-Trailer,Flatbed,1,No Rollover,Functional Damage,"Two-Way,  Divided, Positive  Median Barrier",One lane,75 MPH,Straight,"Grade, Unknown Slope",Dry,Interstate,Rural,Interstate,Daylight,Clear,1,0,0,No Apparent Injury (O)
64397,Texas,481412,2,4,1,Front-to-Rear,0,1,"26,001 lbs. or more",Truck Tractor/Semi-Trailer,Cargo Tank,1,No Rollover,Minor Damage,"Two-Way,  Divided, Positive  Median Barrier",One lane,75 MPH,Straight,"Grade, Unknown Slope",Dry,Interstate,Rural,Interstate,Daylight,Clear,1,0,0,No Apparent Injury (O)
64403,Texas,481413,2,2,1,Angle,0,1,"26,001 lbs. or more",Truck Tractor/Semi-Trailer,Cargo Tank,1,No Rollover,Minor Damage,"Two-Way, Not Divided",Two lanes,65 MPH,Straight,Level,Dry,State Highway,Rural,Major Collector,Dark - Not Lighted,"Fog, Smog, Smoke",2,1,0,No Apparent Injury (O)
64436,Texas,481424,1,1,1,The First Harmful Event was Not a Collision with a Motor Vehicle in Transport,0,1,"26,001 lbs. or more",Truck Tractor/Semi-Trailer,Flatbed,1,"Rollover, Tripped by Object/Vehicle",Disabling Damage,"Two-Way, Not Divided",Two lanes,65 MPH,Straight,Level,Dry,Other,Rural,Major Collector,Dark - Not Lighted,Clear,1,0,4,Fatal Injury (K)
64440,Texas,481425,2,2,1,Angle,0,0,"26,001 lbs. or more",Single-Unit Truck (3 or more axles),Cargo Tank,1,No Rollover,Functional Damage,"Two-Way, Not Divided",Two lanes,75 MPH,Straight,Level,Dry,County Road,Rural,Major Collector,Daylight,Clear,1,0,0,No Apparent Injury (O)
64449,Texas,481429,2,2,1,Front-to-Front,0,1,"26,001 lbs. or more",Truck Tractor/Semi-Trailer,Grain/ Chips/ Gravel,1,No Rollover,Functional Damage,"Two-Way, Not Divided",Two lanes,65 MPH,Straight,Level,Dry,State Highway,Rural,Principal Arterial - Other,Dark - Not Lighted,Clear,1,1,0,No Apparent Injury (O)
64452,Texas,481430,2,2,1,Front-to-Rear,0,1,"26,001 lbs. or more",Truck Tractor/Semi-Trailer,Dump,1,No Rollover,Minor Damage,"Two-Way, Not Divided",Three lanes,30 MPH,Straight,Level,Dry,Local Street - Municipality,Urban,Minor Arterial,Dark - Not Lighted,Cloudy,1,0,0,No Apparent Injury (O)
64453,Texas,481431,1,2,2,Front-to-Front,0,1,"26,001 lbs. or more",Truck Tractor/Semi-Trailer,Flatbed,1,No Rollover,Disabling Damage,"Two-Way, Not Divided",Two lanes,70 MPH,Straight,Level,Dry,Other,Rural,Major Collector,Daylight,Clear,1,0,0,No Apparent Injury (O)
64454,Texas,481431,1,2,2,Front-to-Front,0,1,"26,001 lbs. or more",Truck Tractor/Semi-Trailer,Flatbed,1,No Rollover,Disabling Damage,"Two-Way, Not Divided",Two lanes,70 MPH,Straight,Level,Dry,Other,Rural,Major Collector,Daylight,Clear,1,0,0,No Apparent Injury (O)
64457,Texas,481432,2,2,1,Front-to-Front,0,1,"26,001 lbs. or more",Truck Tractor/Semi-Trailer,Flatbed,1,No Rollover,Disabling Damage,"Two-Way, Not Divided",Two lanes,70 MPH,Straight,Level,Dry,State Highway,Rural,Major Collector,Dawn,Cloudy,1,0,0,No Apparent Injury (O)
64458,Texas,481433,1,2,1,Front-to-Front,0,1,"26,001 lbs. or more",Truck Tractor/Semi-Trailer,Van/Enclosed Box,1,No Rollover,Disabling Damage,"Two-Way, Not Divided",Two lanes,75 MPH,Straight,Level,Wet,U.S. Highway,Rural,Principal Arterial - Other,Dark - Not Lighted,Rain,2,0,4,Fatal Injury (K)
64459,Texas,481433,2,2,1,Front-to-Front,0,1,"26,001 lbs. or more",Truck Tractor/Semi-Trailer,Van/Enclosed Box,1,No Rollover,Disabling Damage,"Two-Way, Not Divided",Two lanes,75 MPH,Straight,Level,Wet,U.S. Highway,Rural,Principal Arterial - Other,Dark - Not Lighted,Rain,2,0,4,Fatal Injury (K)
64473,Texas,481440,1,2,2,Angle,0,0,"26,001 lbs. or more","Single-Unit Truck (2- axle and GVWR more than 10,000 lbs)",No Cargo Body Type,1,No Rollover,Minor Damage,"Two-Way, Divided, Unprotected Median",Two lanes,40 MPH,Straight,Level,Dry,County Road,Urban,Minor Arterial,Daylight,Cloudy,1,0,0,No Apparent Injury (O)
64474,Texas,481440,1,2,2,Angle,0,0,"26,001 lbs. or more","Single-Unit Truck (2- axle and GVWR more than 10,000 lbs)",No Cargo Body Type,1,No Rollover,Minor Damage,"Two-Way, Divided, Unprotected Median",Two lanes,40 MPH,Straight,Level,Dry,County Road,Urban,Minor Arterial,Daylight,Cloudy,1,0,0,No Apparent Injury (O)