,STATENAME,ST_CASE,VEH_NO,VE_FORMS,NUMOCCS,MAN_COLLNAME,HIT_RUN,TOW_VEH,GVWRNAME,V_CONFIGNAME,CARGO_BTNAME,HAZ_INV,ROLLOVERNAME,DEFORMEDNAME,VTRAFWAYNAME,VNUM_LANNAME,VSPD_LIMNAME,VALIGNNAME,VPROFILENAME,VSURCONDNAME,ROUTENAME,RUR_URBNAME,FUNC_SYSNAME,LGT_CONDNAME,WEATHERNAME,FATALS,DRUNK_DR,INJ_SEV,INJ_SEVNAME
100,Alabama,10046,2,2,1,Angle,0,1,"26,001 lbs. or more",Truck Tractor/Semi-Trailer,Cargo Tank,2,No Rollover,Disabling Damage,"Two-Way, Divided, Unprotected Median",Three lanes,40 MPH,Straight,Uphill,Dry,U.S. Highway,Urban,Principal Arterial - Other,Daylight,Clear,1,0,3,Suspected Serious Injury (A)
102,Alabama,10047,2,2,1,Front-to-Front,0,1,"26,001 lbs. or more",Truck Tractor/Semi-Trailer,Van/Enclosed Box,1,No Rollover,Disabling Damage,"Two-Way, Not Divided With a Continuous Left-Turn Lane",Five lanes,40 MPH,Straight,Level,Dry,U.S. Highway,Urban,Principal Arterial - Other,Dark - Lighted,Cloudy,1,1,1,Possible Injury (C)
104,Alabama,10048,2,2,1,Front-to-Front,0,1,"26,001 lbs. or more",Truck Tractor/Semi-Trailer,Van/Enclosed Box,1,No Rollover,Disabling Damage,"Two-Way, Not Divided",Two lanes,55 MPH,Straight,Downhill,Dry,State Highway,Rural,Minor Arterial,Dark - Not Lighted,Clear,1,1,3,Suspected Serious Injury (A)
115,Alabama,10053,2,2,1,Front-to-Front,0,1,"26,001 lbs. or more",Truck Tractor/Semi-Trailer,Van/Enclosed Box,1,No Rollover,Disabling Damage,"Two-Way, Not Divided With a Continuous Left-Turn Lane",Five lanes,50 MPH,Straight,Downhill,Dry,U.S. Highway,Urban,Principal Arterial - Other,Dark - Lighted,Clear,1,0,0,No Apparent Injury (O)
126,Alabama,10059,3,5,1,Angle,0,0,"26,001 lbs. or more",Truck Tractor (Bobtail),No Cargo Body Type,1,No Rollover,Disabling Damage,"Two-Way, Not Divided With a Continuous Left-Turn Lane",Five lanes,55 MPH,Straight,Level,Wet,State Highway,Rural,Principal Arterial - Other,Daylight,Rain,3,0,4,Fatal Injury (K)
127,Alabama,10059,4,5,2,Angle,0,1,"26,001 lbs. or more",Truck Tractor/Semi-Trailer,Van/Enclosed Box,1,No Rollover,Minor Damage,"Two-Way, Not Divided With a Continuous Left-Turn Lane",Five lanes,55 MPH,Straight,Level,Wet,State Highway,Rural,Principal Arterial - Other,Daylight,Rain,3,0,0,No Apparent Injury (O)
128,Alabama,10059,4,5,2,Angle,0,1,"26,001 lbs. or more",Truck Tractor/Semi-Trailer,Van/Enclosed Box,1,No Rollover,Minor Damage,"Two-Way, Not Divided With a Continuous Left-Turn Lane",Five lanes,55 MPH,Straight,Level,Wet,State Highway,Rural,Principal Arterial - Other,Daylight,Rain,3,0,0,No Apparent Injury (O)
152,Alabama,10076,2,2,1,Front-to-Rear,0,1,"26,001 lbs. or more",Truck Tractor/Semi-Trailer,Van/Enclosed Box,1,No Rollover,Minor Damage,"Two-Way, Divided, Unprotected Median",Three lanes,55 MPH,Straight,Level,Dry,Interstate,Urban,Interstate,Dark - Lighted,Clear,1,0,0,No Apparent Injury (O)
155,Alabama,10078,2,2,2,Front-to-Rear,0,1,"26,001 lbs. or more",Truck Tractor/Semi-Trailer,Van/Enclosed Box,1,No Rollover,Disabling Damage,"Two-Way, Divided, Unprotected Median",Two lanes,70 MPH,Straight,Downhill,Wet,Interstate,Rural,Interstate,Dark - Not Lighted,Rain,1,0,0,No Apparent Injury (O)
156,Alabama,10078,2,2,2,Front-to-Rear,0,1,"26,001 lbs. or more",Truck Tractor/Semi-Trailer,Van/Enclosed Box,1,No Rollover,Disabling Damage,"Two-Way, Divided, Unprotected Median",Two lanes,70 MPH,Straight,Downhill,Wet,Interstate,Rural,Interstate,Dark - Not Lighted,Rain,1,0,0,No Apparent Injury (O)
168,Alabama,10084,2,3,1,Angle,0,1,"26,001 lbs. or more",Truck Tractor/Semi-Trailer,Van/Enclosed Box,1,No Rollover,Disabling Damage,"Two-Way, Divided, Unprotected Median",Three lanes,65 MPH,Straight,Level,Dry,U.S. Highway,Rural,Principal Arterial - Other,Daylight,Clear,1,0,0,No Apparent Injury (O)
228,Alabama,10116,2,2,1,Front-to-Front,0,1,"26,001 lbs. or more",Truck Tractor/Semi-Trailer,Log,1,No Rollover,Disabling Damage,"Two-Way, Not Divided",Two lanes,55 MPH,Straight,Hillcrest,Dry,County Road,Rural,Major Collector,Daylight,Cloudy,1,0,0,No Apparent Injury (O)
263,Alabama,10130,2,2,1,Angle,0,1,"26,001 lbs. or more",Truck Tractor/Semi-Trailer,Dump,1,No Rollover,Disabling Damage,"Two-Way, Not Divided",Two lanes,55 MPH,Straight,Uphill,Dry,State Highway,Rural,Major Collector,Dark - Not Lighted,"Fog, Smog, Smoke",1,0,2,Suspected Minor Injury (B)
264,Alabama,10131,1,1,1,Not a Collision with Motor Vehicle In-Transport,0,1,"26,001 lbs. or more",Truck Tractor/Semi-Trailer,Van/Enclosed Box,1,"Rollover, Tripped by Object/Vehicle",Disabling Damage,"Two-Way, Not Divided",Two lanes,55 MPH,Straight,Downhill,Wet,U.S. Highway,Rural,Principal Arterial - Other,Dawn,Rain,1,0,4,Fatal Injury (K)
351,Alabama,10173,2,2,1,Angle,0,0,"26,001 lbs. or more",Single-Unit Truck (3 or more axles),Flatbed,1,"Rollover, Tripped by Object/Vehicle",Disabling Damage,"Two-Way, Not Divided",Two lanes,45 MPH,Straight,Level,Dry,State Highway,Rural,Minor Arterial,Daylight,Clear,1,0,2,Suspected Minor Injury (B)
408,Alabama,10203,2,2,1,Angle,0,2,"26,001 lbs. or more",Truck Tractor/Double,Van/Enclosed Box,2,No Rollover,Disabling Damage,"Two-Way, Divided, Unprotected Median",Two lanes,70 MPH,Straight,Uphill,Dry,Interstate,Rural,Interstate,Dark - Not Lighted,Clear,2,0,3,Suspected Serious Injury (A)
414,Alabama,10205,3,3,1,Front-to-Rear,0,1,"26,001 lbs. or more",Truck Tractor/Semi-Trailer,Auto Transporter,1,No Rollover,Minor Damage,"Two-Way,  Divided, Positive  Median Barrier",Two lanes,55 MPH,Straight,Level,Wet,Interstate,Urban,Interstate,Dark - Lighted,Rain,1,0,0,No Apparent Injury (O)
442,Alabama,10217,1,2,1,Angle,0,1,"26,001 lbs. or more",Truck Tractor/Semi-Trailer,Dump,1,No Rollover,Minor Damage,"Two-Way, Not Divided",Two lanes,45 MPH,Straight,Level,Wet,State Highway,Urban,Minor Arterial,Dark - Not Lighted,Cloudy,1,0,0,No Apparent Injury (O)
456,Alabama,10223,1,2,1,Front-to-Front,0,0,"26,001 lbs. or more",Single-Unit Truck (3 or more axles),Dump,1,No Rollover,Disabling Damage,"Two-Way, Not Divided",Two lanes,55 MPH,Straight,Downhill,Dry,State Highway,Rural,Minor Arterial,Daylight,Clear,1,0,0,No Apparent Injury (O)
473,Alabama,10231,1,1,1,Not a Collision with Motor Vehicle In-Transport,0,1,"26,001 lbs. or more",Truck Tractor/Semi-Trailer,Van/Enclosed Box,1,"Rollover, Tripped by Object/Vehicle",Disabling Damage,"Two-Way, Not Divided",Two lanes,55 MPH,Straight,Level,Dry,U.S. Highway,Rural,Minor Arterial,Dark - Not Lighted,Clear,1,0,4,Fatal Injury (K)
491,Alabama,10242,1,2,2,Angle,0,1,"26,001 lbs. or more",Truck Tractor/Semi-Trailer,Flatbed,1,No Rollover,Disabling Damage,Non-Trafficway or Driveway Access,Non-Trafficway or Driveway Access,No Statutory Limit/Non-Trafficway or Driveway Access,Non-Trafficway or Driveway Access,Non-Trafficway or Driveway Access,Non-Trafficway or Driveway Access,U.S. Highway,Rural,Principal Arterial - Other,Dark - Lighted,Clear,1,1,0,No Apparent Injury (O)
492,Alabama,10242,1,2,2,Angle,0,1,"26,001 lbs. or more",Truck Tractor/Semi-Trailer,Flatbed,1,No Rollover,Disabling Damage,Non-Trafficway or Driveway Access,Non-Trafficway or Driveway Access,No Statutory Limit/Non-Trafficway or Driveway Access,Non-Trafficway or Driveway Access,Non-Trafficway or Driveway Access,Non-Trafficway or Driveway Access,U.S. Highway,Rural,Principal Arterial - Other,Dark - Lighted,Clear,1,1,0,No Apparent Injury (O)
514,Alabama,10250,1,2,2,Angle,0,1,"26,001 lbs. or more",Truck Pulling Trailer(s),Dump,1,No Rollover,Disabling Damage,"Two-Way, Not Divided",Two lanes,55 MPH,Straight,Hillcrest,Dry,State Highway,Urban,Minor Arterial,Daylight,Clear,1,0,0,No Apparent Injury (O)
515,Alabama,10250,1,2,2,Angle,0,1,"26,001 lbs. or more",Truck Pulling Trailer(s),Dump,1,No Rollover,Disabling Damage,"Two-Way, Not Divided",Two lanes,55 MPH,Straight,Hillcrest,Dry,State Highway,Urban,Minor Arterial,Daylight,Clear,1,0,0,No Apparent Injury (O)
546,Alabama,10263,2,2,1,Angle,0,1,"26,001 lbs. or more",Truck Tractor/Semi-Trailer,Log,1,No Rollover,Disabling Damage,"Two-Way, Not Divided",Two lanes,45 MPH,Straight,Level,Dry,County Road,Rural,Major Collector,Daylight,Clear,1,0,0,No Apparent Injury (O)
548,Alabama,10264,2,3,1,Front-to-Front,0,1,"26,001 lbs. or more",Truck Tractor/Semi-Trailer,Van/Enclosed Box,1,No Rollover,Disabling Damage,"Two-Way, Divided, Unprotected Median",Two lanes,55 MPH,Straight,Level,Dry,U.S. Highway,Rural,Principal Arterial - Other,Daylight,Clear,1,0,0,No Apparent Injury (O)
556,Alabama,10268,2,2,2,Front-to-Rear,0,1,"26,001 lbs. or more",Truck Tractor/Semi-Trailer,Van/Enclosed Box,1,No Rollover,Functional Damage,"Two-Way, Divided, Unprotected Median",Three lanes,70 MPH,Straight,Level,Dry,Interstate,Rural,Interstate,Dark - Not Lighted,Clear,1,1,0,No Apparent Injury (O)
557,Alabama,10268,2,2,2,Front-to-Rear,0,1,"26,001 lbs. or more",Truck Tractor/Semi-Trailer,Van/Enclosed Box,1,No Rollover,Functional Damage,"Two-Way, Divided, Unprotected Median",Three lanes,70 MPH,Straight,Level,Dry,Interstate,Rural,Interstate,Dark - Not Lighted,Clear,1,1,0,No Apparent Injury (O)
584,Alabama,10281,1,1,1,Not a Collision with Motor Vehicle In-Transport,0,1,"26,001 lbs. or more",Truck Tractor/Semi-Trailer,Cargo Tank,1,"Rollover, Tripped by Object/Vehicle",Disabling Damage,"Two-Way, Divided, Unprotected Median",Two lanes,45 MPH,Curve - Right,Downhill,Dry,Interstate,Urban,Interstate,Daylight,Cloudy,1,0,4,Fatal Injury (K)
630,Alabama,10300,2,2,1,Front-to-Rear,0,1,"26,001 lbs. or more",Truck Tractor/Semi-Trailer,Van/Enclosed Box,1,No Rollover,Functional Damage,"Two-Way,  Divided, Positive  Median Barrier",Two lanes,70 MPH,Straight,Level,Dry,Interstate,Urban,Interstate,Daylight,Cloudy,1,0,0,No Apparent Injury (O)
631,Alabama,10301,1,1,1,Not a Collision with Motor Vehicle In-Transport,0,1,"26,001 lbs. or more",Truck Tractor/Semi-Trailer,Flatbed,1,No Rollover,Disabling Damage,"Two-Way,  Divided, Positive  Median Barrier",Three lanes,70 MPH,Straight,Level,Dry,Interstate,Rural,Interstate,Daylight,Clear,1,0,4,Fatal Injury (K)
632,Alabama,10302,1,1,1,Not a Collision with Motor Vehicle In-Transport,0,1,"26,001 lbs. or more",Truck Tractor/Semi-Trailer,Van/Enclosed Box,1,No Rollover,Functional Damage,"Two-Way,  Divided, Positive  Median Barrier",Three lanes,70 MPH,Straight,Level,Dry,Interstate,Rural,Interstate,Dark - Not Lighted,Clear,1,0,0,No Apparent Injury (O)
634,Alabama,10304,1,1,1,Not a Collision with Motor Vehicle In-Transport,0,1,"26,001 lbs. or more",Truck Tractor/Semi-Trailer,Van/Enclosed Box,1,"Rollover, Tripped by Object/Vehicle",Disabling Damage,"Two-Way, Divided, Unprotected Median",Two lanes,70 MPH,Straight,Level,Dry,Interstate,Rural,Interstate,Dark - Not Lighted,Clear,1,0,4,Fatal Injury (K)
648,Alabama,10309,2,2,1,Angle,0,1,"26,001 lbs. or more",Truck Tractor/Semi-Trailer,Van/Enclosed Box,1,No Rollover,Disabling Damage,"Two-Way, Divided, Unprotected Median",Two lanes,65 MPH,Straight,Level,Dry,U.S. Highway,Rural,Principal Arterial - Other,Daylight,Clear,2,0,0,No Apparent Injury (O)
701,Alabama,10340,1,1,1,Not a Collision with Motor Vehicle In-Transport,0,1,"26,001 lbs. or more",Truck Tractor/Semi-Trailer,Flatbed,1,"Rollover, Tripped by Object/Vehicle",Disabling Damage,"Two-Way, Not Divided",Two lanes,55 MPH,Straight,Level,Dry,State Highway,Rural,Major Collector,Daylight,Clear,1,0,4,Fatal Injury (K)
722,Alabama,10348,2,2,1,Front-to-Front,0,0,"26,001 lbs. or more",Single-Unit Truck (3 or more axles),Dump,1,No Rollover,Functional Damage,"Two-Way, Not Divided",Two lanes,45 MPH,Straight,Level,Dry,U.S. Highway,Urban,Principal Arterial - Other,Daylight,Clear,1,0,0,No Apparent Injury (O)
723,Alabama,10349,1,1,1,Not a Collision with Motor Vehicle In-Transport,0,1,"26,001 lbs. or more",Truck Tractor/Semi-Trailer,Log,1,No Rollover,No Damage,"Two-Way, Not Divided",Two lanes,50 MPH,Straight,Level,Dry,U.S. Highway,Rural,Minor Arterial,Daylight,Cloudy,1,0,0,No Apparent Injury (O)
806,Alabama,10365,2,2,1,Angle,0,1,"26,001 lbs. or more",Truck Tractor/Semi-Trailer,Van/Enclosed Box,1,No Rollover,Disabling Damage,"Two-Way, Divided, Unprotected Median",Two lanes,70 MPH,Straight,Level,Dry,Interstate,Rural,Interstate,Dark - Not Lighted,Clear,2,1,0,No Apparent Injury (O)
844,Alabama,10383,2,2,1,Front-to-Rear,0,1,"26,001 lbs. or more",Truck Tractor/Semi-Trailer,Van/Enclosed Box,1,No Rollover,Disabling Damage,"Two-Way, Divided, Unprotected Median",Two lanes,70 MPH,Straight,Downhill,Dry,Interstate,Rural,Interstate,Dark - Not Lighted,Cloudy,1,1,2,Suspected Minor Injury (B)
863,Alabama,10390,1,1,1,Not a Collision with Motor Vehicle In-Transport,0,1,"26,001 lbs. or more",Truck Tractor/Semi-Trailer,Van/Enclosed Box,1,No Rollover,Disabling Damage,"Two-Way, Divided, Unprotected Median",Two lanes,70 MPH,Straight,Level,Dry,Interstate,Rural,Interstate,Daylight,Clear,1,0,4,Fatal Injury (K)
965,Alabama,10442,1,1,1,Not a Collision with Motor Vehicle In-Transport,0,0,"26,001 lbs. or more",Truck Tractor (Bobtail),No Cargo Body Type,1,"Rollover, Tripped by Object/Vehicle",Disabling Damage,"Two-Way, Not Divided",Two lanes,35 MPH,Straight,Downhill,Dry,County Road,Urban,Major Collector,Daylight,Clear,1,0,4,Fatal Injury (K)
995,Alabama,10456,2,2,1,Angle,0,0,"26,001 lbs. or more",Single-Unit Truck (3 or more axles),Cargo Tank,2,No Rollover,Disabling Damage,"Two-Way, Divided, Unprotected Median",Two lanes,55 MPH,Curve - Left,Level,Dry,U.S. Highway,Urban,Principal Arterial - Other,Daylight,Clear,1,0,0,No Apparent Injury (O)
1029,Alabama,10466,1,1,1,Not a Collision with Motor Vehicle In-Transport,0,1,"26,001 lbs. or more",Truck Tractor/Semi-Trailer,Van/Enclosed Box,1,No Rollover,Disabling Damage,"Two-Way, Divided, Unprotected Median",Two lanes,65 MPH,Straight,Uphill,Dry,Interstate,Rural,Interstate,Dusk,Clear,1,0,4,Fatal Injury (K)
1031,Alabama,10467,2,2,1,Angle,0,1,"26,001 lbs. or more",Truck Tractor/Semi-Trailer,Flatbed,1,No Rollover,Disabling Damage,"Two-Way, Divided, Unprotected Median",Three lanes,70 MPH,Curve - Right,Level,Dry,Interstate,Rural,Interstate,Daylight,Cloudy,1,0,3,Suspected Serious Injury (A)
1037,Alabama,10470,2,2,1,Front-to-Rear,0,1,"26,001 lbs. or more",Truck Tractor/Semi-Trailer,Flatbed,1,No Rollover,Disabling Damage,"Two-Way,  Divided, Positive  Median Barrier",Three lanes,70 MPH,Curve - Left,Uphill,Dry,Interstate,Urban,Interstate,Daylight,Cloudy,1,0,0,No Apparent Injury (O)
1049,Alabama,10477,2,2,1,Angle,0,1,"26,001 lbs. or more",Truck Tractor/Semi-Trailer,Cargo Tank,1,No Rollover,Disabling Damage,"Two-Way, Divided, Unprotected Median",Two lanes,55 MPH,Straight,Uphill,Dry,County Road,Urban,Minor Arterial,Dark - Not Lighted,Clear,1,1,0,No Apparent Injury (O)
1123,Alabama,10518,1,1,1,Not a Collision with Motor Vehicle In-Transport,0,0,"26,001 lbs. or more",Single-Unit Truck (3 or more axles),Cargo Tank,2,"Rollover, Tripped by Object/Vehicle",Disabling Damage,"Two-Way, Divided, Unprotected Median",Two lanes,65 MPH,Straight,Level,Dry,State Highway,Rural,Principal Arterial - Other,Daylight,Clear,1,0,4,Fatal Injury (K)
1125,Alabama,10519,2,5,1,Front-to-Rear,0,1,"26,001 lbs. or more",Truck Tractor/Semi-Trailer,Van/Enclosed Box,1,No Rollover,Disabling Damage,"Two-Way, Divided, Unprotected Median",Four lanes,55 MPH,Straight,Level,Dry,U.S. Highway,Urban,Principal Arterial - Other,Daylight,Clear,1,0,0,No Apparent Injury (O)
1155,Alabama,10531,5,5,1,Front-to-Rear,0,1,"26,001 lbs. or more",Truck Tractor/Semi-Trailer,Cargo Tank,2,No Rollover,Minor Damage,"Two-Way,  Divided, Positive  Median Barrier",Two lanes,70 MPH,Straight,Level,Dry,Interstate,Urban,Interstate,Daylight,Clear,1,0,0,No Apparent Injury (O)
1168,Alabama,10538,1,2,1,Front-to-Rear,0,1,"26,001 lbs. or more",Truck Tractor/Semi-Trailer,Flatbed,1,No Rollover,Disabling Damage,"Two-Way, Divided, Unprotected Median",Two lanes,70 MPH,Straight,Level,Dry,Interstate,Urban,Interstate,Daylight,Clear,1,0,4,Fatal Injury (K)
1169,Alabama,10538,2,2,1,Front-to-Rear,0,1,"26,001 lbs. or more",Truck Tractor/Semi-Trailer,Van/Enclosed Box,1,No Rollover,Disabling Damage,"Two-Way, Divided, Unprotected Median",Two lanes,70 MPH,Straight,Level,Dry,Interstate,Urban,Interstate,Daylight,Clear,1,0,1,Possible Injury (C)
1181,Alabama,10542,2,2,3,Front-to-Rear,0,1,"26,001 lbs. or more",Truck Pulling Trailer(s),Flatbed,1,No Rollover,Minor Damage,Non-Trafficway or Driveway Access,Non-Trafficway or Driveway Access,No Statutory Limit/Non-Trafficway or Driveway Access,Non-Trafficway or Driveway Access,Non-Trafficway or Driveway Access,Non-Trafficway or Driveway Access,U.S. Highway,Urban,Principal Arterial - Other,Daylight,Cloudy,1,0,0,No Apparent Injury (O)
1182,Alabama,10542,2,2,3,Front-to-Rear,0,1,"26,001 lbs. or more",Truck Pulling Trailer(s),Flatbed,1,No Rollover,Minor Damage,Non-Trafficway or Driveway Access,Non-Trafficway or Driveway Access,No Statutory Limit/Non-Trafficway or Driveway Access,Non-Trafficway or Driveway Access,Non-Trafficway or Driveway Access,Non-Trafficway or Driveway Access,U.S. Highway,Urban,Principal Arterial - Other,Daylight,Cloudy,1,0,0,No Apparent Injury (O)
1183,Alabama,10542,2,2,3,Front-to-Rear,0,1,"26,001 lbs. or more",Truck Pulling Trailer(s),Flatbed,1,No Rollover,Minor Damage,Non-Trafficway or Driveway Access,Non-Trafficway or Driveway Access,No Statutory Limit/Non-Trafficway or Driveway Access,Non-Trafficway or Driveway Access,Non-Trafficway or Driveway Access,Non-Trafficway or Driveway Access,U.S. Highway,Urban,Principal Arterial - Other,Daylight,Cloudy,1,0,0,No Apparent Injury (O)
1214,Alabama,10559,1,2,1,Front-to-Rear,0,0,"26,001 lbs. or more",Single-Unit Truck (3 or more axles),Dump,1,No Rollover,Minor Damage,"Two-Way, Divided, Unprotected Median",Four lanes,55 MPH,Straight,Level,Dry,Local Street - Municipality,Urban,Principal Arterial - Other,Daylight,Clear,1,0,0,No Apparent Injury (O)
1228,Alabama,10562,2,2,1,Angle,0,1,"26,001 lbs. or more",Truck Tractor/Semi-Trailer,Van/Enclosed Box,1,No Rollover,Disabling Damage,"Two-Way, Divided, Unprotected Median",Four lanes,50 MPH,Straight,Level,Dry,U.S. Highway,Urban,Principal Arterial - Other,Daylight,Clear,1,0,0,No Apparent Injury (O)
1239,Alabama,10568,2,2,1,Angle,0,0,"26,001 lbs. or more",Truck Tractor (Bobtail),No Cargo Body Type,1,No Rollover,Functional Damage,"Two-Way, Not Divided",Six lanes,45 MPH,Straight,Level,Dry,U.S. Highway,Urban,Principal Arterial - Other,Daylight,Cloudy,1,0,0,No Apparent Injury (O)
1253,Alabama,10576,1,4,1,Front-to-Rear,0,1,"26,001 lbs. or more",Truck Tractor/Semi-Trailer,Cargo Tank,2,No Rollover,Disabling Damage,"Two-Way,  Divided, Positive  Median Barrier",Two lanes,70 MPH,Straight,Level,Dry,Interstate,Urban,Interstate,Daylight,Clear,1,0,0,No Apparent Injury (O)
1283,Alabama,10587,2,2,1,Angle,0,0,"26,001 lbs. or more",Single-Unit Truck (3 or more axles),Dump,1,No Rollover,Disabling Damage,"Two-Way, Divided, Unprotected Median",Three lanes,65 MPH,Straight,Level,Dry,State Highway,Rural,Principal Arterial - Other,Dawn,Cloudy,1,0,0,No Apparent Injury (O)
1324,Alabama,10607,1,2,1,Angle,0,1,"26,001 lbs. or more",Truck Tractor/Semi-Trailer,Flatbed,1,No Rollover,Disabling Damage,"Two-Way, Not Divided",Two lanes,30 MPH,Straight,Level,Dry,State Highway,Rural,Minor Arterial,Daylight,Clear,1,0,4,Fatal Injury (K)
1325,Alabama,10607,2,2,1,Angle,0,1,"26,001 lbs. or more",Truck Tractor/Semi-Trailer,Flatbed,1,"Rollover, Tripped by Object/Vehicle",Functional Damage,"Two-Way, Not Divided",Two lanes,30 MPH,Straight,Level,Dry,State Highway,Rural,Minor Arterial,Daylight,Clear,1,0,0,No Apparent Injury (O)
1326,Alabama,10608,1,1,1,Not a Collision with Motor Vehicle In-Transport,0,0,"26,001 lbs. or more","Single-Unit Truck (2- axle and GVWR more than 10,000 lbs)",Cargo Tank,1,"Rollover, Tripped by Object/Vehicle",Disabling Damage,"Two-Way, Not Divided",Two lanes,45 MPH,Straight,Level,Dry,Local Street - Municipality,Urban,Minor Arterial,Daylight,Clear,1,0,4,Fatal Injury (K)
1412,Alabama,10650,2,2,2,Not a Collision with Motor Vehicle In-Transport,0,1,"26,001 lbs. or more",Truck Tractor/Semi-Trailer,Van/Enclosed Box,1,No Rollover,Minor Damage,"Two-Way, Not Divided",Two lanes,55 MPH,Straight,Level,Dry,County Road,Rural,Major Collector,Dark - Not Lighted,Cloudy,1,1,0,No Apparent Injury (O)
1413,Alabama,10650,2,2,2,Not a Collision with Motor Vehicle In-Transport,0,1,"26,001 lbs. or more",Truck Tractor/Semi-Trailer,Van/Enclosed Box,1,No Rollover,Minor Damage,"Two-Way, Not Divided",Two lanes,55 MPH,Straight,Level,Dry,County Road,Rural,Major Collector,Dark - Not Lighted,Cloudy,1,1,0,No Apparent Injury (O)
1467,Alabama,10659,3,3,1,Front-to-Rear,0,1,"26,001 lbs. or more",Truck Tractor/Semi-Trailer,Van/Enclosed Box,1,No Rollover,Minor Damage,"Two-Way,  Divided, Positive  Median Barrier",Four lanes,70 MPH,Straight,Level,Dry,Interstate,Rural,Interstate,Dark - Lighted,Clear,4,0,0,No Apparent Injury (O)
1468,Alabama,10660,1,1,1,Not a Collision with Motor Vehicle In-Transport,0,1,"26,001 lbs. or more",Truck Tractor/Semi-Trailer,Cargo Tank,2,No Rollover,Disabling Damage,"Two-Way,  Divided, Positive  Median Barrier",Three lanes,70 MPH,Straight,Level,Dry,Interstate,Rural,Interstate,Dark - Not Lighted,Clear,1,0,0,No Apparent Injury (O)
1488,Alabama,10672,2,2,1,Angle,0,1,"26,001 lbs. or more",Truck Tractor/Semi-Trailer,Flatbed,1,"Rollover, Tripped by Object/Vehicle",Disabling Damage,"Two-Way, Not Divided",Two lanes,55 MPH,Curve - Right,Uphill,Wet,State Highway,Rural,Minor Arterial,Daylight,Rain,2,0,0,No Apparent Injury (O)
1490,Alabama,10673,2,2,1,Angle,0,1,"26,001 lbs. or more",Truck Tractor/Semi-Trailer,Log,1,No Rollover,Minor Damage,"Two-Way, Not Divided With a Continuous Left-Turn Lane",Four lanes,55 MPH,Curve - Left,Uphill,Dry,State Highway,Rural,Minor Arterial,Dark - Not Lighted,Clear,1,0,0,No Apparent Injury (O)
1555,Alabama,10702,2,2,1,Angle,0,1,"26,001 lbs. or more",Truck Tractor/Semi-Trailer,Van/Enclosed Box,1,No Rollover,Disabling Damage,"Two-Way, Divided, Unprotected Median",Two lanes,55 MPH,Straight,Level,Wet,State Highway,Rural,Principal Arterial - Other,Daylight,Rain,1,0,0,No Apparent Injury (O)
1570,Alabama,10711,2,2,1,Front-to-Front,0,1,"26,001 lbs. or more",Truck Tractor/Semi-Trailer,Log,1,No Rollover,Disabling Damage,"Two-Way, Not Divided",Two lanes,55 MPH,Straight,Level,Wet,State Highway,Rural,Minor Arterial,Daylight,Cloudy,1,0,0,No Apparent Injury (O)
1576,Alabama,10714,2,2,1,Front-to-Front,0,0,"26,001 lbs. or more",Truck Tractor (Bobtail),No Cargo Body Type,1,No Rollover,Disabling Damage,"Two-Way, Not Divided",Two lanes,40 MPH,Straight,Uphill,Dry,Local Street - Municipality,Urban,Minor Arterial,Daylight,Clear,1,0,1,Possible Injury (C)
1581,Alabama,10717,2,3,1,Front-to-Rear,0,1,"26,001 lbs. or more",Truck Tractor/Semi-Trailer,Log,1,No Rollover,Minor Damage,"Two-Way, Not Divided",Two lanes,55 MPH,Straight,Level,Dry,State Highway,Rural,Principal Arterial - Other,Dark - Not Lighted,Clear,1,0,0,No Apparent Injury (O)
1594,Alabama,10722,2,2,1,Front-to-Rear,0,1,"26,001 lbs. or more",Truck Tractor/Semi-Trailer,Van/Enclosed Box,1,No Rollover,Minor Damage,"Two-Way,  Divided, Positive  Median Barrier",Five lanes,60 MPH,Straight,Level,Dry,State Highway,Urban,Principal Arterial - Other,Dark - Lighted,Clear,1,0,0,No Apparent Injury (O)
1611,Alabama,10730,2,2,1,Front-to-Front,0,0,"26,001 lbs. or more","Single-Unit Truck (2- axle and GVWR more than 10,000 lbs)",Cargo Tank,2,No Rollover,Disabling Damage,"Two-Way, Not Divided",Two lanes,45 MPH,Straight,Hillcrest,Dry,County Road,Rural,Major Collector,Daylight,Cloudy,1,0,0,No Apparent Injury (O)
1613,Alabama,10732,1,2,1,Not a Collision with Motor Vehicle In-Transport,0,0,"26,001 lbs. or more",Single-Unit Truck (3 or more axles),Cargo Tank,2,"Rollover, Tripped by Object/Vehicle",Disabling Damage,"Two-Way, Divided, Unprotected Median",Three lanes,65 MPH,Straight,Level,Dry,State Highway,Rural,Principal Arterial - Other,Daylight,Clear,2,0,3,Suspected Serious Injury (A)
1622,Alabama,10736,2,2,1,Angle,0,1,"26,001 lbs. or more",Truck Tractor/Semi-Trailer,Van/Enclosed Box,1,No Rollover,Minor Damage,"Two-Way, Divided, Unprotected Median",Two lanes,65 MPH,Straight,Level,Dry,U.S. Highway,Rural,Principal Arterial - Other,Daylight,Clear,1,0,0,No Apparent Injury (O)
1676,Alabama,10769,2,3,1,Sideswipe - Opposite Direction,0,1,"26,001 lbs. or more",Truck Tractor/Semi-Trailer,Dump,1,No Rollover,Functional Damage,"Two-Way, Not Divided",Two lanes,55 MPH,Straight,Uphill,Dry,State Highway,Rural,Minor Arterial,Daylight,Clear,2,1,0,No Apparent Injury (O)