,STATENAME,ST_CASE,VEH_NO,VE_FORMS,NUMOCCS,MAN_COLLNAME,HIT_RUN,TOW_VEH,GVWRNAME,V_CONFIGNAME,CARGO_BTNAME,HAZ_INV,ROLLOVERNAME,DEFORMEDNAME,VTRAFWAYNAME,VNUM_LANNAME,VSPD_LIMNAME,VALIGNNAME,VPROFILENAME,VSURCONDNAME,ROUTENAME,RUR_URBNAME,FUNC_SYSNAME,LGT_CONDNAME,WEATHERNAME,FATALS,DRUNK_DR,INJ_SEV,INJ_SEVNAME
1677,Alabama,10769,3,3,1,Sideswipe - Opposite Direction,0,1,"26,001 lbs. or more",Truck Tractor/Semi-Trailer,Log,1,No Rollover,Disabling Damage,"Two-Way, Not Divided",Two lanes,55 MPH,Straight,Uphill,Dry,State Highway,Rural,Minor Arterial,Daylight,Clear,2,1,0,No Apparent Injury (O)
1678,Alabama,10770,1,2,1,Front-to-Rear,0,0,"26,001 lbs. or more",Single-Unit Truck (3 or more axles),Dump,1,No Rollover,Disabling Damage,"Two-Way, Divided, Unprotected Median",Five lanes,55 MPH,Straight,Level,Dry,U.S. Highway,Rural,Principal Arterial - Other,Daylight,Clear,1,0,0,No Apparent Injury (O)
1696,Alabama,10780,1,2,1,Front-to-Rear,0,0,"26,001 lbs. or more",Single-Unit Truck (3 or more axles),Dump,1,No Rollover,Minor Damage,"Two-Way, Divided, Unprotected Median",Two lanes,60 MPH,Straight,Level,Dry,U.S. Highway,Rural,Principal Arterial - Other,Daylight,Clear,1,0,0,No Apparent Injury (O)
1719,Alabama,10789,1,2,1,Front-to-Front,0,1,"26,001 lbs. or more",Truck Pulling Trailer(s),Dump,1,No Rollover,Minor Damage,"Two-Way, Not Divided",Two lanes,55 MPH,Straight,Downhill,Dry,State Highway,Rural,Minor Arterial,Daylight,Clear,1,0,0,No Apparent Injury (O)
1725,Alabama,10792,2,2,2,Not a Collision with Motor Vehicle In-Transport,0,1,"26,001 lbs. or more",Truck Tractor/Semi-Trailer,Van/Enclosed Box,1,No Rollover,Minor Damage,"Two-Way, Divided, Unprotected Median",Two lanes,70 MPH,Straight,Level,Wet,Interstate,Rural,Interstate,Dark - Not Lighted,Rain,1,0,0,No Apparent Injury (O)
1726,Alabama,10792,2,2,2,Not a Collision with Motor Vehicle In-Transport,0,1,"26,001 lbs. or more",Truck Tractor/Semi-Trailer,Van/Enclosed Box,1,No Rollover,Minor Damage,"Two-Way, Divided, Unprotected Median",Two lanes,70 MPH,Straight,Level,Wet,Interstate,Rural,Interstate,Dark - Not Lighted,Rain,1,0,0,No Apparent Injury (O)
1758,Alabama,10808,2,2,1,Angle,0,1,"26,001 lbs. or more",Truck Tractor/Semi-Trailer,Van/Enclosed Box,1,No Rollover,Disabling Damage,"Two-Way, Divided, Unprotected Median",Three lanes,40 MPH,Straight,Level,Wet,U.S. Highway,Rural,Principal Arterial - Other,Dark - Lighted,Rain,1,0,0,No Apparent Injury (O)
1797,Alabama,10827,1,2,1,Front-to-Front,0,1,"26,001 lbs. or more",Truck Tractor/Semi-Trailer,Van/Enclosed Box,1,No Rollover,Disabling Damage,"Two-Way, Not Divided",Two lanes,45 MPH,Straight,Downhill,Wet,County Road,Urban,Local,Daylight,Cloudy,1,0,0,No Apparent Injury (O)
1805,Alabama,10833,2,2,1,Front-to-Front,0,1,"26,001 lbs. or more",Truck Tractor/Semi-Trailer,Van/Enclosed Box,1,No Rollover,Disabling Damage,"Two-Way, Not Divided",Two lanes,55 MPH,Straight,Level,Wet,State Highway,Rural,Minor Arterial,Dark - Not Lighted,Rain,1,0,2,Suspected Minor Injury (B)
1850,Alabama,10855,2,2,1,Angle,0,1,"26,001 lbs. or more",Truck Tractor/Semi-Trailer,Log,1,No Rollover,Disabling Damage,"Two-Way, Not Divided",Two lanes,45 MPH,Straight,Uphill,Dry,County Road,Rural,Local,Daylight,Clear,1,0,0,No Apparent Injury (O)
1867,Alabama,10864,2,2,1,Front-to-Front,0,0,"26,001 lbs. or more","Single-Unit Truck (2- axle and GVWR more than 10,000 lbs)",Other,1,No Rollover,Disabling Damage,"Two-Way, Not Divided",Two lanes,55 MPH,Straight,Downhill,Wet,State Highway,Rural,Major Collector,Dark - Not Lighted,Cloudy,3,0,2,Suspected Minor Injury (B)
1995,Alaska,20033,2,2,1,Front-to-Front,0,2,"26,001 lbs. or more",Truck Tractor/Double,Cargo Tank,2,No Rollover,Disabling Damage,"Two-Way, Not Divided",Two lanes,45 MPH,Curve - Left,Level,Wet,State Highway,Rural,Interstate,Daylight,Rain,2,0,2,Suspected Minor Injury (B)
2000,Alaska,20036,1,2,1,Other,0,1,"26,001 lbs. or more",Truck Tractor/Semi-Trailer,Dump,1,No Rollover,No Damage,"Two-Way, Not Divided",Two lanes,55 MPH,Straight,"Grade, Unknown Slope",Dry,State Highway,Rural,Interstate,Daylight,Clear,1,0,0,No Apparent Injury (O)
2019,Alaska,20043,1,1,1,Not a Collision with Motor Vehicle In-Transport,0,1,"26,001 lbs. or more",Truck Tractor/Semi-Trailer,Cargo Tank,2,"Rollover, Tripped by Object/Vehicle",Disabling Damage,"Two-Way, Not Divided",Two lanes,50 MPH,Straight,Level,"Mud, Dirt or Gravel",State Highway,Rural,Principal Arterial - Other,Dark - Not Lighted,Freezing Rain or Drizzle,1,0,4,Fatal Injury (K)
2038,Alaska,20051,1,3,1,Other,1,1,"26,001 lbs. or more",Truck Tractor/Semi-Trailer,Grain/ Chips/ Gravel,1,No Rollover,No Damage,"Two-Way, Not Divided",Two lanes,55 MPH,Straight,Level,Dry,State Highway,Urban,Interstate,Dark - Lighted,Cloudy,1,0,0,No Apparent Injury (O)
2105,Arizona,40011,1,3,2,Front-to-Rear,0,1,"26,001 lbs. or more",Truck Tractor/Semi-Trailer,Van/Enclosed Box,1,No Rollover,Disabling Damage,"Two-Way,  Divided, Positive  Median Barrier",Two lanes,75 MPH,Curve - Left,Downhill,Dry,Interstate,Rural,Interstate,Daylight,Clear,1,0,0,No Apparent Injury (O)
2106,Arizona,40011,1,3,2,Front-to-Rear,0,1,"26,001 lbs. or more",Truck Tractor/Semi-Trailer,Van/Enclosed Box,1,No Rollover,Disabling Damage,"Two-Way,  Divided, Positive  Median Barrier",Two lanes,75 MPH,Curve - Left,Downhill,Dry,Interstate,Rural,Interstate,Daylight,Clear,1,0,0,No Apparent Injury (O)
2134,Arizona,40018,2,3,1,Angle,0,1,"26,001 lbs. or more",Truck Tractor/Semi-Trailer,Van/Enclosed Box,1,"Rollover, Tripped by Object/Vehicle",Disabling Damage,"Two-Way, Divided, Unprotected Median",Two lanes,75 MPH,Curve - Left,Downhill,Wet,Interstate,Rural,Interstate,Dark - Not Lighted,Rain,2,1,0,No Apparent Injury (O)
2222,Arizona,40058,2,2,1,Sideswipe - Opposite Direction,0,1,"26,001 lbs. or more",Truck Tractor/Semi-Trailer,Flatbed,1,No Rollover,Functional Damage,"Two-Way, Not Divided",Two lanes,55 MPH,Straight,Level,Dry,State Highway,Rural,Minor Arterial,Daylight,Clear,1,0,0,No Apparent Injury (O)
2301,Arizona,40102,3,3,1,Sideswipe - Opposite Direction,0,1,"26,001 lbs. or more",Truck Tractor/Semi-Trailer,Van/Enclosed Box,1,No Rollover,Disabling Damage,"Two-Way, Not Divided",Two lanes,55 MPH,Curve - Left,Level,Dry,State Highway,Rural,Major Collector,Daylight,Clear,2,0,4,Fatal Injury (K)
2326,Arizona,40118,2,2,1,Front-to-Front,0,1,"26,001 lbs. or more",Truck Tractor/Semi-Trailer,Flatbed,1,No Rollover,Disabling Damage,"Two-Way, Divided, Unprotected Median",Two lanes,75 MPH,Straight,Level,Dry,Interstate,Rural,Interstate,Daylight,Cloudy,1,0,2,Suspected Minor Injury (B)
2358,Arizona,40127,3,5,1,Other,0,0,"26,001 lbs. or more","Truck More Than 10,000 lbs, Cannot Classify",Other,1,No Rollover,Disabling Damage,"Two-Way,  Divided, Positive  Median Barrier",Two lanes,75 MPH,Straight,Level,Snow,Interstate,Rural,Interstate,Daylight,Snow,1,0,0,No Apparent Injury (O)
2369,Arizona,40135,1,2,1,Sideswipe - Same Direction,0,1,"26,001 lbs. or more",Truck Tractor/Semi-Trailer,Flatbed,1,No Rollover,No Damage,"Two-Way, Not Divided With a Continuous Left-Turn Lane",Five lanes,35 MPH,Straight,Level,Dry,State Highway,Rural,Major Collector,Dark - Lighted,Clear,1,0,0,No Apparent Injury (O)
2374,Arizona,40136,2,2,1,Front-to-Rear,0,1,"26,001 lbs. or more",Truck Tractor/Semi-Trailer,Van/Enclosed Box,1,No Rollover,Minor Damage,"Two-Way,  Divided, Positive  Median Barrier",Five lanes,65 MPH,Straight,Level,Dry,Interstate,Urban,Interstate,Daylight,Clear,1,0,0,No Apparent Injury (O)
2457,Arizona,40175,2,2,1,Front-to-Front,0,1,"26,001 lbs. or more",Truck Tractor/Semi-Trailer,Flatbed,1,No Rollover,Disabling Damage,"Two-Way, Not Divided",Four lanes,55 MPH,Straight,Level,Dry,State Highway,Urban,Principal Arterial - Other,Daylight,Clear,1,0,0,No Apparent Injury (O)
2478,Arizona,40186,2,2,1,Front-to-Front,0,1,"26,001 lbs. or more",Truck Tractor/Semi-Trailer,Cargo Tank,1,No Rollover,Disabling Damage,"Two-Way, Not Divided",Two lanes,65 MPH,Straight,Level,Dry,State Highway,Rural,Major Collector,Dark - Not Lighted,Clear,1,1,0,No Apparent Injury (O)
2489,Arizona,40192,2,2,1,Angle,0,1,"26,001 lbs. or more",Truck Tractor/Semi-Trailer,Dump,1,No Rollover,Disabling Damage,"Two-Way, Not Divided",Four lanes,45 MPH,Straight,Level,Dry,U.S. Highway,Rural,Principal Arterial - Other,Dawn,Clear,2,0,0,No Apparent Injury (O)
2516,Arizona,40203,1,3,1,Front-to-Rear,0,1,"26,001 lbs. or more",Truck Tractor/Semi-Trailer,Van/Enclosed Box,1,No Rollover,Disabling Damage,"Two-Way, Divided, Unprotected Median",Two lanes,65 MPH,Straight,Level,Dry,Interstate,Urban,Interstate,Daylight,Clear,2,0,2,Suspected Minor Injury (B)
2662,Arizona,40278,1,3,1,Front-to-Rear,0,1,"26,001 lbs. or more",Truck Tractor/Semi-Trailer,Van/Enclosed Box,1,No Rollover,Disabling Damage,"Two-Way, Divided, Unprotected Median",Two lanes,75 MPH,Straight,Level,Dry,Interstate,Rural,Interstate,Dark - Not Lighted,Clear,1,0,4,Fatal Injury (K)
2663,Arizona,40278,2,3,1,Front-to-Rear,0,1,"26,001 lbs. or more",Truck Tractor/Semi-Trailer,Van/Enclosed Box,2,No Rollover,Disabling Damage,"Two-Way, Divided, Unprotected Median",Two lanes,75 MPH,Straight,Level,Dry,Interstate,Rural,Interstate,Dark - Not Lighted,Clear,1,0,2,Suspected Minor Injury (B)
2664,Arizona,40278,3,3,2,Front-to-Rear,0,1,"26,001 lbs. or more",Truck Tractor/Semi-Trailer,Van/Enclosed Box,1,No Rollover,Disabling Damage,"Two-Way, Divided, Unprotected Median",Two lanes,75 MPH,Straight,Level,Dry,Interstate,Rural,Interstate,Dark - Not Lighted,Clear,1,0,0,No Apparent Injury (O)
2665,Arizona,40278,3,3,2,Front-to-Rear,0,1,"26,001 lbs. or more",Truck Tractor/Semi-Trailer,Van/Enclosed Box,1,No Rollover,Disabling Damage,"Two-Way, Divided, Unprotected Median",Two lanes,75 MPH,Straight,Level,Dry,Interstate,Rural,Interstate,Dark - Not Lighted,Clear,1,0,0,No Apparent Injury (O)
2682,Arizona,40286,2,2,1,Front-to-Rear,0,1,"26,001 lbs. or more",Truck Tractor/Semi-Trailer,Van/Enclosed Box,1,"Rollover, Tripped by Object/Vehicle",Disabling Damage,"Two-Way, Divided, Unprotected Median",Two lanes,75 MPH,Straight,Level,Dry,Interstate,Rural,Interstate,Dark - Not Lighted,Clear,1,0,0,No Apparent Injury (O)
2901,Arizona,40380,1,1,1,Not a Collision with Motor Vehicle In-Transport,0,1,"26,001 lbs. or more",Truck Tractor/Semi-Trailer,Cargo Tank,2,"Rollover, Tripped by Object/Vehicle",Disabling Damage,"Two-Way, Divided, Unprotected Median",Two lanes,75 MPH,Curve - Left,Level,Dry,Interstate,Rural,Interstate,Dark - Not Lighted,Clear,1,0,4,Fatal Injury (K)
2933,Arizona,40388,2,2,1,Angle,0,1,"26,001 lbs. or more",Truck Tractor/Semi-Trailer,Dump,1,No Rollover,Functional Damage,"Two-Way, Divided, Unprotected Median",Four lanes,65 MPH,Straight,Level,Dry,U.S. Highway,Rural,Principal Arterial - Other,Dark - Not Lighted,Clear,1,1,0,No Apparent Injury (O)
3038,Arizona,40436,2,2,1,Front-to-Front,0,0,"26,001 lbs. or more",Single-Unit Truck (3 or more axles),Flatbed,1,No Rollover,Disabling Damage,"Two-Way, Divided, Unprotected Median",Two lanes,40 MPH,Straight,Level,Dry,State Highway,Urban,Principal Arterial - Other,Daylight,Clear,1,0,2,Suspected Minor Injury (B)
3054,Arizona,40443,1,1,2,Not a Collision with Motor Vehicle In-Transport,0,1,"26,001 lbs. or more",Truck Tractor/Semi-Trailer,Van/Enclosed Box,1,"Rollover, Tripped by Object/Vehicle",Disabling Damage,"Two-Way, Divided, Unprotected Median",Two lanes,65 MPH,Curve - Left,Downhill,Dry,Interstate,Rural,Interstate,Daylight,Clear,1,0,3,Suspected Serious Injury (A)
3055,Arizona,40443,1,1,2,Not a Collision with Motor Vehicle In-Transport,0,1,"26,001 lbs. or more",Truck Tractor/Semi-Trailer,Van/Enclosed Box,1,"Rollover, Tripped by Object/Vehicle",Disabling Damage,"Two-Way, Divided, Unprotected Median",Two lanes,65 MPH,Curve - Left,Downhill,Dry,Interstate,Rural,Interstate,Daylight,Clear,1,0,4,Fatal Injury (K)
3063,Arizona,40446,3,3,1,Front-to-Rear,0,1,"26,001 lbs. or more",Truck Tractor/Semi-Trailer,Van/Enclosed Box,1,No Rollover,Disabling Damage,"Two-Way,  Divided, Positive  Median Barrier",Six lanes,65 MPH,Straight,Level,Dry,Interstate,Urban,Interstate,Dark - Lighted,Clear,1,0,0,No Apparent Injury (O)
3084,Arizona,40457,1,1,1,Not a Collision with Motor Vehicle In-Transport,0,0,"26,001 lbs. or more",Single-Unit Truck (3 or more axles),Dump,1,"Rollover, Tripped by Object/Vehicle",Disabling Damage,"Two-Way, Divided, Unprotected Median",Two lanes,75 MPH,Straight,Downhill,Dry,Interstate,Rural,Interstate,Daylight,Clear,1,0,4,Fatal Injury (K)
3174,Arizona,40498,2,3,1,Front-to-Rear,0,0,"26,001 lbs. or more",Single-Unit Truck (3 or more axles),Garbage/Refuse,1,No Rollover,Disabling Damage,"Two-Way,  Divided, Positive  Median Barrier",Five lanes,65 MPH,Straight,Level,Dry,Interstate,Urban,Interstate,Dark - Lighted,Clear,1,1,0,No Apparent Injury (O)
3185,Arizona,40502,3,3,2,Angle,0,1,"26,001 lbs. or more",Truck Tractor/Semi-Trailer,Flatbed,1,"Rollover, Tripped by Object/Vehicle",Disabling Damage,"Two-Way, Divided, Unprotected Median",Two lanes,65 MPH,Straight,Level,Dry,Interstate,Urban,Interstate,Daylight,Clear,1,0,1,Possible Injury (C)
3186,Arizona,40502,3,3,2,Angle,0,1,"26,001 lbs. or more",Truck Tractor/Semi-Trailer,Flatbed,1,"Rollover, Tripped by Object/Vehicle",Disabling Damage,"Two-Way, Divided, Unprotected Median",Two lanes,65 MPH,Straight,Level,Dry,Interstate,Urban,Interstate,Daylight,Clear,1,0,1,Possible Injury (C)
3232,Arizona,40527,1,1,1,Not a Collision with Motor Vehicle In-Transport,0,2,"26,001 lbs. or more",Truck Tractor/Double,Van/Enclosed Box,2,"Rollover, Tripped by Object/Vehicle",Disabling Damage,"Two-Way, Divided, Unprotected Median",Two lanes,75 MPH,Straight,Level,Dry,Interstate,Rural,Interstate,Daylight,Clear,1,0,4,Fatal Injury (K)
3253,Arizona,40534,1,5,1,Front-to-Rear,0,1,"26,001 lbs. or more",Truck Tractor/Semi-Trailer,Van/Enclosed Box,1,No Rollover,Disabling Damage,"Two-Way, Divided, Unprotected Median",Two lanes,75 MPH,Straight,Uphill,Dry,Interstate,Rural,Interstate,Daylight,Clear,1,0,0,No Apparent Injury (O)
3354,Arizona,40582,3,4,1,Front-to-Rear,0,1,"26,001 lbs. or more",Truck Tractor/Semi-Trailer,Cargo Tank,2,No Rollover,Functional Damage,"Two-Way, Divided, Unprotected Median",Two lanes,65 MPH,Straight,Uphill,Dry,Interstate,Rural,Interstate,Daylight,Clear,1,0,0,No Apparent Injury (O)
3369,Arizona,40588,2,2,1,Front-to-Front,0,1,"26,001 lbs. or more",Truck Tractor/Semi-Trailer,Van/Enclosed Box,1,No Rollover,Disabling Damage,"Two-Way, Not Divided",Two lanes,55 MPH,Straight,Level,Dry,State Highway,Rural,Major Collector,Dark - Not Lighted,Cloudy,1,0,0,No Apparent Injury (O)
3448,Arizona,40619,2,2,1,Sideswipe - Same Direction,0,5,"26,001 lbs. or more",Single-Unit Truck (3 or more axles),Vehicle Towing Another Motor Vehicle,1,No Rollover,Minor Damage,"Two-Way, Not Divided",Two lanes,30 MPH,Straight,Level,Dry,Local Street - Municipality,Urban,Minor Arterial,Dark - Lighted,Clear,1,1,0,No Apparent Injury (O)
3563,Arizona,40673,1,1,1,Not a Collision with Motor Vehicle In-Transport,0,1,"26,001 lbs. or more",Truck Tractor/Semi-Trailer,Van/Enclosed Box,1,"Rollover, Untripped",Disabling Damage,Entrance/Exit Ramp,Two lanes,45 MPH,Curve - Left,Uphill,Dry,Interstate,Rural,Interstate,Daylight,Clear,1,0,4,Fatal Injury (K)
3569,Arizona,40674,5,7,1,Front-to-Rear,0,0,"26,001 lbs. or more",Single-Unit Truck (3 or more axles),Garbage/Refuse,1,No Rollover,Functional Damage,"Two-Way, Divided, Unprotected Median",Five lanes,40 MPH,Straight,Level,Dry,Local Street - Municipality,Urban,Principal Arterial - Other,Daylight,Cloudy,1,1,0,No Apparent Injury (O)
3573,Arizona,40675,2,2,1,Angle,0,1,"26,001 lbs. or more",Truck Tractor/Semi-Trailer,Van/Enclosed Box,1,No Rollover,Disabling Damage,"Two-Way, Not Divided",Seven or more lanes,45 MPH,Straight,Level,Dry,Local Street - Municipality,Urban,Minor Arterial,Dark - Lighted,Clear,1,0,0,No Apparent Injury (O)
3574,Arizona,40676,1,2,1,Front-to-Front,0,1,"26,001 lbs. or more",Truck Tractor/Semi-Trailer,Van/Enclosed Box,1,No Rollover,Disabling Damage,"Two-Way, Divided, Unprotected Median",Two lanes,75 MPH,Curve - Left,Downhill,Dry,Interstate,Urban,Interstate,Dark - Not Lighted,Clear,1,0,4,Fatal Injury (K)
3575,Arizona,40676,2,2,1,Front-to-Front,0,1,"26,001 lbs. or more",Truck Tractor/Semi-Trailer,Van/Enclosed Box,1,No Rollover,Disabling Damage,"Two-Way, Divided, Unprotected Median",Two lanes,75 MPH,Curve - Right,Uphill,Dry,Interstate,Urban,Interstate,Dark - Not Lighted,Clear,1,0,3,Suspected Serious Injury (A)
3634,Arizona,40701,1,1,1,Not a Collision with Motor Vehicle In-Transport,0,1,"26,001 lbs. or more",Truck Tractor/Semi-Trailer,Flatbed,1,No Rollover,No Damage,"Two-Way, Not Divided",Six lanes,40 MPH,Straight,Level,Dry,Local Street - Municipality,Urban,Principal Arterial - Other,Daylight,Clear,1,0,0,No Apparent Injury (O)
3645,Arizona,40707,2,3,1,Angle,0,1,"26,001 lbs. or more",Truck Tractor/Semi-Trailer,Dump,1,No Rollover,Disabling Damage,"Two-Way, Not Divided",Two lanes,55 MPH,Straight,Level,Water (Standing or Moving),State Highway,Rural,Minor Arterial,Daylight,Rain,2,0,2,Suspected Minor Injury (B)
3667,Arizona,40720,2,3,1,Sideswipe - Same Direction,0,1,"26,001 lbs. or more",Truck Tractor/Semi-Trailer,Cargo Tank,2,No Rollover,Functional Damage,"Two-Way, Divided, Unprotected Median",Two lanes,75 MPH,Straight,Level,Dry,Interstate,Urban,Interstate,Dawn,Cloudy,1,0,0,No Apparent Injury (O)
3668,Arizona,40720,3,3,1,Sideswipe - Same Direction,0,1,"26,001 lbs. or more",Truck Tractor/Semi-Trailer,Van/Enclosed Box,1,No Rollover,Disabling Damage,"Two-Way, Divided, Unprotected Median",Two lanes,75 MPH,Straight,Level,Dry,Interstate,Urban,Interstate,Dawn,Cloudy,1,0,0,No Apparent Injury (O)
3708,Arizona,40739,2,2,1,Angle,0,0,"26,001 lbs. or more",Single-Unit Truck (3 or more axles),Garbage/Refuse,1,No Rollover,Disabling Damage,"Two-Way, Divided, Unprotected Median",Four lanes,45 MPH,Straight,Level,Dry,Local Street - Municipality,Urban,Minor Arterial,Dark - Lighted,Cloudy,1,0,0,No Apparent Injury (O)
3718,Arizona,40742,2,3,2,Sideswipe - Same Direction,0,1,"26,001 lbs. or more",Truck Tractor/Semi-Trailer,Cargo Tank,1,No Rollover,Functional Damage,"Two-Way,  Divided, Positive  Median Barrier",Four lanes,65 MPH,Straight,Level,Dry,Interstate,Urban,Interstate,Daylight,Clear,1,0,0,No Apparent Injury (O)
3719,Arizona,40742,2,3,2,Sideswipe - Same Direction,0,1,"26,001 lbs. or more",Truck Tractor/Semi-Trailer,Cargo Tank,1,No Rollover,Functional Damage,"Two-Way,  Divided, Positive  Median Barrier",Four lanes,65 MPH,Straight,Level,Dry,Interstate,Urban,Interstate,Daylight,Clear,1,0,0,No Apparent Injury (O)
3724,Arizona,40744,2,2,1,Front-to-Rear,0,1,"26,001 lbs. or more",Truck Tractor/Semi-Trailer,Flatbed,1,No Rollover,No Damage,"Two-Way, Not Divided With a Continuous Left-Turn Lane",Five lanes,45 MPH,Straight,Level,Dry,Local Street - Municipality,Urban,Minor Arterial,Dark - Lighted,Clear,1,0,0,No Apparent Injury (O)
3781,Arizona,40769,2,2,1,Reported as Unknown,0,1,"26,001 lbs. or more",Truck Tractor/Semi-Trailer,Van/Enclosed Box,1,No Rollover,Functional Damage,"Two-Way, Not Divided With a Continuous Left-Turn Lane",Five lanes,40 MPH,Straight,Level,Dry,Local Street - Municipality,Urban,Principal Arterial - Other,Daylight,Clear,1,0,0,No Apparent Injury (O)
3906,Arizona,40824,1,1,2,Not a Collision with Motor Vehicle In-Transport,0,2,"26,001 lbs. or more",Truck Tractor/Double,Van/Enclosed Box,1,No Rollover,Functional Damage,"Two-Way, Divided, Unprotected Median",Two lanes,75 MPH,Straight,Level,Wet,Interstate,Rural,Interstate,Dark - Not Lighted,Cloudy,1,0,0,No Apparent Injury (O)
3907,Arizona,40824,1,1,2,Not a Collision with Motor Vehicle In-Transport,0,2,"26,001 lbs. or more",Truck Tractor/Double,Van/Enclosed Box,1,No Rollover,Functional Damage,"Two-Way, Divided, Unprotected Median",Two lanes,75 MPH,Straight,Level,Wet,Interstate,Rural,Interstate,Dark - Not Lighted,Cloudy,1,0,0,No Apparent Injury (O)
3959,Arizona,40849,2,2,1,Front-to-Front,0,1,"26,001 lbs. or more",Truck Tractor/Semi-Trailer,Van/Enclosed Box,1,No Rollover,Disabling Damage,"Two-Way, Not Divided",Two lanes,55 MPH,Straight,Hillcrest,Dry,State Highway,Rural,Principal Arterial - Other,Daylight,Cloudy,1,0,1,Possible Injury (C)
3998,Arizona,40865,3,3,1,Sideswipe - Same Direction,0,1,"26,001 lbs. or more",Truck Tractor/Semi-Trailer,Van/Enclosed Box,2,No Rollover,Disabling Damage,"Two-Way,  Divided, Positive  Median Barrier",Three lanes,75 MPH,Straight,Level,Dry,Interstate,Urban,Interstate,Daylight,Clear,1,0,0,No Apparent Injury (O)
4018,Arizona,40874,1,2,1,Front-to-Rear,0,1,"26,001 lbs. or more",Truck Tractor/Semi-Trailer,Van/Enclosed Box,1,No Rollover,Disabling Damage,"Two-Way, Divided, Unprotected Median",Two lanes,75 MPH,Straight,Hillcrest,Dry,Interstate,Urban,Interstate,Dark - Lighted,Clear,1,0,4,Fatal Injury (K)
4019,Arizona,40874,2,2,1,Front-to-Rear,0,1,"26,001 lbs. or more",Truck Tractor/Semi-Trailer,Van/Enclosed Box,1,No Rollover,Disabling Damage,"Two-Way, Divided, Unprotected Median",Two lanes,75 MPH,Straight,Hillcrest,Dry,Interstate,Urban,Interstate,Dark - Lighted,Clear,1,0,0,No Apparent Injury (O)
4028,Arizona,40879,2,2,1,Front-to-Rear,0,0,"26,001 lbs. or more","Single-Unit Truck (2- axle and GVWR more than 10,000 lbs)",Concrete Mixer,1,No Rollover,Disabling Damage,"Two-Way,  Divided, Positive  Median Barrier",Four lanes,65 MPH,Straight,Uphill,Dry,State Highway,Urban,Principal Arterial - Other Freeways and Expressways,Dark - Lighted,Clear,1,0,1,Possible Injury (C)
4033,Arizona,40880,3,5,1,Front-to-Front,0,5,"26,001 lbs. or more","Truck More Than 10,000 lbs, Cannot Classify",Vehicle Towing Another Motor Vehicle,1,No Rollover,Disabling Damage,"Two-Way, Divided, Unprotected Median",Three lanes,75 MPH,Straight,Level,Dry,Interstate,Urban,Interstate,Daylight,Clear,4,0,0,No Apparent Injury (O)
4034,Arizona,40880,4,5,1,Front-to-Front,0,1,"26,001 lbs. or more",Truck Tractor/Semi-Trailer,Van/Enclosed Box,1,No Rollover,Disabling Damage,"Two-Way, Divided, Unprotected Median",Three lanes,75 MPH,Straight,Level,Dry,Interstate,Urban,Interstate,Daylight,Clear,4,0,0,No Apparent Injury (O)
4039,Arizona,40881,2,3,1,Angle,0,1,"26,001 lbs. or more",Truck Tractor/Semi-Trailer,Other,1,No Rollover,Functional Damage,"Two-Way, Divided, Unprotected Median",Two lanes,75 MPH,Straight,Level,Dry,Interstate,Urban,Interstate,Dark - Not Lighted,Clear,1,1,0,No Apparent Injury (O)
4163,Arizona,40934,1,5,1,Sideswipe - Same Direction,0,1,"26,001 lbs. or more",Truck Tractor/Semi-Trailer,Flatbed,1,No Rollover,Disabling Damage,"Two-Way,  Divided, Positive  Median Barrier",Three lanes,65 MPH,Straight,Level,Dry,Interstate,Urban,Interstate,Daylight,Cloudy,3,0,3,Suspected Serious Injury (A)
4225,Arkansas,50007,2,2,1,Front-to-Front,0,1,"26,001 lbs. or more",Truck Tractor/Semi-Trailer,Van/Enclosed Box,1,"Rollover, Tripped by Object/Vehicle",Disabling Damage,"Two-Way, Not Divided",Two lanes,65 MPH,Straight,Level,Dry,State Highway,Rural,Minor Arterial,Daylight,Clear,1,0,0,No Apparent Injury (O)
4237,Arkansas,50009,1,1,1,Not a Collision with Motor Vehicle In-Transport,0,1,"26,001 lbs. or more",Truck Tractor/Semi-Trailer,Cargo Tank,1,No Rollover,Functional Damage,"Two-Way,  Divided, Positive  Median Barrier",Four lanes,65 MPH,Straight,Level,Dry,Interstate,Urban,Interstate,Dark - Not Lighted,Clear,1,0,4,Fatal Injury (K)
4240,Arkansas,50011,2,2,1,Angle,0,1,"26,001 lbs. or more",Truck Tractor/Semi-Trailer,Cargo Tank,2,"Rollover, Tripped by Object/Vehicle",Disabling Damage,"Two-Way, Not Divided With a Continuous Left-Turn Lane",Four lanes,60 MPH,Straight,Downhill,Ice/Frost,U.S. Highway,Rural,Principal Arterial - Other,Daylight,Clear,1,0,0,No Apparent Injury (O)
4242,Arkansas,50012,2,2,1,Front-to-Front,0,1,"26,001 lbs. or more",Truck Tractor/Semi-Trailer,Van/Enclosed Box,1,No Rollover,Disabling Damage,"Two-Way, Not Divided",Two lanes,55 MPH,Curve - Left,Level,Wet,U.S. Highway,Rural,Principal Arterial - Other,Daylight,Cloudy,1,0,2,Suspected Minor Injury (B)
4251,Arkansas,50017,2,2,1,Front-to-Front,0,1,"26,001 lbs. or more",Truck Tractor/Semi-Trailer,Grain/ Chips/ Gravel,1,No Rollover,Disabling Damage,"Two-Way, Not Divided",Two lanes,55 MPH,Straight,Level,Dry,U.S. Highway,Rural,Minor Arterial,Daylight,Cloudy,1,0,0,No Apparent Injury (O)