,STATENAME,ST_CASE,VEH_NO,VE_FORMS,NUMOCCS,MAN_COLLNAME,HIT_RUN,TOW_VEH,GVWRNAME,V_CONFIGNAME,CARGO_BTNAME,HAZ_INV,ROLLOVERNAME,DEFORMEDNAME,VTRAFWAYNAME,VNUM_LANNAME,VSPD_LIMNAME,VALIGNNAME,VPROFILENAME,VSURCONDNAME,ROUTENAME,RUR_URBNAME,FUNC_SYSNAME,LGT_CONDNAME,WEATHERNAME,FATALS,DRUNK_DR,INJ_SEV,INJ_SEVNAME
24820,Georgia,131400,1,1,3,Not a Collision with Motor Vehicle In-Transport,0,0,"26,001 lbs. or more",Single-Unit Truck (3 or more axles),Garbage/Refuse,1,No Rollover,Minor Damage,"Two-Way, Not Divided",Two lanes,25 MPH,Straight,"Grade, Unknown Slope",Dry,County Road,Urban,Minor Collector,Daylight,Clear,1,0,0,No Apparent Injury (O)
24821,Georgia,131400,1,1,3,Not a Collision with Motor Vehicle In-Transport,0,0,"26,001 lbs. or more",Single-Unit Truck (3 or more axles),Garbage/Refuse,1,No Rollover,Minor Damage,"Two-Way, Not Divided",Two lanes,25 MPH,Straight,"Grade, Unknown Slope",Dry,County Road,Urban,Minor Collector,Daylight,Clear,1,0,4,Fatal Injury (K)
24822,Georgia,131400,1,1,3,Not a Collision with Motor Vehicle In-Transport,0,0,"26,001 lbs. or more",Single-Unit Truck (3 or more axles),Garbage/Refuse,1,No Rollover,Minor Damage,"Two-Way, Not Divided",Two lanes,25 MPH,Straight,"Grade, Unknown Slope",Dry,County Road,Urban,Minor Collector,Daylight,Clear,1,0,0,No Apparent Injury (O)
24831,Georgia,131403,2,2,1,Front-to-Rear,0,1,"26,001 lbs. or more",Truck Tractor/Semi-Trailer,Van/Enclosed Box,1,No Rollover,Disabling Damage,"Two-Way,  Divided, Positive  Median Barrier",Two lanes,70 MPH,Straight,"Grade, Unknown Slope",Dry,Interstate,Rural,Interstate,Dark - Not Lighted,Cloudy,1,1,0,No Apparent Injury (O)
24840,Georgia,131406,2,2,1,Angle,0,1,"26,001 lbs. or more",Truck Tractor/Semi-Trailer,Van/Enclosed Box,1,No Rollover,Disabling Damage,"Two-Way,  Divided, Positive  Median Barrier",Three lanes,70 MPH,Straight,Level,Dry,Interstate,Urban,Interstate,Daylight,Cloudy,1,0,0,No Apparent Injury (O)
24921,Hawaii,150026,2,2,1,Front-to-Front,0,1,"26,001 lbs. or more",Truck Pulling Trailer(s),Cargo Tank,2,No Rollover,Disabling Damage,"Two-Way, Not Divided",Two lanes,45 MPH,Straight,Level,Dry,State Highway,Rural,Principal Arterial - Other,Daylight,Clear,1,0,2,Suspected Minor Injury (B)
24940,Hawaii,150035,2,2,2,Angle,0,0,"26,001 lbs. or more",Single-Unit Truck (3 or more axles),Garbage/Refuse,1,No Rollover,Functional Damage,"Two-Way, Not Divided",Two lanes,45 MPH,Straight,Level,Dry,State Highway,Urban,Principal Arterial - Other,Daylight,Clear,1,0,0,No Apparent Injury (O)
24941,Hawaii,150035,2,2,2,Angle,0,0,"26,001 lbs. or more",Single-Unit Truck (3 or more axles),Garbage/Refuse,1,No Rollover,Functional Damage,"Two-Way, Not Divided",Two lanes,45 MPH,Straight,Level,Dry,State Highway,Urban,Principal Arterial - Other,Daylight,Clear,1,0,0,No Apparent Injury (O)
25035,Hawaii,150088,1,1,2,Not a Collision with Motor Vehicle In-Transport,0,0,"26,001 lbs. or more",Single-Unit Truck (3 or more axles),Garbage/Refuse,1,No Rollover,No Damage,"Two-Way, Not Divided",Two lanes,5 MPH,Straight,Level,Dry,County Road,Urban,Local,Daylight,Clear,1,0,0,No Apparent Injury (O)
25036,Hawaii,150088,1,1,2,Not a Collision with Motor Vehicle In-Transport,0,0,"26,001 lbs. or more",Single-Unit Truck (3 or more axles),Garbage/Refuse,1,No Rollover,No Damage,"Two-Way, Not Divided",Two lanes,5 MPH,Straight,Level,Dry,County Road,Urban,Local,Daylight,Clear,1,0,0,No Apparent Injury (O)
25044,Hawaii,150089,3,3,1,Sideswipe - Opposite Direction,0,0,"26,001 lbs. or more",Single-Unit Truck (3 or more axles),Cargo Tank,2,No Rollover,Disabling Damage,"Two-Way, Not Divided",Two lanes,55 MPH,Straight,Uphill,Wet,State Highway,Rural,Principal Arterial - Other,Daylight,Rain,1,0,2,Suspected Minor Injury (B)
25067,Hawaii,150097,2,2,1,Sideswipe - Opposite Direction,0,1,"26,001 lbs. or more",Truck Pulling Trailer(s),Cargo Tank,2,No Rollover,Minor Damage,"Two-Way, Not Divided",Three lanes,60 MPH,Curve - Left,Downhill,Wet,State Highway,Rural,Principal Arterial - Other,Dark - Not Lighted,Rain,1,0,0,No Apparent Injury (O)
25122,Idaho,160015,2,2,1,Front-to-Rear,0,2,"26,001 lbs. or more",Truck Tractor/Double,Flatbed,1,No Rollover,Functional Damage,"Two-Way,  Divided, Positive  Median Barrier",Four lanes,80 MPH,Straight,Level,Dry,Interstate,Rural,Interstate,Daylight,Clear,1,0,2,Suspected Minor Injury (B)
25126,Idaho,160018,1,2,1,Not a Collision with Motor Vehicle In-Transport,0,1,"26,001 lbs. or more",Truck Tractor/Semi-Trailer,Van/Enclosed Box,1,No Rollover,Disabling Damage,"Two-Way, Not Divided",Four lanes,70 MPH,Straight,Level,Dry,Interstate,Urban,Principal Arterial - Other,Dark - Not Lighted,Clear,1,0,4,Fatal Injury (K)
25133,Idaho,160022,2,2,1,Angle,0,1,"26,001 lbs. or more",Truck Tractor/Semi-Trailer,Van/Enclosed Box,1,No Rollover,Disabling Damage,"Two-Way, Divided, Unprotected Median",Two lanes,60 MPH,Straight,"Grade, Unknown Slope",Dry,U.S. Highway,Rural,Principal Arterial - Other,Daylight,Clear,1,0,1,Possible Injury (C)
25138,Idaho,160026,1,2,1,Sideswipe - Opposite Direction,0,1,"26,001 lbs. or more",Truck Tractor/Semi-Trailer,Intermodal Container Chassis,2,No Rollover,Disabling Damage,"Two-Way, Not Divided",Two lanes,55 MPH,Curve - Right,"Grade, Unknown Slope",Wet,U.S. Highway,Rural,Principal Arterial - Other,Daylight,Snow,1,0,0,No Apparent Injury (O)
25170,Idaho,160043,1,1,1,Not a Collision with Motor Vehicle In-Transport,0,0,"26,001 lbs. or more",Truck Tractor (Bobtail),No Cargo Body Type,1,No Rollover,Disabling Damage,"Two-Way, Not Divided",Two lanes,55 MPH,Straight,"Grade, Unknown Slope",Dry,Local Street - Township,Rural,Local,Daylight,Cloudy,1,0,4,Fatal Injury (K)
25192,Idaho,160057,1,2,1,Front-to-Front,0,1,"26,001 lbs. or more",Truck Tractor/Semi-Trailer,Grain/ Chips/ Gravel,1,No Rollover,Disabling Damage,"Two-Way, Divided, Unprotected Median",Two lanes,70 MPH,Straight,Level,Dry,Interstate,Rural,Interstate,Daylight,Clear,1,0,3,Suspected Serious Injury (A)
25193,Idaho,160057,2,2,1,Front-to-Front,0,1,"26,001 lbs. or more",Truck Tractor/Semi-Trailer,Van/Enclosed Box,1,No Rollover,Disabling Damage,"Two-Way, Divided, Unprotected Median",Two lanes,70 MPH,Straight,Level,Dry,Interstate,Rural,Interstate,Daylight,Clear,1,0,4,Fatal Injury (K)
25197,Idaho,160058,2,3,2,Angle,0,2,"26,001 lbs. or more",Truck Tractor/Double,Van/Enclosed Box,1,No Rollover,Disabling Damage,"Two-Way,  Divided, Positive  Median Barrier",Four lanes,80 MPH,Curve - Left,"Grade, Unknown Slope",Dry,Interstate,Rural,Interstate,Dark - Not Lighted,Clear,1,0,0,No Apparent Injury (O)
25198,Idaho,160058,2,3,2,Angle,0,2,"26,001 lbs. or more",Truck Tractor/Double,Van/Enclosed Box,1,No Rollover,Disabling Damage,"Two-Way,  Divided, Positive  Median Barrier",Four lanes,80 MPH,Curve - Left,"Grade, Unknown Slope",Dry,Interstate,Rural,Interstate,Dark - Not Lighted,Clear,1,0,0,No Apparent Injury (O)
25205,Idaho,160061,1,1,1,Not a Collision with Motor Vehicle In-Transport,0,1,"26,001 lbs. or more",Truck Tractor/Semi-Trailer,Van/Enclosed Box,1,No Rollover,Minor Damage,"Two-Way,  Divided, Positive  Median Barrier",Two lanes,70 MPH,Straight,"Grade, Unknown Slope",Dry,Interstate,Rural,Interstate,Dark - Not Lighted,Clear,1,0,0,No Apparent Injury (O)
25221,Idaho,160067,2,2,1,Front-to-Rear,0,3,"26,001 lbs. or more",Truck Tractor/Triple,Van/Enclosed Box,1,No Rollover,Minor Damage,"Two-Way,  Divided, Positive  Median Barrier",Four lanes,80 MPH,Straight,Level,Dry,Interstate,Rural,Interstate,Daylight,Clear,1,0,0,No Apparent Injury (O)
25239,Idaho,160073,4,6,1,Not a Collision with Motor Vehicle In-Transport,0,1,"26,001 lbs. or more",Truck Tractor/Semi-Trailer,Grain/ Chips/ Gravel,1,No Rollover,Functional Damage,"Two-Way,  Divided, Positive  Median Barrier",Two lanes,80 MPH,Straight,Level,Dry,Interstate,Rural,Interstate,Daylight,Clear,2,1,0,No Apparent Injury (O)
25257,Idaho,160078,2,2,1,Front-to-Rear,0,2,"26,001 lbs. or more",Truck Tractor/Double,Grain/ Chips/ Gravel,1,No Rollover,Functional Damage,"Two-Way, Not Divided",Two lanes,50 MPH,Straight,Level,Dry,Local Street - Township,Rural,Minor Collector,Daylight,Cloudy,1,0,0,No Apparent Injury (O)
25279,Idaho,160092,1,7,1,Front-to-Rear,0,1,"26,001 lbs. or more","Truck More Than 10,000 lbs, Cannot Classify",Intermodal Container Chassis,1,No Rollover,Disabling Damage,"Two-Way,  Divided, Positive  Median Barrier",Four lanes,55 MPH,Straight,Level,Dry,Interstate,Urban,Interstate,Dark - Not Lighted,Clear,4,0,4,Fatal Injury (K)
25283,Idaho,160092,3,7,3,Front-to-Rear,0,1,"26,001 lbs. or more","Truck More Than 10,000 lbs, Cannot Classify",Intermodal Container Chassis,1,No Rollover,Disabling Damage,"Two-Way,  Divided, Positive  Median Barrier",Four lanes,55 MPH,Straight,Level,Dry,Interstate,Urban,Interstate,Dark - Not Lighted,Clear,4,0,1,Possible Injury (C)
25284,Idaho,160092,3,7,3,Front-to-Rear,0,1,"26,001 lbs. or more","Truck More Than 10,000 lbs, Cannot Classify",Intermodal Container Chassis,1,No Rollover,Disabling Damage,"Two-Way,  Divided, Positive  Median Barrier",Four lanes,55 MPH,Straight,Level,Dry,Interstate,Urban,Interstate,Dark - Not Lighted,Clear,4,0,0,No Apparent Injury (O)
25285,Idaho,160092,3,7,3,Front-to-Rear,0,1,"26,001 lbs. or more","Truck More Than 10,000 lbs, Cannot Classify",Intermodal Container Chassis,1,No Rollover,Disabling Damage,"Two-Way,  Divided, Positive  Median Barrier",Four lanes,55 MPH,Straight,Level,Dry,Interstate,Urban,Interstate,Dark - Not Lighted,Clear,4,0,0,No Apparent Injury (O)
25328,Idaho,160102,1,1,1,Not a Collision with Motor Vehicle In-Transport,0,1,"26,001 lbs. or more",Truck Tractor/Semi-Trailer,Intermodal Container Chassis,1,"Rollover, Untripped",Disabling Damage,"Two-Way,  Divided, Positive  Median Barrier",Four lanes,70 MPH,Straight,Level,Dry,Interstate,Rural,Interstate,Daylight,Clear,1,0,4,Fatal Injury (K)
25355,Idaho,160112,1,1,1,Not a Collision with Motor Vehicle In-Transport,0,0,"26,001 lbs. or more",Single-Unit Truck (3 or more axles),Dump,1,"Rollover, Tripped by Object/Vehicle",Disabling Damage,"Two-Way, Divided, Unprotected Median",Two lanes,65 MPH,Straight,Level,Dry,U.S. Highway,Rural,Principal Arterial - Other,Daylight,Clear,1,0,4,Fatal Injury (K)
25396,Idaho,160127,2,2,1,Front-to-Front,0,1,"26,001 lbs. or more",Truck Tractor/Semi-Trailer,Flatbed,1,No Rollover,Disabling Damage,"Two-Way, Not Divided",Two lanes,65 MPH,Straight,Level,Dry,U.S. Highway,Rural,Principal Arterial - Other,Daylight,Clear,1,0,1,Possible Injury (C)
25400,Idaho,160129,1,1,2,Not a Collision with Motor Vehicle In-Transport,0,0,"26,001 lbs. or more","Single-Unit Truck (2- axle and GVWR more than 10,000 lbs)",Grain/ Chips/ Gravel,1,"Rollover, Untripped",Disabling Damage,"Two-Way,  Divided, Positive  Median Barrier",Two lanes,60 MPH,Curve - Left,"Grade, Unknown Slope",Dry,State Highway,Rural,Minor Arterial,Daylight,Clear,1,0,3,Suspected Serious Injury (A)
25401,Idaho,160129,1,1,2,Not a Collision with Motor Vehicle In-Transport,0,0,"26,001 lbs. or more","Single-Unit Truck (2- axle and GVWR more than 10,000 lbs)",Grain/ Chips/ Gravel,1,"Rollover, Untripped",Disabling Damage,"Two-Way,  Divided, Positive  Median Barrier",Two lanes,60 MPH,Curve - Left,"Grade, Unknown Slope",Dry,State Highway,Rural,Minor Arterial,Daylight,Clear,1,0,4,Fatal Injury (K)
25410,Idaho,160135,1,1,1,Not a Collision with Motor Vehicle In-Transport,0,1,"26,001 lbs. or more",Truck Tractor/Semi-Trailer,Dump,1,"Rollover, Tripped by Object/Vehicle",Disabling Damage,"Two-Way, Divided, Unprotected Median",Two lanes,35 MPH,Curve - Left,"Grade, Unknown Slope",Dry,State Highway,Rural,Major Collector,Daylight,Clear,1,0,4,Fatal Injury (K)
25436,Idaho,160144,2,2,1,Front-to-Front,0,1,"26,001 lbs. or more","Truck More Than 10,000 lbs, Cannot Classify",Dump,1,No Rollover,Disabling Damage,"Two-Way, Not Divided",Two lanes,55 MPH,Curve - Right,Level,Dry,State Highway,Rural,Major Collector,Dawn,Clear,2,0,2,Suspected Minor Injury (B)
25443,Idaho,160148,2,2,1,Front-to-Rear,0,2,"26,001 lbs. or more",Truck Tractor/Double,Cargo Tank,1,No Rollover,Disabling Damage,"Two-Way, Divided, Unprotected Median",Two lanes,70 MPH,Straight,Level,Dry,U.S. Highway,Rural,Principal Arterial - Other,Dark - Not Lighted,Clear,2,0,1,Possible Injury (C)
25481,Idaho,160166,2,2,1,Front-to-Rear,0,0,"26,001 lbs. or more",Single-Unit Truck (3 or more axles),Garbage/Refuse,1,No Rollover,Functional Damage,"Two-Way, Not Divided With a Continuous Left-Turn Lane",Five lanes,45 MPH,Curve - Left,Level,Dry,State Highway,Urban,Minor Arterial,Daylight,Clear,1,0,0,No Apparent Injury (O)
25484,Idaho,160168,2,2,1,Front-to-Rear,0,0,"26,001 lbs. or more","Truck More Than 10,000 lbs, Cannot Classify",Dump,1,No Rollover,Functional Damage,"Two-Way, Divided, Unprotected Median",Two lanes,80 MPH,Straight,Level,Wet,Interstate,Rural,Interstate,Dark - Not Lighted,Rain,1,0,1,Possible Injury (C)
25500,Idaho,160175,2,2,1,Front-to-Front,0,1,"26,001 lbs. or more","Truck More Than 10,000 lbs, Cannot Classify",Van/Enclosed Box,1,No Rollover,Disabling Damage,"Two-Way, Not Divided",Two lanes,55 MPH,Curve - Right,Level,Dry,State Highway,Rural,Principal Arterial - Other,Daylight,Clear,1,0,2,Suspected Minor Injury (B)
25504,Idaho,160178,2,3,1,Not a Collision with Motor Vehicle In-Transport,0,0,"26,001 lbs. or more",Single-Unit Truck (3 or more axles),Dump,1,No Rollover,Disabling Damage,"Two-Way, Not Divided",Two lanes,55 MPH,Curve - Right,Level,Dry,State Highway,Rural,Minor Arterial,Daylight,Clear,1,0,0,No Apparent Injury (O)
25522,Idaho,160183,2,2,1,Front-to-Rear,0,1,"26,001 lbs. or more","Truck More Than 10,000 lbs, Cannot Classify",Van/Enclosed Box,1,No Rollover,Minor Damage,"Two-Way, Divided, Unprotected Median",Two lanes,70 MPH,Straight,Level,Dry,U.S. Highway,Urban,Principal Arterial - Other,Daylight,Clear,1,0,0,No Apparent Injury (O)
25524,Idaho,160185,1,1,1,Not a Collision with Motor Vehicle In-Transport,0,0,"26,001 lbs. or more",Single-Unit Truck (3 or more axles),Concrete Mixer,1,No Rollover,Minor Damage,"Two-Way, Divided, Unprotected Median",Five lanes,55 MPH,Straight,Level,Dry,State Highway,Urban,Principal Arterial - Other,Daylight,Cloudy,1,0,0,No Apparent Injury (O)
25528,Idaho,160188,2,2,1,Angle,0,1,"26,001 lbs. or more",Truck Tractor/Semi-Trailer,Van/Enclosed Box,1,No Rollover,Disabling Damage,"Two-Way, Not Divided",Two lanes,65 MPH,Straight,Level,Snow,U.S. Highway,Rural,Principal Arterial - Other,Daylight,Snow,1,0,0,No Apparent Injury (O)
25535,Idaho,160191,2,2,2,Front-to-Front,0,1,"26,001 lbs. or more","Truck More Than 10,000 lbs, Cannot Classify",Flatbed,1,No Rollover,Functional Damage,"Two-Way, Not Divided",Two lanes,55 MPH,Curve - Left,"Grade, Unknown Slope",Dry,State Highway,Rural,Principal Arterial - Other,Daylight,Clear,1,0,0,No Apparent Injury (O)
25536,Idaho,160191,2,2,2,Front-to-Front,0,1,"26,001 lbs. or more","Truck More Than 10,000 lbs, Cannot Classify",Flatbed,1,No Rollover,Functional Damage,"Two-Way, Not Divided",Two lanes,55 MPH,Curve - Left,"Grade, Unknown Slope",Dry,State Highway,Rural,Principal Arterial - Other,Daylight,Clear,1,0,0,No Apparent Injury (O)
25542,Idaho,160196,1,2,1,Front-to-Front,0,1,"26,001 lbs. or more","Truck More Than 10,000 lbs, Cannot Classify",Van/Enclosed Box,1,No Rollover,Disabling Damage,"Two-Way, Not Divided",Two lanes,65 MPH,Curve - Right,Level,Dry,U.S. Highway,Rural,Principal Arterial - Other,Dark - Not Lighted,Clear,2,0,1,Possible Injury (C)
25574,Idaho,160209,1,1,2,Not a Collision with Motor Vehicle In-Transport,0,1,"26,001 lbs. or more",Truck Pulling Trailer(s),Other,1,"Rollover, Tripped by Object/Vehicle",Disabling Damage,"Two-Way, Divided, Unprotected Median",Four lanes,80 MPH,Curve - Right,Level,Slush,Interstate,Rural,Interstate,Daylight,Snow,1,0,4,Fatal Injury (K)
25575,Idaho,160209,1,1,2,Not a Collision with Motor Vehicle In-Transport,0,1,"26,001 lbs. or more",Truck Pulling Trailer(s),Other,1,"Rollover, Tripped by Object/Vehicle",Disabling Damage,"Two-Way, Divided, Unprotected Median",Four lanes,80 MPH,Curve - Right,Level,Slush,Interstate,Rural,Interstate,Daylight,Snow,1,0,3,Suspected Serious Injury (A)
25600,Idaho,160220,2,2,1,Front-to-Front,0,0,"26,001 lbs. or more",Single-Unit Truck (3 or more axles),Van/Enclosed Box,2,No Rollover,Disabling Damage,"Two-Way, Not Divided",Two lanes,65 MPH,Straight,Level,Dry,U.S. Highway,Rural,Principal Arterial - Other,Dark - Not Lighted,Clear,1,0,2,Suspected Minor Injury (B)
25617,Illinois,170006,2,2,1,Angle,0,1,"26,001 lbs. or more",Truck Tractor/Semi-Trailer,Van/Enclosed Box,1,No Rollover,Disabling Damage,"Two-Way, Not Divided",Two lanes,55 MPH,Straight,Level,Snow,State Highway,Rural,Minor Arterial,Daylight,Clear,2,0,0,No Apparent Injury (O)
25623,Illinois,170009,2,2,1,Front-to-Rear,0,1,"26,001 lbs. or more",Truck Tractor/Semi-Trailer,Van/Enclosed Box,1,No Rollover,Functional Damage,"Two-Way, Divided, Unprotected Median",Two lanes,70 MPH,Straight,Level,Dry,Interstate,Rural,Interstate,Dark - Not Lighted,Clear,1,0,0,No Apparent Injury (O)
25635,Illinois,170017,1,1,1,Not a Collision with Motor Vehicle In-Transport,0,1,"26,001 lbs. or more",Truck Tractor/Semi-Trailer,Van/Enclosed Box,1,No Rollover,Disabling Damage,"Two-Way, Divided, Unprotected Median",Two lanes,70 MPH,Straight,Level,Dry,Interstate,Rural,Interstate,Dark - Not Lighted,Clear,1,0,0,No Apparent Injury (O)
25746,Illinois,170066,1,4,1,Front-to-Rear,0,1,"26,001 lbs. or more",Truck Tractor/Semi-Trailer,Other,1,No Rollover,Disabling Damage,"Two-Way,  Divided, Positive  Median Barrier",Five lanes,60 MPH,Straight,"Grade, Unknown Slope",Dry,Interstate,Urban,Interstate,Dark - Lighted,Clear,1,0,4,Fatal Injury (K)
25747,Illinois,170066,2,4,1,Front-to-Rear,0,1,"26,001 lbs. or more",Truck Tractor/Semi-Trailer,Cargo Tank,1,"Rollover, Tripped by Object/Vehicle",Disabling Damage,"Two-Way,  Divided, Positive  Median Barrier",Five lanes,60 MPH,Straight,"Grade, Unknown Slope",Dry,Interstate,Urban,Interstate,Dark - Lighted,Clear,1,0,2,Suspected Minor Injury (B)
25749,Illinois,170066,4,4,1,Front-to-Rear,0,1,"26,001 lbs. or more",Truck Tractor/Semi-Trailer,Other,1,"Rollover, Tripped by Object/Vehicle",Disabling Damage,"Two-Way,  Divided, Positive  Median Barrier",Five lanes,60 MPH,Straight,"Grade, Unknown Slope",Dry,Interstate,Urban,Interstate,Dark - Lighted,Clear,1,0,2,Suspected Minor Injury (B)
25751,Illinois,170068,1,1,2,Not a Collision with Motor Vehicle In-Transport,0,1,"26,001 lbs. or more",Truck Tractor/Semi-Trailer,Flatbed,1,"Rollover, Tripped by Object/Vehicle",Disabling Damage,Entrance/Exit Ramp,Two lanes,45 MPH,Curve - Left,Level,Dry,Interstate,Urban,Interstate,Daylight,Clear,1,0,4,Fatal Injury (K)
25752,Illinois,170068,1,1,2,Not a Collision with Motor Vehicle In-Transport,0,1,"26,001 lbs. or more",Truck Tractor/Semi-Trailer,Flatbed,1,"Rollover, Tripped by Object/Vehicle",Disabling Damage,Entrance/Exit Ramp,Two lanes,45 MPH,Curve - Left,Level,Dry,Interstate,Urban,Interstate,Daylight,Clear,1,0,3,Suspected Serious Injury (A)
25761,Illinois,170071,2,3,1,Front-to-Front,0,1,"26,001 lbs. or more",Truck Tractor/Semi-Trailer,Dump,1,No Rollover,Disabling Damage,"Two-Way, Not Divided",Four lanes,25 MPH,Straight,Level,Dry,Local Street - Municipality,Urban,Principal Arterial - Other,Daylight,Cloudy,1,0,0,No Apparent Injury (O)
25899,Illinois,170126,1,4,1,Front-to-Rear,0,1,"26,001 lbs. or more",Truck Tractor/Semi-Trailer,Van/Enclosed Box,1,No Rollover,Disabling Damage,"Two-Way, Not Divided",Two lanes,55 MPH,Straight,Level,Dry,State Highway,Rural,Principal Arterial - Other,Daylight,Clear,1,0,0,No Apparent Injury (O)
25941,Illinois,170144,1,7,1,Front-to-Rear,0,1,"26,001 lbs. or more",Truck Tractor/Semi-Trailer,Van/Enclosed Box,1,No Rollover,Disabling Damage,"Two-Way,  Divided, Positive  Median Barrier",Three lanes,55 MPH,Straight,"Grade, Unknown Slope",Dry,Interstate,Urban,Interstate,Daylight,Clear,1,0,0,No Apparent Injury (O)
25961,Illinois,170151,1,1,1,Not a Collision with Motor Vehicle In-Transport,0,2,"26,001 lbs. or more",Truck Tractor/Double,Van/Enclosed Box,1,No Rollover,Functional Damage,"Two-Way, Divided, Unprotected Median",Two lanes,65 MPH,Straight,Hillcrest,Dry,Interstate,Rural,Interstate,Dark - Not Lighted,Clear,1,0,0,No Apparent Injury (O)
25962,Illinois,170152,1,1,1,Not a Collision with Motor Vehicle In-Transport,0,1,"26,001 lbs. or more",Truck Tractor/Semi-Trailer,Flatbed,1,No Rollover,No Damage,"Two-Way, Divided, Unprotected Median",Two lanes,30 MPH,Straight,Level,Snow,Local Street - Municipality,Urban,Principal Arterial - Other,Dark - Lighted,Snow,1,0,0,No Apparent Injury (O)
25971,Illinois,170157,1,2,1,Other,0,1,"26,001 lbs. or more",Truck Tractor/Semi-Trailer,Van/Enclosed Box,1,No Rollover,Disabling Damage,"Two-Way,  Divided, Positive  Median Barrier",Two lanes,55 MPH,Curve - Right,"Grade, Unknown Slope",Wet,Interstate,Urban,Interstate,Daylight,Snow,1,0,0,No Apparent Injury (O)
26082,Illinois,170215,1,1,2,Not a Collision with Motor Vehicle In-Transport,0,1,"26,001 lbs. or more",Truck Tractor/Semi-Trailer,Van/Enclosed Box,1,No Rollover,Disabling Damage,"Two-Way, Divided, Unprotected Median",Two lanes,70 MPH,Straight,Level,Dry,Interstate,Rural,Interstate,Dark - Not Lighted,Clear,2,0,4,Fatal Injury (K)
26083,Illinois,170215,1,1,2,Not a Collision with Motor Vehicle In-Transport,0,1,"26,001 lbs. or more",Truck Tractor/Semi-Trailer,Van/Enclosed Box,1,No Rollover,Disabling Damage,"Two-Way, Divided, Unprotected Median",Two lanes,70 MPH,Straight,Level,Dry,Interstate,Rural,Interstate,Dark - Not Lighted,Clear,2,0,4,Fatal Injury (K)
26111,Illinois,170232,2,2,1,Not a Collision with Motor Vehicle In-Transport,0,1,"26,001 lbs. or more",Truck Tractor/Semi-Trailer,Van/Enclosed Box,1,No Rollover,Functional Damage,"Two-Way, Not Divided",Four lanes,30 MPH,Straight,Level,Wet,Local Street - Municipality,Urban,Minor Arterial,Dark - Not Lighted,Clear,1,1,0,No Apparent Injury (O)
26298,Illinois,170313,3,3,1,Front-to-Rear,0,1,"26,001 lbs. or more",Truck Tractor/Semi-Trailer,Cargo Tank,1,No Rollover,Minor Damage,"Two-Way,  Divided, Positive  Median Barrier",Two lanes,55 MPH,Straight,Level,Dry,Interstate,Urban,Interstate,Daylight,Clear,1,0,0,No Apparent Injury (O)
26334,Illinois,170334,1,2,1,Front-to-Rear,0,2,"26,001 lbs. or more",Truck Tractor/Double,Van/Enclosed Box,1,No Rollover,Disabling Damage,"Two-Way,  Divided, Positive  Median Barrier",Two lanes,70 MPH,Straight,Level,Dry,Interstate,Rural,Interstate,Daylight,Clear,1,0,4,Fatal Injury (K)
26353,Illinois,170342,2,3,1,Front-to-Front,0,1,"26,001 lbs. or more",Truck Tractor/Semi-Trailer,Flatbed,1,No Rollover,Disabling Damage,"Two-Way, Divided, Unprotected Median",Two lanes,70 MPH,Curve - Left,Level,Dry,Interstate,Urban,Interstate,Dark - Not Lighted,Clear,1,0,0,No Apparent Injury (O)
26362,Illinois,170349,1,2,1,Front-to-Rear,0,1,"26,001 lbs. or more",Truck Tractor/Semi-Trailer,Dump,1,No Rollover,Disabling Damage,"Two-Way, Divided, Unprotected Median",Two lanes,45 MPH,Straight,Level,Dry,State Highway,Urban,Principal Arterial - Other,Daylight,Clear,1,0,0,No Apparent Injury (O)
26387,Illinois,170356,2,2,1,Angle,0,1,"26,001 lbs. or more",Truck Tractor/Semi-Trailer,Van/Enclosed Box,1,No Rollover,Disabling Damage,"Two-Way, Not Divided",Two lanes,55 MPH,Straight,Level,Dry,State Highway,Rural,Minor Arterial,Daylight,Clear,1,0,0,No Apparent Injury (O)
26401,Illinois,170361,1,1,2,Not a Collision with Motor Vehicle In-Transport,0,1,"26,001 lbs. or more",Truck Tractor/Semi-Trailer,Van/Enclosed Box,1,No Rollover,Functional Damage,"Two-Way, Divided, Unprotected Median",Two lanes,70 MPH,Straight,Level,Wet,Interstate,Rural,Interstate,Dark - Not Lighted,Rain,1,0,0,No Apparent Injury (O)
26402,Illinois,170361,1,1,2,Not a Collision with Motor Vehicle In-Transport,0,1,"26,001 lbs. or more",Truck Tractor/Semi-Trailer,Van/Enclosed Box,1,No Rollover,Functional Damage,"Two-Way, Divided, Unprotected Median",Two lanes,70 MPH,Straight,Level,Wet,Interstate,Rural,Interstate,Dark - Not Lighted,Rain,1,0,0,No Apparent Injury (O)
26446,Illinois,170384,2,2,1,Angle,0,1,"26,001 lbs. or more",Truck Tractor/Semi-Trailer,Grain/ Chips/ Gravel,1,No Rollover,Disabling Damage,"Two-Way,  Divided, Positive  Median Barrier",Three lanes,65 MPH,Straight,Level,Dry,Interstate,Urban,Interstate,Daylight,Clear,1,0,0,No Apparent Injury (O)