,STATENAME,ST_CASE,VEH_NO,VE_FORMS,NUMOCCS,MAN_COLLNAME,HIT_RUN,TOW_VEH,GVWRNAME,V_CONFIGNAME,CARGO_BTNAME,HAZ_INV,ROLLOVERNAME,DEFORMEDNAME,VTRAFWAYNAME,VNUM_LANNAME,VSPD_LIMNAME,VALIGNNAME,VPROFILENAME,VSURCONDNAME,ROUTENAME,RUR_URBNAME,FUNC_SYSNAME,LGT_CONDNAME,WEATHERNAME,FATALS,DRUNK_DR,INJ_SEV,INJ_SEVNAME
31110,Kentucky,210043,1,9,1,Front-to-Rear,0,1,"26,001 lbs. or more",Truck Tractor/Semi-Trailer,Van/Enclosed Box,1,No Rollover,Disabling Damage,"Two-Way,  Divided, Positive  Median Barrier",Two lanes,70 MPH,Straight,Level,Dry,Interstate,Rural,Interstate,Daylight,Clear,2,0,2,Suspected Minor Injury (B)
31114,Kentucky,210043,3,9,1,Front-to-Rear,0,1,"26,001 lbs. or more",Truck Tractor/Semi-Trailer,Van/Enclosed Box,1,No Rollover,Minor Damage,"Two-Way,  Divided, Positive  Median Barrier",Two lanes,70 MPH,Straight,Level,Dry,Interstate,Rural,Interstate,Daylight,Clear,2,0,0,No Apparent Injury (O)
31121,Kentucky,210043,9,9,1,Front-to-Rear,0,0,"26,001 lbs. or more","Single-Unit Truck (2- axle and GVWR more than 10,000 lbs)",Flatbed,2,No Rollover,Minor Damage,"Two-Way,  Divided, Positive  Median Barrier",Two lanes,70 MPH,Straight,Level,Dry,Interstate,Rural,Interstate,Daylight,Clear,2,0,0,No Apparent Injury (O)
31146,Kentucky,210049,2,2,2,Front-to-Rear,0,1,"26,001 lbs. or more",Truck Tractor/Semi-Trailer,Van/Enclosed Box,1,No Rollover,Disabling Damage,"Two-Way,  Divided, Positive  Median Barrier",Two lanes,70 MPH,Straight,Level,Wet,Interstate,Rural,Interstate,Daylight,Rain,1,0,0,No Apparent Injury (O)
31147,Kentucky,210049,2,2,2,Front-to-Rear,0,1,"26,001 lbs. or more",Truck Tractor/Semi-Trailer,Van/Enclosed Box,1,No Rollover,Disabling Damage,"Two-Way,  Divided, Positive  Median Barrier",Two lanes,70 MPH,Straight,Level,Wet,Interstate,Rural,Interstate,Daylight,Rain,1,0,0,No Apparent Injury (O)
31158,Kentucky,210057,2,2,1,Front-to-Front,0,1,"26,001 lbs. or more",Truck Tractor/Semi-Trailer,Auto Transporter,1,No Rollover,Disabling Damage,"Two-Way, Not Divided",Two lanes,55 MPH,Curve - Left,"Grade, Unknown Slope",Dry,U.S. Highway,Rural,Minor Arterial,Dawn,Clear,1,0,0,No Apparent Injury (O)
31170,Kentucky,210062,2,2,1,Sideswipe - Opposite Direction,0,1,"26,001 lbs. or more",Truck Tractor/Semi-Trailer,Flatbed,1,No Rollover,Disabling Damage,"Two-Way, Not Divided",Two lanes,55 MPH,Straight,"Grade, Unknown Slope",Wet,U.S. Highway,Rural,Principal Arterial - Other,Dusk,Rain,1,0,0,No Apparent Injury (O)
31194,Kentucky,210072,1,2,1,Not a Collision with Motor Vehicle In-Transport,0,1,"26,001 lbs. or more",Truck Tractor/Semi-Trailer,Van/Enclosed Box,1,"Rollover, Tripped by Object/Vehicle",Disabling Damage,"Two-Way, Not Divided",Two lanes,55 MPH,Straight,"Grade, Unknown Slope",Wet,U.S. Highway,Rural,Principal Arterial - Other,Dark - Not Lighted,Rain,1,0,1,Possible Injury (C)
31219,Kentucky,210083,2,2,1,Angle,0,0,"26,001 lbs. or more",Single-Unit Truck (3 or more axles),Other,1,No Rollover,Minor Damage,"Two-Way, Divided, Unprotected Median",Three lanes,55 MPH,Straight,Level,Dry,State Highway,Urban,Principal Arterial - Other,Dark - Not Lighted,Cloudy,1,1,0,No Apparent Injury (O)
31240,Kentucky,210096,3,3,1,Front-to-Front,0,0,"26,001 lbs. or more","Single-Unit Truck (2- axle and GVWR more than 10,000 lbs)",Dump,1,No Rollover,Minor Damage,"Two-Way, Not Divided",Two lanes,30 MPH,Curve - Left,Level,Dry,State Highway,Rural,Local,Daylight,Cloudy,1,0,0,No Apparent Injury (O)
31260,Kentucky,210109,1,2,1,Front-to-Rear,0,1,"26,001 lbs. or more",Truck Tractor/Semi-Trailer,Flatbed,1,No Rollover,Minor Damage,"Two-Way, Divided, Unprotected Median",Two lanes,70 MPH,Straight,Level,Dry,State Highway,Rural,Principal Arterial - Other,Daylight,Clear,1,0,0,No Apparent Injury (O)
31286,Kentucky,210118,1,2,1,Front-to-Rear,0,1,"26,001 lbs. or more",Truck Tractor/Semi-Trailer,Flatbed,1,No Rollover,Minor Damage,"Two-Way, Not Divided",Two lanes,55 MPH,Straight,Level,Dry,U.S. Highway,Rural,Minor Arterial,Dawn,Clear,1,0,0,No Apparent Injury (O)
31328,Kentucky,210133,2,2,1,Front-to-Rear,0,1,"26,001 lbs. or more",Truck Tractor/Semi-Trailer,Other,1,No Rollover,Functional Damage,"Two-Way, Divided, Unprotected Median",Two lanes,65 MPH,Straight,Level,Dry,U.S. Highway,Rural,Principal Arterial - Other,Daylight,Clear,1,0,0,No Apparent Injury (O)
31365,Kentucky,210153,2,2,1,Front-to-Rear,0,1,"26,001 lbs. or more",Truck Tractor/Semi-Trailer,Van/Enclosed Box,1,No Rollover,Functional Damage,"Two-Way,  Divided, Positive  Median Barrier",Six lanes,55 MPH,Straight,Level,Wet,Interstate,Urban,Interstate,Daylight,Rain,1,0,0,No Apparent Injury (O)
31367,Kentucky,210154,2,2,1,Not a Collision with Motor Vehicle In-Transport,0,0,"26,001 lbs. or more",Single-Unit Truck (3 or more axles),Dump,1,No Rollover,Functional Damage,"Two-Way, Not Divided",Two lanes,55 MPH,Straight,Level,Wet,U.S. Highway,Rural,Principal Arterial - Other,Daylight,Clear,1,0,0,No Apparent Injury (O)
31371,Kentucky,210157,1,2,1,Angle,0,1,"26,001 lbs. or more",Truck Tractor/Semi-Trailer,Van/Enclosed Box,1,No Rollover,Disabling Damage,"Two-Way,  Divided, Positive  Median Barrier",Two lanes,70 MPH,Straight,"Grade, Unknown Slope",Dry,Interstate,Rural,Interstate,Dawn,Clear,1,0,0,No Apparent Injury (O)
31399,Kentucky,210174,1,1,1,Not a Collision with Motor Vehicle In-Transport,0,1,"26,001 lbs. or more",Truck Pulling Trailer(s),Other,1,No Rollover,Minor Damage,"Two-Way, Not Divided With a Continuous Left-Turn Lane",Three lanes,55 MPH,Straight,Level,Dry,U.S. Highway,Urban,Principal Arterial - Other,Dark - Not Lighted,Clear,1,0,0,No Apparent Injury (O)
31401,Kentucky,210175,2,2,1,Angle,0,3,"26,001 lbs. or more",Truck Tractor/Triple,Flatbed,1,No Rollover,Disabling Damage,"Two-Way, Not Divided",Two lanes,55 MPH,Straight,Level,Dry,State Highway,Rural,Minor Arterial,Dark - Not Lighted,Clear,1,0,0,No Apparent Injury (O)
31408,Kentucky,210178,2,2,1,Front-to-Rear,0,1,"26,001 lbs. or more",Truck Tractor/Semi-Trailer,Dump,1,No Rollover,Minor Damage,"Two-Way, Divided, Unprotected Median",Two lanes,55 MPH,Straight,Downhill,Dry,State Highway,Rural,Principal Arterial - Other,Dawn,Cloudy,1,0,0,No Apparent Injury (O)
31411,Kentucky,210179,2,2,1,Front-to-Front,0,0,"26,001 lbs. or more","Single-Unit Truck (2- axle and GVWR more than 10,000 lbs)",No Cargo Body Type,1,No Rollover,Functional Damage,"Two-Way, Not Divided",Two lanes,45 MPH,Straight,Level,Wet,U.S. Highway,Rural,Principal Arterial - Other,Daylight,Rain,2,0,1,Possible Injury (C)
31453,Kentucky,210203,1,1,1,Not a Collision with Motor Vehicle In-Transport,0,1,"26,001 lbs. or more",Truck Tractor/Semi-Trailer,Van/Enclosed Box,1,No Rollover,Disabling Damage,"Two-Way, Divided, Unprotected Median",Two lanes,70 MPH,Straight,"Grade, Unknown Slope",Dry,State Highway,Rural,Principal Arterial - Other,Daylight,Clear,1,0,4,Fatal Injury (K)
31467,Kentucky,210209,4,4,1,Front-to-Rear,0,1,"26,001 lbs. or more",Truck Tractor/Semi-Trailer,Other,1,No Rollover,Functional Damage,"Two-Way,  Divided, Positive  Median Barrier",Three lanes,55 MPH,Straight,Level,Dry,Interstate,Urban,Interstate,Daylight,Clear,2,0,0,No Apparent Injury (O)
31469,Kentucky,210210,2,2,1,Rear-to-Side,0,1,"26,001 lbs. or more",Truck Tractor/Semi-Trailer,Van/Enclosed Box,1,No Rollover,Minor Damage,"Two-Way, Divided, Unprotected Median",Four lanes,55 MPH,Straight,Level,Dry,State Highway,Urban,Principal Arterial - Other,Daylight,Clear,1,0,0,No Apparent Injury (O)
31482,Kentucky,210216,2,2,1,Angle,0,1,"26,001 lbs. or more",Truck Tractor/Semi-Trailer,Flatbed,1,No Rollover,Functional Damage,"Two-Way, Divided, Unprotected Median",Two lanes,70 MPH,Straight,"Grade, Unknown Slope",Dry,State Highway,Rural,Principal Arterial - Other,Daylight,Clear,1,1,0,No Apparent Injury (O)
31553,Kentucky,210250,1,1,1,Not a Collision with Motor Vehicle In-Transport,0,0,"26,001 lbs. or more","Single-Unit Truck (2- axle and GVWR more than 10,000 lbs)",Dump,1,"Rollover, Tripped by Object/Vehicle",Disabling Damage,"Two-Way, Not Divided",Two lanes,55 MPH,Curve - Left,"Grade, Unknown Slope",Dry,State Highway,Rural,Minor Arterial,Daylight,Clear,1,1,4,Fatal Injury (K)
31590,Kentucky,210268,1,1,1,Not a Collision with Motor Vehicle In-Transport,0,1,"26,001 lbs. or more",Truck Tractor/Semi-Trailer,Van/Enclosed Box,1,No Rollover,Disabling Damage,"Two-Way, Divided, Unprotected Median",Three lanes,70 MPH,Straight,Level,Dry,Interstate,Rural,Interstate,Daylight,Clear,1,0,4,Fatal Injury (K)
31605,Kentucky,210273,4,4,1,Front-to-Rear,0,1,"26,001 lbs. or more",Truck Tractor/Semi-Trailer,Van/Enclosed Box,1,No Rollover,Minor Damage,"Two-Way, Not Divided",Two lanes,30 MPH,Straight,Level,Dry,Local Street - Township,Urban,Local,Daylight,Clear,1,0,0,No Apparent Injury (O)
31663,Kentucky,210295,2,2,2,Angle,0,1,"26,001 lbs. or more",Truck Pulling Trailer(s),Dump,1,No Rollover,Functional Damage,"Two-Way, Divided, Unprotected Median",Two lanes,70 MPH,Straight,"Grade, Unknown Slope",Dry,Interstate,Urban,Interstate,Daylight,Clear,1,0,0,No Apparent Injury (O)
31664,Kentucky,210295,2,2,2,Angle,0,1,"26,001 lbs. or more",Truck Pulling Trailer(s),Dump,1,No Rollover,Functional Damage,"Two-Way, Divided, Unprotected Median",Two lanes,70 MPH,Straight,"Grade, Unknown Slope",Dry,Interstate,Urban,Interstate,Daylight,Clear,1,0,0,No Apparent Injury (O)
31675,Kentucky,210302,1,1,1,Not a Collision with Motor Vehicle In-Transport,0,0,"26,001 lbs. or more",Single-Unit Truck (3 or more axles),Dump,1,"Rollover, Untripped",Disabling Damage,"Two-Way,  Divided, Positive  Median Barrier",Four lanes,65 MPH,Straight,Level,Water (Standing or Moving),Interstate,Urban,Interstate,Daylight,Clear,1,0,4,Fatal Injury (K)
31677,Kentucky,210303,2,5,1,Not a Collision with Motor Vehicle In-Transport,0,1,"26,001 lbs. or more",Truck Tractor/Semi-Trailer,Van/Enclosed Box,1,No Rollover,Functional Damage,"Two-Way, Divided, Unprotected Median",Two lanes,70 MPH,Straight,"Grade, Unknown Slope",Dry,Interstate,Rural,Interstate,Daylight,Clear,1,0,0,No Apparent Injury (O)
31722,Kentucky,210327,2,2,1,Front-to-Rear,0,1,"26,001 lbs. or more",Truck Tractor/Semi-Trailer,Van/Enclosed Box,1,No Rollover,Functional Damage,"Two-Way, Divided, Unprotected Median",Two lanes,70 MPH,Straight,Level,Wet,Interstate,Rural,Interstate,Daylight,Rain,1,0,0,No Apparent Injury (O)
31725,Kentucky,210329,1,2,2,Angle,0,2,"26,001 lbs. or more",Truck Tractor/Double,Garbage/Refuse,1,No Rollover,Functional Damage,"Two-Way,  Divided, Positive  Median Barrier",Three lanes,45 MPH,Curve - Right,Level,Dry,U.S. Highway,Rural,Principal Arterial - Other,Dark - Not Lighted,Clear,1,0,0,No Apparent Injury (O)
31726,Kentucky,210329,1,2,2,Angle,0,2,"26,001 lbs. or more",Truck Tractor/Double,Garbage/Refuse,1,No Rollover,Functional Damage,"Two-Way,  Divided, Positive  Median Barrier",Three lanes,45 MPH,Curve - Right,Level,Dry,U.S. Highway,Rural,Principal Arterial - Other,Dark - Not Lighted,Clear,1,0,0,No Apparent Injury (O)
31820,Kentucky,210374,1,1,1,Not a Collision with Motor Vehicle In-Transport,0,0,"26,001 lbs. or more",Single-Unit Truck (3 or more axles),Garbage/Refuse,1,"Rollover, Tripped by Object/Vehicle",Minor Damage,"Two-Way, Not Divided",Two lanes,55 MPH,Straight,Level,Dry,State Highway,Rural,Major Collector,Daylight,Cloudy,1,0,4,Fatal Injury (K)
31846,Kentucky,210387,1,3,1,Other,0,1,"26,001 lbs. or more",Truck Tractor/Semi-Trailer,Flatbed,1,No Rollover,Minor Damage,"Two-Way, Not Divided",Two lanes,55 MPH,Curve - Right,Level,Dry,U.S. Highway,Urban,Minor Arterial,Daylight,Clear,2,0,1,Possible Injury (C)
31865,Kentucky,210394,2,3,1,Sideswipe - Same Direction,0,1,"26,001 lbs. or more",Truck Tractor/Semi-Trailer,Van/Enclosed Box,1,No Rollover,Minor Damage,"Two-Way,  Divided, Positive  Median Barrier",Two lanes,70 MPH,Straight,"Grade, Unknown Slope",Dry,Interstate,Rural,Interstate,Daylight,Clear,1,0,0,No Apparent Injury (O)
31866,Kentucky,210394,3,3,1,Sideswipe - Same Direction,0,1,"26,001 lbs. or more",Truck Tractor/Semi-Trailer,Van/Enclosed Box,1,No Rollover,Functional Damage,"Two-Way,  Divided, Positive  Median Barrier",Two lanes,70 MPH,Straight,"Grade, Unknown Slope",Dry,Interstate,Rural,Interstate,Daylight,Clear,1,0,0,No Apparent Injury (O)
31875,Kentucky,210399,1,3,1,Sideswipe - Same Direction,0,1,"26,001 lbs. or more",Truck Tractor/Semi-Trailer,Cargo Tank,2,No Rollover,Minor Damage,"Two-Way,  Divided, Positive  Median Barrier",Four lanes,55 MPH,Straight,"Grade, Unknown Slope",Dry,Interstate,Urban,Interstate,Daylight,Clear,1,0,0,No Apparent Injury (O)
31890,Kentucky,210403,3,3,1,Sideswipe - Same Direction,0,1,"26,001 lbs. or more",Truck Tractor/Semi-Trailer,Other,1,No Rollover,Disabling Damage,"Two-Way, Divided, Unprotected Median",Three lanes,45 MPH,Straight,Level,Dry,U.S. Highway,Urban,Principal Arterial - Other,Daylight,Clear,1,0,0,No Apparent Injury (O)
31893,Kentucky,210405,1,2,1,Front-to-Rear,0,1,"26,001 lbs. or more",Truck Tractor/Semi-Trailer,Van/Enclosed Box,1,No Rollover,Disabling Damage,"Two-Way,  Divided, Positive  Median Barrier",Three lanes,70 MPH,Straight,Level,Dry,Interstate,Rural,Interstate,Dark - Not Lighted,Clear,1,0,4,Fatal Injury (K)
31894,Kentucky,210405,2,2,2,Front-to-Rear,0,1,"26,001 lbs. or more",Truck Tractor/Semi-Trailer,Van/Enclosed Box,1,No Rollover,Functional Damage,"Two-Way,  Divided, Positive  Median Barrier",Three lanes,70 MPH,Straight,Level,Dry,Interstate,Rural,Interstate,Dark - Not Lighted,Clear,1,0,1,Possible Injury (C)
31895,Kentucky,210405,2,2,2,Front-to-Rear,0,1,"26,001 lbs. or more",Truck Tractor/Semi-Trailer,Van/Enclosed Box,1,No Rollover,Functional Damage,"Two-Way,  Divided, Positive  Median Barrier",Three lanes,70 MPH,Straight,Level,Dry,Interstate,Rural,Interstate,Dark - Not Lighted,Clear,1,0,1,Possible Injury (C)
31947,Kentucky,210433,2,2,1,Front-to-Rear,0,2,"26,001 lbs. or more",Truck Tractor/Double,Flatbed,1,No Rollover,Minor Damage,"Two-Way,  Divided, Positive  Median Barrier",Two lanes,70 MPH,Straight,Level,Dry,Interstate,Urban,Interstate,Daylight,Cloudy,2,0,0,No Apparent Injury (O)
31962,Kentucky,210439,2,4,1,Angle,0,1,"26,001 lbs. or more",Truck Tractor/Semi-Trailer,Grain/ Chips/ Gravel,1,No Rollover,Disabling Damage,"Two-Way, Not Divided",Two lanes,55 MPH,Straight,"Grade, Unknown Slope",Dry,U.S. Highway,Rural,Minor Arterial,Daylight,Clear,2,0,0,No Apparent Injury (O)
31963,Kentucky,210439,3,4,1,Angle,0,1,"26,001 lbs. or more",Truck Tractor/Semi-Trailer,Van/Enclosed Box,1,No Rollover,Functional Damage,"Two-Way, Not Divided",Two lanes,55 MPH,Straight,"Grade, Unknown Slope",Dry,U.S. Highway,Rural,Minor Arterial,Daylight,Clear,2,0,0,No Apparent Injury (O)
31964,Kentucky,210439,4,4,1,Angle,0,1,"26,001 lbs. or more",Truck Tractor/Semi-Trailer,Van/Enclosed Box,1,No Rollover,Functional Damage,"Two-Way, Not Divided",Two lanes,55 MPH,Straight,"Grade, Unknown Slope",Dry,U.S. Highway,Rural,Minor Arterial,Daylight,Clear,2,0,0,No Apparent Injury (O)
31976,Kentucky,210442,2,2,1,Angle,0,1,"26,001 lbs. or more",Truck Tractor/Semi-Trailer,Grain/ Chips/ Gravel,1,No Rollover,Minor Damage,"Two-Way, Divided, Unprotected Median",Two lanes,55 MPH,Straight,Level,Dry,U.S. Highway,Urban,Principal Arterial - Other,Daylight,Clear,1,0,0,No Apparent Injury (O)
31977,Kentucky,210443,1,6,1,Front-to-Rear,0,1,"26,001 lbs. or more",Truck Tractor/Semi-Trailer,Cargo Tank,2,No Rollover,Disabling Damage,"Two-Way,  Divided, Positive  Median Barrier",Four lanes,70 MPH,Straight,Level,Wet,Interstate,Rural,Interstate,Daylight,Cloudy,1,0,1,Possible Injury (C)
32029,Kentucky,210463,1,2,1,Other,0,1,"26,001 lbs. or more",Truck Tractor/Semi-Trailer,Flatbed,1,No Rollover,Minor Damage,"Two-Way,  Divided, Positive  Median Barrier",Three lanes,70 MPH,Straight,Level,Dry,Interstate,Urban,Interstate,Dark - Lighted,Clear,1,0,0,No Apparent Injury (O)
32064,Kentucky,210482,2,2,1,Sideswipe - Opposite Direction,0,0,"26,001 lbs. or more",Single-Unit Truck (3 or more axles),Log,1,"Rollover, Tripped by Object/Vehicle",Disabling Damage,"Two-Way, Not Divided",Two lanes,55 MPH,Curve - Left,"Grade, Unknown Slope",Wet,State Highway,Rural,Minor Arterial,Daylight,Rain,1,0,2,Suspected Minor Injury (B)
32083,Kentucky,210491,2,2,1,Not a Collision with Motor Vehicle In-Transport,0,1,"26,001 lbs. or more",Truck Tractor/Semi-Trailer,Van/Enclosed Box,1,No Rollover,Functional Damage,"Two-Way,  Divided, Positive  Median Barrier",Three lanes,70 MPH,Straight,Level,Wet,Interstate,Rural,Interstate,Daylight,Rain,1,0,0,No Apparent Injury (O)
32090,Kentucky,210493,2,2,1,Angle,0,1,"26,001 lbs. or more",Truck Tractor/Semi-Trailer,Cargo Tank,2,No Rollover,Disabling Damage,"Two-Way, Divided, Unprotected Median",Three lanes,55 MPH,Straight,Level,Dry,U.S. Highway,Rural,Principal Arterial - Other,Daylight,Clear,2,0,0,No Apparent Injury (O)
32107,Kentucky,210501,2,2,1,Sideswipe - Opposite Direction,0,0,"26,001 lbs. or more",Single-Unit Truck (3 or more axles),Dump,1,No Rollover,Functional Damage,"Two-Way, Not Divided",Two lanes,55 MPH,Straight,Level,Dry,U.S. Highway,Rural,Minor Arterial,Dawn,"Fog, Smog, Smoke",1,0,0,No Apparent Injury (O)
32119,Kentucky,210506,1,2,1,Sideswipe - Opposite Direction,0,0,"26,001 lbs. or more","Single-Unit Truck (2- axle and GVWR more than 10,000 lbs)",Flatbed,1,No Rollover,Disabling Damage,"Two-Way, Not Divided",Two lanes,55 MPH,Straight,"Grade, Unknown Slope",Wet,State Highway,Urban,Principal Arterial - Other,Daylight,Cloudy,1,0,4,Fatal Injury (K)
32120,Kentucky,210506,2,2,1,Sideswipe - Opposite Direction,0,2,"26,001 lbs. or more",Truck Tractor/Double,Van/Enclosed Box,1,No Rollover,Disabling Damage,"Two-Way, Not Divided",Two lanes,55 MPH,Straight,"Grade, Unknown Slope",Wet,State Highway,Urban,Principal Arterial - Other,Daylight,Cloudy,1,0,3,Suspected Serious Injury (A)
32159,Kentucky,210528,1,1,1,Not a Collision with Motor Vehicle In-Transport,0,1,"26,001 lbs. or more",Truck Tractor/Semi-Trailer,Flatbed,1,No Rollover,Disabling Damage,Entrance/Exit Ramp,One lane,55 MPH,Straight,"Grade, Unknown Slope",Dry,Interstate,Urban,Interstate,Daylight,Clear,1,0,4,Fatal Injury (K)
32174,Kentucky,210536,1,3,1,Other,0,1,"26,001 lbs. or more",Truck Tractor/Semi-Trailer,Dump,1,No Rollover,No Damage,"Two-Way, Not Divided",Two lanes,55 MPH,Straight,Level,Dry,U.S. Highway,Rural,Minor Arterial,Daylight,Clear,1,2,0,No Apparent Injury (O)
32178,Kentucky,210537,2,2,1,Angle,0,1,"26,001 lbs. or more",Truck Tractor/Semi-Trailer,Van/Enclosed Box,1,No Rollover,Disabling Damage,"Two-Way, Not Divided",Two lanes,55 MPH,Straight,Level,Dry,U.S. Highway,Urban,Minor Arterial,Daylight,Clear,1,0,0,No Apparent Injury (O)
32200,Kentucky,210548,1,2,1,Front-to-Front,0,0,"26,001 lbs. or more",Truck Tractor (Bobtail),No Cargo Body Type,1,No Rollover,Disabling Damage,"Two-Way, Not Divided",Six lanes,55 MPH,Straight,Level,Wet,State Highway,Urban,Principal Arterial - Other,Dark - Lighted,Rain,1,0,0,No Apparent Injury (O)
32219,Kentucky,210555,1,1,1,Not a Collision with Motor Vehicle In-Transport,0,1,"26,001 lbs. or more",Truck Tractor/Semi-Trailer,Cargo Tank,1,No Rollover,Disabling Damage,"Two-Way, Divided, Unprotected Median",Two lanes,55 MPH,Straight,Level,Dry,U.S. Highway,Urban,Principal Arterial - Other Freeways and Expressways,Dark - Not Lighted,Clear,1,0,0,No Apparent Injury (O)
32236,Kentucky,210564,2,2,1,Front-to-Front,0,1,"26,001 lbs. or more",Truck Tractor/Semi-Trailer,Van/Enclosed Box,1,No Rollover,Functional Damage,"Two-Way, Not Divided",Two lanes,55 MPH,Curve - Left,"Grade, Unknown Slope",Wet,State Highway,Rural,Minor Arterial,Daylight,Cloudy,2,0,0,No Apparent Injury (O)
32258,Kentucky,210573,2,2,1,Angle,0,1,"26,001 lbs. or more",Truck Tractor/Semi-Trailer,Flatbed,1,No Rollover,Disabling Damage,"Two-Way, Not Divided",Four lanes,55 MPH,Curve - Left,"Grade, Unknown Slope",Dry,State Highway,Urban,Principal Arterial - Other,Daylight,Cloudy,1,0,0,No Apparent Injury (O)
32259,Kentucky,210574,1,2,1,Front-to-Rear,0,1,"26,001 lbs. or more",Truck Tractor/Semi-Trailer,Van/Enclosed Box,1,No Rollover,Functional Damage,"Two-Way, Divided, Unprotected Median",Three lanes,70 MPH,Straight,Level,Wet,Interstate,Rural,Interstate,Dark - Not Lighted,Cloudy,1,0,2,Suspected Minor Injury (B)
32260,Kentucky,210574,2,2,1,Front-to-Rear,0,1,"26,001 lbs. or more",Truck Tractor/Semi-Trailer,Van/Enclosed Box,1,No Rollover,Disabling Damage,"Two-Way, Divided, Unprotected Median",Three lanes,70 MPH,Straight,Level,Wet,Interstate,Rural,Interstate,Dark - Not Lighted,Cloudy,1,0,4,Fatal Injury (K)
32262,Kentucky,210575,2,2,2,Front-to-Rear,0,1,"26,001 lbs. or more",Truck Tractor/Semi-Trailer,Flatbed,1,No Rollover,Minor Damage,"Two-Way, Divided, Unprotected Median",Three lanes,70 MPH,Straight,Level,Dry,Interstate,Rural,Interstate,Dawn,Clear,1,0,0,No Apparent Injury (O)
32263,Kentucky,210575,2,2,2,Front-to-Rear,0,1,"26,001 lbs. or more",Truck Tractor/Semi-Trailer,Flatbed,1,No Rollover,Minor Damage,"Two-Way, Divided, Unprotected Median",Three lanes,70 MPH,Straight,Level,Dry,Interstate,Rural,Interstate,Dawn,Clear,1,0,0,No Apparent Injury (O)
32315,Kentucky,210599,1,4,1,Angle,0,0,"26,001 lbs. or more",Truck Tractor (Bobtail),No Cargo Body Type,1,No Rollover,Disabling Damage,"Two-Way, Not Divided",Two lanes,55 MPH,Straight,Level,Dry,State Highway,Rural,Minor Arterial,Daylight,Cloudy,2,0,4,Fatal Injury (K)
32316,Kentucky,210599,2,4,1,Angle,0,1,"26,001 lbs. or more",Truck Tractor/Semi-Trailer,Flatbed,1,"Rollover, Tripped by Object/Vehicle",Minor Damage,"Two-Way, Not Divided",Two lanes,55 MPH,Straight,Level,Dry,State Highway,Rural,Minor Arterial,Daylight,Cloudy,2,0,0,No Apparent Injury (O)
32354,Kentucky,210614,2,2,1,Angle,0,0,"26,001 lbs. or more","Single-Unit Truck (2- axle and GVWR more than 10,000 lbs)",Other,1,No Rollover,Functional Damage,"Two-Way, Not Divided",Two lanes,55 MPH,Straight,Level,Ice/Frost,U.S. Highway,Rural,Minor Arterial,Daylight,Cloudy,1,0,0,No Apparent Injury (O)
32412,Kentucky,210636,1,3,1,Front-to-Rear,0,1,"26,001 lbs. or more",Truck Tractor/Semi-Trailer,Cargo Tank,1,No Rollover,Functional Damage,"Two-Way,  Divided, Positive  Median Barrier",Three lanes,55 MPH,Straight,Level,Dry,Interstate,Urban,Interstate,Daylight,Clear,1,1,0,No Apparent Injury (O)
32421,Kentucky,210637,2,2,2,Front-to-Rear,0,1,"26,001 lbs. or more",Truck Tractor/Semi-Trailer,Flatbed,1,No Rollover,Functional Damage,"Two-Way, Divided, Unprotected Median",Two lanes,55 MPH,Straight,Level,Dry,U.S. Highway,Rural,Principal Arterial - Other,Daylight,Clear,3,0,0,No Apparent Injury (O)
32422,Kentucky,210637,2,2,2,Front-to-Rear,0,1,"26,001 lbs. or more",Truck Tractor/Semi-Trailer,Flatbed,1,No Rollover,Functional Damage,"Two-Way, Divided, Unprotected Median",Two lanes,55 MPH,Straight,Level,Dry,U.S. Highway,Rural,Principal Arterial - Other,Daylight,Clear,3,0,0,No Apparent Injury (O)
32444,Kentucky,210645,3,3,1,Angle,0,2,"26,001 lbs. or more",Truck Tractor/Double,Grain/ Chips/ Gravel,1,No Rollover,Functional Damage,"Two-Way, Not Divided",Two lanes,55 MPH,Straight,"Grade, Unknown Slope",Dry,U.S. Highway,Rural,Principal Arterial - Other,Daylight,Cloudy,1,0,0,No Apparent Injury (O)
32581,Louisiana,220033,2,2,2,Front-to-Front,0,1,"26,001 lbs. or more",Truck Tractor/Semi-Trailer,Van/Enclosed Box,1,"Rollover, Tripped by Object/Vehicle",Disabling Damage,"Two-Way, Not Divided",Two lanes,55 MPH,Curve - Right,Level,Dry,U.S. Highway,Rural,Principal Arterial - Other,Dark - Not Lighted,Clear,2,0,1,Possible Injury (C)
32582,Louisiana,220033,2,2,2,Front-to-Front,0,1,"26,001 lbs. or more",Truck Tractor/Semi-Trailer,Van/Enclosed Box,1,"Rollover, Tripped by Object/Vehicle",Disabling Damage,"Two-Way, Not Divided",Two lanes,55 MPH,Curve - Right,Level,Dry,U.S. Highway,Rural,Principal Arterial - Other,Dark - Not Lighted,Clear,2,0,2,Suspected Minor Injury (B)
32588,Louisiana,220035,2,2,1,Angle,0,1,"26,001 lbs. or more",Truck Tractor/Semi-Trailer,Cargo Tank,1,No Rollover,Disabling Damage,"Two-Way, Divided, Unprotected Median",Two lanes,45 MPH,Straight,Level,Dry,State Highway,Urban,Principal Arterial - Other,Dark - Not Lighted,Clear,1,1,1,Possible Injury (C)
32591,Louisiana,220038,1,1,1,Not a Collision with Motor Vehicle In-Transport,0,1,"26,001 lbs. or more",Truck Tractor/Semi-Trailer,Van/Enclosed Box,1,No Rollover,Minor Damage,"Two-Way,  Divided, Positive  Median Barrier",Three lanes,60 MPH,Straight,Level,Dry,Interstate,Urban,Interstate,Daylight,Clear,1,0,0,No Apparent Injury (O)