,STATENAME,ST_CASE,VEH_NO,VE_FORMS,NUMOCCS,MAN_COLLNAME,HIT_RUN,TOW_VEH,GVWRNAME,V_CONFIGNAME,CARGO_BTNAME,HAZ_INV,ROLLOVERNAME,DEFORMEDNAME,VTRAFWAYNAME,VNUM_LANNAME,VSPD_LIMNAME,VALIGNNAME,VPROFILENAME,VSURCONDNAME,ROUTENAME,RUR_URBNAME,FUNC_SYSNAME,LGT_CONDNAME,WEATHERNAME,FATALS,DRUNK_DR,INJ_SEV,INJ_SEVNAME
39593,Mississippi,280265,2,2,1,Not a Collision with Motor Vehicle In-Transport,0,1,"26,001 lbs. or more",Truck Tractor/Semi-Trailer,Van/Enclosed Box,1,No Rollover,Disabling Damage,"Two-Way, Divided, Unprotected Median",Two lanes,60 MPH,Straight,Level,Dry,Interstate,Urban,Interstate,Dark - Not Lighted,Clear,1,0,0,No Apparent Injury (O)
39603,Mississippi,280272,1,2,1,Front-to-Rear,0,1,"26,001 lbs. or more",Truck Tractor/Semi-Trailer,Van/Enclosed Box,1,No Rollover,Disabling Damage,"Two-Way,  Divided, Positive  Median Barrier",Two lanes,70 MPH,Straight,"Grade, Unknown Slope",Dry,Interstate,Urban,Interstate,Dark - Not Lighted,Clear,1,0,1,Possible Injury (C)
39604,Mississippi,280272,2,2,1,Front-to-Rear,0,1,"26,001 lbs. or more",Truck Tractor/Semi-Trailer,Van/Enclosed Box,1,No Rollover,Disabling Damage,"Two-Way,  Divided, Positive  Median Barrier",Two lanes,70 MPH,Straight,"Grade, Unknown Slope",Dry,Interstate,Urban,Interstate,Dark - Not Lighted,Clear,1,0,4,Fatal Injury (K)
39610,Mississippi,280275,1,2,1,Angle,0,1,"26,001 lbs. or more",Truck Tractor/Semi-Trailer,Van/Enclosed Box,1,No Rollover,Functional Damage,"Two-Way, Divided, Unprotected Median",Three lanes,65 MPH,Straight,"Grade, Unknown Slope",Dry,U.S. Highway,Rural,Principal Arterial - Other,Dark - Not Lighted,Clear,1,0,0,No Apparent Injury (O)
39629,Mississippi,280283,2,2,1,Front-to-Front,0,1,"26,001 lbs. or more",Truck Tractor/Semi-Trailer,Log,1,No Rollover,Disabling Damage,"Two-Way, Not Divided",Two lanes,55 MPH,Curve - Left,"Grade, Unknown Slope",Dry,State Highway,Rural,Major Collector,Daylight,Clear,1,0,0,No Apparent Injury (O)
39631,Mississippi,280284,2,2,1,Angle,0,0,"26,001 lbs. or more",Single-Unit Truck (3 or more axles),Garbage/Refuse,1,No Rollover,Disabling Damage,"Two-Way, Not Divided",Two lanes,55 MPH,Curve - Left,"Grade, Unknown Slope",Dry,State Highway,Urban,Minor Arterial,Daylight,Clear,1,0,2,Suspected Minor Injury (B)
39642,Mississippi,280288,2,2,2,Angle,0,1,"26,001 lbs. or more",Truck Tractor/Semi-Trailer,Van/Enclosed Box,1,No Rollover,Disabling Damage,"Two-Way, Divided, Unprotected Median",Two lanes,70 MPH,Straight,Level,Dry,Interstate,Urban,Interstate,Daylight,Clear,1,0,0,No Apparent Injury (O)
39643,Mississippi,280288,2,2,2,Angle,0,1,"26,001 lbs. or more",Truck Tractor/Semi-Trailer,Van/Enclosed Box,1,No Rollover,Disabling Damage,"Two-Way, Divided, Unprotected Median",Two lanes,70 MPH,Straight,Level,Dry,Interstate,Urban,Interstate,Daylight,Clear,1,0,0,No Apparent Injury (O)
39665,Mississippi,280296,2,2,1,Front-to-Front,0,1,"26,001 lbs. or more",Truck Tractor/Semi-Trailer,Grain/ Chips/ Gravel,1,"Rollover, Tripped by Object/Vehicle",Disabling Damage,"Two-Way, Not Divided",Two lanes,55 MPH,Straight,"Grade, Unknown Slope",Dry,U.S. Highway,Rural,Principal Arterial - Other,Daylight,Clear,1,0,0,No Apparent Injury (O)
39674,Mississippi,280300,1,1,3,Not a Collision with Motor Vehicle In-Transport,0,1,"26,001 lbs. or more",Truck Tractor/Semi-Trailer,Flatbed,1,"Rollover, Untripped",Disabling Damage,"Two-Way, Divided, Unprotected Median",Two lanes,70 MPH,Straight,Hillcrest,Dry,Interstate,Rural,Interstate,Daylight,Clear,1,0,2,Suspected Minor Injury (B)
39675,Mississippi,280300,1,1,3,Not a Collision with Motor Vehicle In-Transport,0,1,"26,001 lbs. or more",Truck Tractor/Semi-Trailer,Flatbed,1,"Rollover, Untripped",Disabling Damage,"Two-Way, Divided, Unprotected Median",Two lanes,70 MPH,Straight,Hillcrest,Dry,Interstate,Rural,Interstate,Daylight,Clear,1,0,4,Fatal Injury (K)
39676,Mississippi,280300,1,1,3,Not a Collision with Motor Vehicle In-Transport,0,1,"26,001 lbs. or more",Truck Tractor/Semi-Trailer,Flatbed,1,"Rollover, Untripped",Disabling Damage,"Two-Way, Divided, Unprotected Median",Two lanes,70 MPH,Straight,Hillcrest,Dry,Interstate,Rural,Interstate,Daylight,Clear,1,0,3,Suspected Serious Injury (A)
39705,Mississippi,280309,2,3,1,Angle,0,1,"26,001 lbs. or more",Truck Tractor/Semi-Trailer,Log,1,No Rollover,Minor Damage,"Two-Way, Not Divided",Two lanes,55 MPH,Straight,Level,Wet,State Highway,Rural,Minor Arterial,Daylight,Rain,1,1,0,No Apparent Injury (O)
39714,Mississippi,280313,1,2,1,Front-to-Rear,0,1,"26,001 lbs. or more",Truck Tractor/Semi-Trailer,Van/Enclosed Box,1,No Rollover,Disabling Damage,"Two-Way, Divided, Unprotected Median",Two lanes,70 MPH,Straight,Level,Dry,U.S. Highway,Urban,Principal Arterial - Other,Daylight,Clear,1,0,0,No Apparent Injury (O)
39717,Mississippi,280314,2,2,1,Angle,0,0,"26,001 lbs. or more","Single-Unit Truck (2- axle and GVWR more than 10,000 lbs)",Concrete Mixer,1,No Rollover,Functional Damage,"Two-Way, Not Divided",Two lanes,35 MPH,Straight,"Grade, Unknown Slope",Dry,Local Street - Municipality,Urban,Local,Daylight,Clear,1,0,0,No Apparent Injury (O)
39790,Mississippi,280348,1,2,1,Front-to-Front,0,1,"26,001 lbs. or more",Truck Tractor/Semi-Trailer,Dump,1,"Rollover, Tripped by Object/Vehicle",Disabling Damage,"Two-Way, Not Divided",Two lanes,55 MPH,Straight,Level,Dry,State Highway,Rural,Minor Arterial,Daylight,Clear,2,0,4,Fatal Injury (K)
39791,Mississippi,280348,2,2,1,Front-to-Front,0,1,"26,001 lbs. or more",Truck Tractor/Semi-Trailer,Log,1,No Rollover,Disabling Damage,"Two-Way, Not Divided",Two lanes,55 MPH,Straight,Level,Dry,State Highway,Rural,Minor Arterial,Daylight,Clear,2,0,4,Fatal Injury (K)
39808,Mississippi,280358,1,4,1,Front-to-Rear,0,1,"26,001 lbs. or more",Truck Tractor/Semi-Trailer,Cargo Tank,1,No Rollover,Disabling Damage,"Two-Way,  Divided, Positive  Median Barrier",Three lanes,70 MPH,Straight,"Grade, Unknown Slope",Dry,Interstate,Rural,Interstate,Daylight,Clear,1,0,0,No Apparent Injury (O)
39809,Mississippi,280358,2,4,1,Front-to-Rear,0,1,"26,001 lbs. or more",Truck Tractor/Semi-Trailer,Van/Enclosed Box,1,No Rollover,Disabling Damage,"Two-Way,  Divided, Positive  Median Barrier",Three lanes,70 MPH,Straight,"Grade, Unknown Slope",Dry,Interstate,Rural,Interstate,Daylight,Clear,1,0,1,Possible Injury (C)
39811,Mississippi,280358,4,4,2,Front-to-Rear,0,1,"26,001 lbs. or more",Truck Tractor/Semi-Trailer,Van/Enclosed Box,1,No Rollover,Disabling Damage,"Two-Way,  Divided, Positive  Median Barrier",Three lanes,70 MPH,Straight,"Grade, Unknown Slope",Dry,Interstate,Rural,Interstate,Daylight,Clear,1,0,1,Possible Injury (C)
39812,Mississippi,280358,4,4,2,Front-to-Rear,0,1,"26,001 lbs. or more",Truck Tractor/Semi-Trailer,Van/Enclosed Box,1,No Rollover,Disabling Damage,"Two-Way,  Divided, Positive  Median Barrier",Three lanes,70 MPH,Straight,"Grade, Unknown Slope",Dry,Interstate,Rural,Interstate,Daylight,Clear,1,0,1,Possible Injury (C)
39892,Mississippi,280399,1,1,1,Not a Collision with Motor Vehicle In-Transport,0,1,"26,001 lbs. or more",Truck Tractor/Semi-Trailer,Flatbed,1,"Rollover, Tripped by Object/Vehicle",Disabling Damage,"Two-Way,  Divided, Positive  Median Barrier",Two lanes,70 MPH,Straight,Level,Dry,Interstate,Rural,Interstate,Dark - Not Lighted,Clear,1,0,4,Fatal Injury (K)
39931,Mississippi,280423,2,2,1,Front-to-Front,0,1,"26,001 lbs. or more",Truck Tractor/Semi-Trailer,Van/Enclosed Box,1,"Rollover, Tripped by Object/Vehicle",Disabling Damage,"Two-Way, Divided, Unprotected Median",Two lanes,55 MPH,Straight,Level,Dry,U.S. Highway,Urban,Principal Arterial - Other,Dark - Not Lighted,Clear,1,0,2,Suspected Minor Injury (B)
39988,Mississippi,280446,4,4,2,Front-to-Front,0,0,"26,001 lbs. or more",Single-Unit Truck (3 or more axles),No Cargo Body Type,1,No Rollover,Disabling Damage,"Two-Way, Not Divided",Two lanes,55 MPH,Curve - Left,Level,Dry,State Highway,Rural,Principal Arterial - Other,Dawn,Clear,1,0,0,No Apparent Injury (O)
39989,Mississippi,280446,4,4,2,Front-to-Front,0,0,"26,001 lbs. or more",Single-Unit Truck (3 or more axles),No Cargo Body Type,1,No Rollover,Disabling Damage,"Two-Way, Not Divided",Two lanes,55 MPH,Curve - Left,Level,Dry,State Highway,Rural,Principal Arterial - Other,Dawn,Clear,1,0,0,No Apparent Injury (O)
39992,Mississippi,280448,1,1,1,Not a Collision with Motor Vehicle In-Transport,0,1,"26,001 lbs. or more",Truck Tractor/Semi-Trailer,Van/Enclosed Box,1,No Rollover,Minor Damage,"Two-Way, Divided, Unprotected Median",Two lanes,70 MPH,Straight,Hillcrest,Dry,Interstate,Rural,Interstate,Dark - Not Lighted,Clear,1,0,0,No Apparent Injury (O)
40028,Mississippi,280466,2,3,1,Sideswipe - Opposite Direction,0,1,"26,001 lbs. or more",Truck Tractor/Semi-Trailer,Van/Enclosed Box,1,No Rollover,Disabling Damage,"Two-Way, Not Divided",Two lanes,55 MPH,Straight,Level,Dry,U.S. Highway,Rural,Principal Arterial - Other,Daylight,Cloudy,2,0,0,No Apparent Injury (O)
40104,Mississippi,280503,1,1,1,Not a Collision with Motor Vehicle In-Transport,0,1,"26,001 lbs. or more",Truck Tractor/Semi-Trailer,Van/Enclosed Box,1,"Rollover, Tripped by Object/Vehicle",Disabling Damage,"Two-Way, Divided, Unprotected Median",Two lanes,70 MPH,Straight,Level,Dry,Interstate,Rural,Interstate,Dark - Not Lighted,Clear,1,0,4,Fatal Injury (K)
40111,Mississippi,280509,2,2,1,Front-to-Front,0,1,"26,001 lbs. or more",Truck Tractor/Semi-Trailer,Flatbed,1,No Rollover,Disabling Damage,"Two-Way, Divided, Unprotected Median",Two lanes,65 MPH,Straight,Level,Dry,U.S. Highway,Rural,Principal Arterial - Other,Dark - Not Lighted,Clear,1,1,0,No Apparent Injury (O)
40120,Mississippi,280513,1,1,1,Not a Collision with Motor Vehicle In-Transport,0,1,"26,001 lbs. or more",Truck Tractor/Semi-Trailer,Van/Enclosed Box,1,No Rollover,Functional Damage,"Two-Way,  Divided, Positive  Median Barrier",Two lanes,70 MPH,Straight,Level,Dry,U.S. Highway,Rural,Principal Arterial - Other,Dark - Not Lighted,Clear,1,0,0,No Apparent Injury (O)
40121,Mississippi,280514,1,6,1,Front-to-Rear,0,1,"26,001 lbs. or more",Truck Tractor/Semi-Trailer,Flatbed,1,No Rollover,Disabling Damage,"Two-Way,  Divided, Positive  Median Barrier",Two lanes,70 MPH,Straight,"Grade, Unknown Slope",Wet,Interstate,Rural,Interstate,Daylight,Rain,1,0,0,No Apparent Injury (O)
40124,Mississippi,280514,4,6,1,Front-to-Rear,0,1,"26,001 lbs. or more",Truck Tractor/Semi-Trailer,Van/Enclosed Box,1,No Rollover,Disabling Damage,"Two-Way,  Divided, Positive  Median Barrier",Two lanes,70 MPH,Straight,"Grade, Unknown Slope",Wet,Interstate,Rural,Interstate,Daylight,Rain,1,0,1,Possible Injury (C)
40132,Mississippi,280517,1,2,1,Front-to-Rear,0,0,"26,001 lbs. or more","Single-Unit Truck (2- axle and GVWR more than 10,000 lbs)",No Cargo Body Type,1,No Rollover,Functional Damage,"Two-Way, Divided, Unprotected Median",Two lanes,70 MPH,Straight,Level,Dry,Interstate,Urban,Interstate,Dark - Not Lighted,Clear,1,0,0,No Apparent Injury (O)
40197,Mississippi,280530,1,2,1,Front-to-Rear,0,0,"26,001 lbs. or more","Single-Unit Truck (2- axle and GVWR more than 10,000 lbs)",Van/Enclosed Box,1,No Rollover,Functional Damage,"Two-Way, Divided, Unprotected Median",Two lanes,65 MPH,Straight,Level,Dry,U.S. Highway,Rural,Principal Arterial - Other,Dark - Not Lighted,Clear,2,0,1,Possible Injury (C)
40221,Mississippi,280537,2,2,1,Front-to-Rear,0,1,"26,001 lbs. or more",Truck Tractor/Semi-Trailer,Grain/ Chips/ Gravel,1,No Rollover,Minor Damage,"Two-Way, Divided, Unprotected Median",Two lanes,65 MPH,Straight,Level,Dry,U.S. Highway,Rural,Principal Arterial - Other,Daylight,Clear,1,0,0,No Apparent Injury (O)
40256,Mississippi,280560,1,2,1,Front-to-Rear,0,1,"26,001 lbs. or more",Truck Tractor/Semi-Trailer,Auto Transporter,1,No Rollover,Functional Damage,"Two-Way, Not Divided With a Continuous Left-Turn Lane",Three lanes,45 MPH,Straight,Level,Dry,U.S. Highway,Urban,Principal Arterial - Other,Dark - Lighted,Clear,1,0,0,No Apparent Injury (O)
40271,Mississippi,280566,1,1,1,Not a Collision with Motor Vehicle In-Transport,0,1,"26,001 lbs. or more",Truck Tractor/Semi-Trailer,Flatbed,1,"Rollover, Untripped",Disabling Damage,"Two-Way, Divided, Unprotected Median",Two lanes,65 MPH,Curve - Left,"Grade, Unknown Slope",Dry,State Highway,Rural,Principal Arterial - Other,Daylight,Clear,1,0,4,Fatal Injury (K)
40280,Mississippi,280570,1,2,1,Front-to-Rear,0,1,"26,001 lbs. or more",Truck Tractor/Semi-Trailer,Cargo Tank,1,No Rollover,Minor Damage,"Two-Way, Divided, Unprotected Median",Two lanes,65 MPH,Straight,"Grade, Unknown Slope",Dry,U.S. Highway,Rural,Principal Arterial - Other,Dark - Not Lighted,Clear,2,0,0,No Apparent Injury (O)
40293,Mississippi,280576,2,2,1,Angle,0,1,"26,001 lbs. or more",Truck Tractor/Semi-Trailer,Flatbed,1,No Rollover,Minor Damage,"Two-Way, Not Divided",Two lanes,45 MPH,Straight,Level,Dry,County Road,Rural,Major Collector,Daylight,Clear,1,0,0,No Apparent Injury (O)
40307,Mississippi,280582,2,2,1,Not a Collision with Motor Vehicle In-Transport,0,1,"26,001 lbs. or more",Truck Tractor/Semi-Trailer,Van/Enclosed Box,1,No Rollover,Disabling Damage,"Two-Way,  Divided, Positive  Median Barrier",Two lanes,70 MPH,Straight,Level,Wet,Interstate,Rural,Principal Arterial - Other,Dark - Not Lighted,Rain,1,0,0,No Apparent Injury (O)
40472,Missouri,290054,1,3,1,Angle,0,1,"26,001 lbs. or more",Truck Tractor/Semi-Trailer,Van/Enclosed Box,1,No Rollover,Minor Damage,"Two-Way,  Divided, Positive  Median Barrier",Two lanes,70 MPH,Straight,Downhill,Snow,Interstate,Rural,Interstate,Daylight,Snow,1,0,0,No Apparent Injury (O)
40473,Missouri,290054,2,3,1,Angle,0,1,"26,001 lbs. or more",Truck Tractor/Semi-Trailer,Van/Enclosed Box,1,No Rollover,Disabling Damage,"Two-Way,  Divided, Positive  Median Barrier",Two lanes,70 MPH,Straight,Downhill,Snow,Interstate,Rural,Interstate,Daylight,Snow,1,0,0,No Apparent Injury (O)
40507,Missouri,290072,1,4,2,Sideswipe - Same Direction,0,1,"26,001 lbs. or more",Truck Tractor/Semi-Trailer,Van/Enclosed Box,1,No Rollover,Disabling Damage,"Two-Way,  Divided, Positive  Median Barrier",Two lanes,70 MPH,Straight,Uphill,Ice/Frost,Interstate,Urban,Interstate,Dark - Lighted,Rain,1,0,0,No Apparent Injury (O)
40508,Missouri,290072,1,4,2,Sideswipe - Same Direction,0,1,"26,001 lbs. or more",Truck Tractor/Semi-Trailer,Van/Enclosed Box,1,No Rollover,Disabling Damage,"Two-Way,  Divided, Positive  Median Barrier",Two lanes,70 MPH,Straight,Uphill,Ice/Frost,Interstate,Urban,Interstate,Dark - Lighted,Rain,1,0,0,No Apparent Injury (O)
40509,Missouri,290072,2,4,1,Sideswipe - Same Direction,0,1,"26,001 lbs. or more",Truck Tractor/Semi-Trailer,Van/Enclosed Box,1,No Rollover,Minor Damage,"Two-Way,  Divided, Positive  Median Barrier",Two lanes,70 MPH,Straight,Downhill,Ice/Frost,Interstate,Urban,Interstate,Dark - Lighted,Rain,1,0,0,No Apparent Injury (O)
40511,Missouri,290072,4,4,1,Sideswipe - Same Direction,0,1,"26,001 lbs. or more",Truck Tractor/Semi-Trailer,Van/Enclosed Box,1,No Rollover,Minor Damage,"Two-Way,  Divided, Positive  Median Barrier",Two lanes,70 MPH,Straight,Uphill,Ice/Frost,Interstate,Urban,Interstate,Dark - Lighted,Rain,1,0,0,No Apparent Injury (O)
40525,Missouri,290081,2,2,1,Angle,0,1,"26,001 lbs. or more",Truck Tractor/Semi-Trailer,Flatbed,1,No Rollover,Disabling Damage,"Two-Way, Not Divided",Three lanes,65 MPH,Straight,Level,Dry,U.S. Highway,Rural,Principal Arterial - Other,Dark - Not Lighted,Clear,1,0,0,No Apparent Injury (O)
40526,Missouri,290082,1,2,1,Front-to-Rear,0,0,"26,001 lbs. or more",Single-Unit Truck (3 or more axles),Dump,1,No Rollover,Disabling Damage,"Two-Way, Divided, Unprotected Median",Two lanes,65 MPH,Straight,Uphill,Wet,U.S. Highway,Rural,Principal Arterial - Other Freeways and Expressways,Daylight,Cloudy,1,0,0,No Apparent Injury (O)
40532,Missouri,290084,2,3,1,Front-to-Front,0,1,"26,001 lbs. or more",Truck Tractor/Semi-Trailer,Van/Enclosed Box,1,No Rollover,Disabling Damage,"Two-Way,  Divided, Positive  Median Barrier",Two lanes,70 MPH,Straight,Level,Slush,Interstate,Rural,Interstate,Dark - Not Lighted,Cloudy,1,1,0,No Apparent Injury (O)
40533,Missouri,290084,3,3,1,Front-to-Front,0,1,"26,001 lbs. or more",Truck Tractor/Semi-Trailer,Van/Enclosed Box,1,No Rollover,Minor Damage,"Two-Way,  Divided, Positive  Median Barrier",Two lanes,70 MPH,Straight,Level,Slush,Interstate,Rural,Interstate,Dark - Not Lighted,Cloudy,1,1,0,No Apparent Injury (O)
40534,Missouri,290085,1,8,1,Front-to-Rear,0,1,"26,001 lbs. or more",Truck Tractor/Semi-Trailer,Van/Enclosed Box,1,No Rollover,Disabling Damage,"Two-Way,  Divided, Positive  Median Barrier",Two lanes,70 MPH,Straight,Downhill,Snow,Interstate,Rural,Interstate,Daylight,Snow,1,0,0,No Apparent Injury (O)
40535,Missouri,290085,2,8,2,Front-to-Rear,0,1,"26,001 lbs. or more",Truck Tractor/Semi-Trailer,Van/Enclosed Box,1,No Rollover,Disabling Damage,"Two-Way,  Divided, Positive  Median Barrier",Two lanes,70 MPH,Straight,Downhill,Snow,Interstate,Rural,Interstate,Daylight,Snow,1,0,0,No Apparent Injury (O)
40536,Missouri,290085,2,8,2,Front-to-Rear,0,1,"26,001 lbs. or more",Truck Tractor/Semi-Trailer,Van/Enclosed Box,1,No Rollover,Disabling Damage,"Two-Way,  Divided, Positive  Median Barrier",Two lanes,70 MPH,Straight,Downhill,Snow,Interstate,Rural,Interstate,Daylight,Snow,1,0,0,No Apparent Injury (O)
40537,Missouri,290085,3,8,1,Front-to-Rear,0,1,"26,001 lbs. or more",Truck Tractor/Semi-Trailer,Van/Enclosed Box,1,No Rollover,Disabling Damage,"Two-Way,  Divided, Positive  Median Barrier",Two lanes,70 MPH,Straight,Downhill,Snow,Interstate,Rural,Interstate,Daylight,Snow,1,0,4,Fatal Injury (K)
40541,Missouri,290085,6,8,1,Front-to-Rear,0,1,"26,001 lbs. or more",Truck Tractor/Semi-Trailer,Van/Enclosed Box,1,No Rollover,Disabling Damage,"Two-Way,  Divided, Positive  Median Barrier",Two lanes,70 MPH,Straight,Downhill,Snow,Interstate,Rural,Interstate,Daylight,Snow,1,0,2,Suspected Minor Injury (B)
40583,Missouri,290102,1,6,1,Front-to-Rear,0,1,"26,001 lbs. or more",Truck Tractor/Semi-Trailer,Van/Enclosed Box,1,No Rollover,Disabling Damage,"Two-Way,  Divided, Positive  Median Barrier",Five lanes,60 MPH,Straight,Uphill,Dry,Interstate,Urban,Interstate,Daylight,Cloudy,1,0,0,No Apparent Injury (O)
40612,Missouri,290107,2,2,1,Front-to-Rear,0,1,"26,001 lbs. or more",Truck Tractor/Semi-Trailer,Van/Enclosed Box,1,No Rollover,Minor Damage,"Two-Way, Divided, Unprotected Median",Five lanes,45 MPH,Straight,Level,Dry,Local Street - Municipality,Urban,Principal Arterial - Other,Dark - Lighted,Cloudy,1,1,0,No Apparent Injury (O)
40654,Missouri,290124,2,2,2,Front-to-Front,0,0,"26,001 lbs. or more",Truck Tractor (Bobtail),No Cargo Body Type,1,No Rollover,Disabling Damage,"Two-Way, Not Divided",Two lanes,55 MPH,Curve - Left,Level,Dry,State Highway,Rural,Minor Arterial,Daylight,Cloudy,1,0,2,Suspected Minor Injury (B)
40655,Missouri,290124,2,2,2,Front-to-Front,0,0,"26,001 lbs. or more",Truck Tractor (Bobtail),No Cargo Body Type,1,No Rollover,Disabling Damage,"Two-Way, Not Divided",Two lanes,55 MPH,Curve - Left,Level,Dry,State Highway,Rural,Minor Arterial,Daylight,Cloudy,1,0,4,Fatal Injury (K)
40667,Missouri,290127,1,1,1,Not a Collision with Motor Vehicle In-Transport,0,0,"26,001 lbs. or more",Single-Unit Truck (3 or more axles),Garbage/Refuse,1,No Rollover,Disabling Damage,"Two-Way, Not Divided",Two lanes,45 MPH,Straight,Uphill,Dry,County Road,Rural,Local,Daylight,Clear,1,0,4,Fatal Injury (K)
40676,Missouri,290129,2,2,1,Front-to-Front,0,1,"26,001 lbs. or more",Truck Tractor/Semi-Trailer,Van/Enclosed Box,1,No Rollover,Disabling Damage,"Two-Way, Not Divided",Two lanes,55 MPH,Straight,Level,Dry,U.S. Highway,Urban,Principal Arterial - Other,Daylight,Clear,1,0,0,No Apparent Injury (O)
40700,Missouri,290142,2,1,1,Not a Collision with Motor Vehicle In-Transport,0,1,"26,001 lbs. or more",Truck Tractor/Semi-Trailer,Van/Enclosed Box,1,No Rollover,Disabling Damage,"Two-Way,  Divided, Positive  Median Barrier",Two lanes,70 MPH,Straight,Uphill,Wet,Interstate,Rural,Interstate,Daylight,Rain,1,0,3,Suspected Serious Injury (A)
40736,Missouri,290155,1,2,2,Not a Collision with Motor Vehicle In-Transport,0,1,"26,001 lbs. or more",Truck Tractor/Semi-Trailer,Van/Enclosed Box,1,No Rollover,Functional Damage,"Two-Way,  Divided, Positive  Median Barrier",Three lanes,70 MPH,Straight,Level,Dry,Interstate,Urban,Interstate,Dark - Not Lighted,Clear,1,0,0,No Apparent Injury (O)
40737,Missouri,290155,1,2,2,Not a Collision with Motor Vehicle In-Transport,0,1,"26,001 lbs. or more",Truck Tractor/Semi-Trailer,Van/Enclosed Box,1,No Rollover,Functional Damage,"Two-Way,  Divided, Positive  Median Barrier",Three lanes,70 MPH,Straight,Level,Dry,Interstate,Urban,Interstate,Dark - Not Lighted,Clear,1,0,0,No Apparent Injury (O)
40776,Missouri,290170,1,5,1,Front-to-Rear,0,1,"26,001 lbs. or more",Truck Tractor/Semi-Trailer,Van/Enclosed Box,1,No Rollover,Disabling Damage,"Two-Way, Not Divided",Two lanes,60 MPH,Curve - Right,Downhill,Dry,U.S. Highway,Rural,Principal Arterial - Other,Daylight,Cloudy,1,0,0,No Apparent Injury (O)
40797,Missouri,290175,1,2,1,Front-to-Front,0,1,"26,001 lbs. or more",Truck Pulling Trailer(s),Dump,1,No Rollover,Disabling Damage,"Two-Way, Not Divided",Two lanes,55 MPH,Straight,Downhill,Dry,State Highway,Rural,Major Collector,Dark - Not Lighted,Cloudy,1,0,1,Possible Injury (C)
40831,Missouri,290192,1,4,1,Front-to-Rear,0,1,"26,001 lbs. or more",Truck Tractor/Semi-Trailer,Flatbed,1,No Rollover,Disabling Damage,"Two-Way,  Divided, Positive  Median Barrier",Two lanes,70 MPH,Straight,Uphill,Dry,Interstate,Urban,Interstate,Daylight,Clear,1,0,1,Possible Injury (C)
40839,Missouri,290193,2,2,1,Front-to-Rear,0,0,"26,001 lbs. or more",Truck Tractor (Bobtail),No Cargo Body Type,1,No Rollover,Functional Damage,"Two-Way, Divided, Unprotected Median",Two lanes,70 MPH,Straight,Level,Slush,Interstate,Rural,Interstate,Dark - Not Lighted,Cloudy,1,0,0,No Apparent Injury (O)
40842,Missouri,290195,1,2,1,Front-to-Front,0,1,"26,001 lbs. or more",Truck Tractor/Semi-Trailer,Grain/ Chips/ Gravel,1,No Rollover,Disabling Damage,"Two-Way, Not Divided",Two lanes,60 MPH,Straight,Hillcrest,Dry,State Highway,Rural,Minor Arterial,Daylight,Clear,1,0,2,Suspected Minor Injury (B)
40849,Missouri,290197,2,2,1,Angle,0,1,"26,001 lbs. or more",Truck Tractor/Semi-Trailer,Grain/ Chips/ Gravel,1,"Rollover, Tripped by Object/Vehicle",Disabling Damage,"Two-Way, Not Divided",Two lanes,60 MPH,Straight,Level,Dry,State Highway,Rural,Major Collector,Daylight,Clear,1,0,2,Suspected Minor Injury (B)
40982,Missouri,290262,2,2,2,Front-to-Front,0,1,"26,001 lbs. or more",Truck Tractor/Semi-Trailer,Van/Enclosed Box,1,No Rollover,Disabling Damage,"Two-Way, Not Divided",Two lanes,55 MPH,Straight,Level,Dry,State Highway,Rural,Major Collector,Dark - Not Lighted,Clear,1,0,3,Suspected Serious Injury (A)
40983,Missouri,290262,2,2,2,Front-to-Front,0,1,"26,001 lbs. or more",Truck Tractor/Semi-Trailer,Van/Enclosed Box,1,No Rollover,Disabling Damage,"Two-Way, Not Divided",Two lanes,55 MPH,Straight,Level,Dry,State Highway,Rural,Major Collector,Dark - Not Lighted,Clear,1,0,2,Suspected Minor Injury (B)
41022,Missouri,290276,1,2,1,Angle,0,1,"26,001 lbs. or more",Truck Tractor/Semi-Trailer,Van/Enclosed Box,1,No Rollover,Disabling Damage,"Two-Way,  Divided, Positive  Median Barrier",Two lanes,70 MPH,Straight,Level,Dry,Interstate,Rural,Interstate,Dark - Not Lighted,Clear,1,0,0,No Apparent Injury (O)
41084,Missouri,290306,2,2,1,Angle,0,1,"26,001 lbs. or more",Truck Tractor/Semi-Trailer,Grain/ Chips/ Gravel,1,No Rollover,Disabling Damage,"Two-Way, Not Divided",Three lanes,60 MPH,Straight,Level,Dry,State Highway,Rural,Principal Arterial - Other,Daylight,Clear,1,0,3,Suspected Serious Injury (A)
41119,Missouri,290322,1,2,1,Angle,0,1,"26,001 lbs. or more",Truck Tractor/Semi-Trailer,Van/Enclosed Box,1,No Rollover,Disabling Damage,"Two-Way, Divided, Unprotected Median",Two lanes,70 MPH,Straight,Level,Dry,Interstate,Rural,Interstate,Daylight,Clear,1,0,1,Possible Injury (C)
41134,Missouri,290328,1,1,1,Not a Collision with Motor Vehicle In-Transport,0,1,"26,001 lbs. or more",Truck Tractor/Semi-Trailer,Cargo Tank,1,No Rollover,Disabling Damage,"Two-Way, Divided, Unprotected Median",Two lanes,65 MPH,Straight,Downhill,Dry,U.S. Highway,Rural,Principal Arterial - Other Freeways and Expressways,Daylight,Clear,1,0,4,Fatal Injury (K)