,STATENAME,ST_CASE,VEH_NO,VE_FORMS,NUMOCCS,MAN_COLLNAME,HIT_RUN,TOW_VEH,GVWRNAME,V_CONFIGNAME,CARGO_BTNAME,HAZ_INV,ROLLOVERNAME,DEFORMEDNAME,VTRAFWAYNAME,VNUM_LANNAME,VSPD_LIMNAME,VALIGNNAME,VPROFILENAME,VSURCONDNAME,ROUTENAME,RUR_URBNAME,FUNC_SYSNAME,LGT_CONDNAME,WEATHERNAME,FATALS,DRUNK_DR,INJ_SEV,INJ_SEVNAME
2317,Arizona,40155,1,1,3,Not a Collision with Motor Vehicle In-Transport,0,2,"26,001 lbs. or more",Truck Tractor/Double,Flatbed,1,"Rollover, Tripped by Object/Vehicle",Disabling Damage,"Two-Way,  Divided, Positive  Median Barrier",Two lanes,65 MPH,Curve Left,Downhill,Dry,State Highway,Rural,Principal Arterial - Other,Dark - Not Lighted,Clear,1,0,1,Possible Injury (C)
2336,Arizona,40164,1,7,1,Front-to-Rear,0,1,"26,001 lbs. or more","Truck More Than 10,000 lbs, Cannot Classify",Van/Enclosed Box,1,No Rollover,Disabling Damage,"Two-Way, Divided, Unprotected Median",Two lanes,65 MPH,Straight,Level,Dry,State Highway,Rural,Principal Arterial - Other,Daylight,Clear,2,0,0,No Apparent Injury (O)
2488,Arizona,40229,2,2,1,Front-to-Rear,0,1,"26,001 lbs. or more",Truck Tractor/Semi-Trailer,Van/Enclosed Box,1,No Rollover,Minor Damage,"Two-Way, Divided, Unprotected Median",Two lanes,75 MPH,Straight,Uphill,Dry,Interstate,Rural,Interstate,Daylight,Clear,1,0,1,Possible Injury (C)
2588,Arizona,40269,1,2,1,Front-to-Rear,0,1,"26,001 lbs. or more",Truck Tractor/Semi-Trailer,Flatbed,1,No Rollover,Disabling Damage,"Two-Way, Divided, Unprotected Median",Two lanes,75 MPH,Straight,Level,Dry,Interstate,Rural,Interstate,Daylight,Clear,1,0,4,Fatal Injury (K)
2589,Arizona,40269,2,2,1,Front-to-Rear,0,1,"26,001 lbs. or more",Truck Tractor/Semi-Trailer,Van/Enclosed Box,1,No Rollover,Disabling Damage,"Two-Way, Divided, Unprotected Median",Two lanes,75 MPH,Straight,Level,Dry,Interstate,Rural,Interstate,Daylight,Clear,1,0,3,Suspected Serious Injury (A)
2595,Arizona,40273,2,2,1,Front-to-Front,0,1,"26,001 lbs. or more",Truck Tractor/Semi-Trailer,Cargo Tank,2,No Rollover,Disabling Damage,"Two-Way, Not Divided",Two lanes,65 MPH,Straight,Level,Dry,U.S. Highway,Rural,Major Collector,Dark - Not Lighted,Clear,2,0,2,Suspected Minor Injury (B)
2596,Arizona,40274,1,2,1,Angle,0,1,"26,001 lbs. or more",Truck Tractor/Semi-Trailer,Van/Enclosed Box,1,No Rollover,Minor Damage,"Two-Way, Divided, Unprotected Median",Four lanes,45 MPH,Straight,Level,Dry,U.S. Highway,Rural,Principal Arterial - Other,Daylight,Clear,1,0,0,No Apparent Injury (O)
2674,Arizona,40305,1,1,1,Not a Collision with Motor Vehicle In-Transport,0,1,"26,001 lbs. or more",Truck Tractor/Semi-Trailer,Van/Enclosed Box,1,"Rollover, Tripped by Object/Vehicle",Disabling Damage,"Two-Way, Not Divided",Four lanes,50 MPH,Straight,Level,Dry,Local Street - Municipality,Urban,Minor Arterial,Dark - Lighted,Clear,1,1,4,Fatal Injury (K)
2677,Arizona,40306,2,2,1,Front-to-Front,0,1,"26,001 lbs. or more",Truck Tractor/Semi-Trailer,Intermodal Container Chassis,1,No Rollover,Disabling Damage,"Two-Way, Not Divided With a Continuous Left-Turn Lane",Five lanes,40 MPH,Straight,Level,Dry,Local Street - Municipality,Urban,Minor Arterial,Daylight,Clear,1,0,0,No Apparent Injury (O)
2749,Arizona,40346,1,4,1,Front-to-Rear,0,1,"26,001 lbs. or more",Truck Tractor/Semi-Trailer,Van/Enclosed Box,1,No Rollover,Disabling Damage,"Two-Way,  Divided, Positive  Median Barrier",Four lanes,75 MPH,Straight,Level,Dry,Interstate,Urban,Interstate,Daylight,Clear,1,0,0,No Apparent Injury (O)
2762,Arizona,40348,2,2,1,Angle,0,1,"26,001 lbs. or more",Truck Tractor/Semi-Trailer,Dump,1,No Rollover,Disabling Damage,"Two-Way, Divided, Unprotected Median",Four lanes,55 MPH,Straight,Level,Dry,State Highway,Urban,Principal Arterial - Other,Daylight,Clear,1,0,4,Fatal Injury (K)
2765,Arizona,40350,1,1,1,Not a Collision with Motor Vehicle In-Transport,0,0,"26,001 lbs. or more",Single-Unit Truck (3 or more axles),Cargo Tank,1,No Rollover,Minor Damage,"Two-Way, Divided, Unprotected Median",Three lanes,45 MPH,Straight,Level,Dry,Local Street - Municipality,Urban,Principal Arterial - Other,Daylight,Clear,1,0,0,No Apparent Injury (O)
2780,Arizona,40357,2,2,1,Angle,0,1,"26,001 lbs. or more",Truck Tractor/Semi-Trailer,Flatbed,1,No Rollover,Disabling Damage,"Two-Way, Not Divided With a Continuous Left-Turn Lane",Five lanes,35 MPH,Straight,Level,Dry,Local Street - Municipality,Urban,Minor Arterial,Dark - Lighted,Cloudy,1,0,0,No Apparent Injury (O)
2816,Arizona,40375,2,2,1,Front-to-Front,0,0,"26,001 lbs. or more","Single-Unit Truck (2- axle and GVWR more than 10,000 lbs)",Cargo Tank,2,No Rollover,Disabling Damage,Entrance/Exit Ramp,One lane,45 MPH,Curve Left,Downhill,Dry,Interstate,Urban,Interstate,Dark - Lighted,Clear,1,1,1,Possible Injury (C)
2825,Arizona,40378,2,2,1,Front-to-Rear,0,1,"26,001 lbs. or more",Truck Tractor/Semi-Trailer,Van/Enclosed Box,1,No Rollover,Functional Damage,"Two-Way,  Divided, Positive  Median Barrier",Five lanes,65 MPH,Straight,Level,Dry,Interstate,Urban,Interstate,Dark - Lighted,Clear,1,0,0,No Apparent Injury (O)
2836,Arizona,40382,2,2,1,Angle,0,2,"26,001 lbs. or more",Truck Tractor/Double,Van/Enclosed Box,1,"Rollover, Tripped by Object/Vehicle",Disabling Damage,"Two-Way, Divided, Unprotected Median",Two lanes,75 MPH,Straight,Level,Dry,Interstate,Rural,Interstate,Daylight,Clear,1,1,0,No Apparent Injury (O)
3003,Arizona,40459,2,2,1,Angle,0,2,"26,001 lbs. or more",Truck Tractor/Double,Van/Enclosed Box,1,No Rollover,Disabling Damage,"Two-Way, Not Divided",Seven or more lanes,45 MPH,Straight,Level,Dry,State Highway,Urban,Principal Arterial - Other,Dark - Lighted,Cloudy,1,1,0,No Apparent Injury (O)
3005,Arizona,40460,2,2,1,Angle,0,1,"26,001 lbs. or more",Truck Tractor/Semi-Trailer,Other,1,No Rollover,Disabling Damage,"Two-Way, Not Divided",Four lanes,65 MPH,Straight,Level,Dry,State Highway,Rural,Minor Arterial,Daylight,Clear,1,0,0,No Apparent Injury (O)
3017,Arizona,40464,1,2,2,Front-to-Rear,0,1,"26,001 lbs. or more",Truck Tractor/Semi-Trailer,Van/Enclosed Box,1,No Rollover,Minor Damage,"Two-Way, Divided, Unprotected Median",Two lanes,75 MPH,Straight,Level,Dry,Interstate,Rural,Interstate,Daylight,Clear,1,0,0,No Apparent Injury (O)
3018,Arizona,40464,1,2,2,Front-to-Rear,0,1,"26,001 lbs. or more",Truck Tractor/Semi-Trailer,Van/Enclosed Box,1,No Rollover,Minor Damage,"Two-Way, Divided, Unprotected Median",Two lanes,75 MPH,Straight,Level,Dry,Interstate,Rural,Interstate,Daylight,Clear,1,0,0,No Apparent Injury (O)
3074,Arizona,40489,1,2,2,Front-to-Rear,0,1,"26,001 lbs. or more",Truck Tractor/Semi-Trailer,Van/Enclosed Box,1,"Rollover, Tripped by Object/Vehicle",Disabling Damage,"Two-Way, Divided, Unprotected Median",Two lanes,75 MPH,Straight,Level,Dry,Interstate,Urban,Interstate,Daylight,Clear,1,0,4,Fatal Injury (K)
3075,Arizona,40489,1,2,2,Front-to-Rear,0,1,"26,001 lbs. or more",Truck Tractor/Semi-Trailer,Van/Enclosed Box,1,"Rollover, Tripped by Object/Vehicle",Disabling Damage,"Two-Way, Divided, Unprotected Median",Two lanes,75 MPH,Straight,Level,Dry,Interstate,Urban,Interstate,Daylight,Clear,1,0,2,Suspected Minor Injury (B)
3097,Arizona,40495,3,4,1,Front-to-Front,0,1,"26,001 lbs. or more",Truck Tractor/Semi-Trailer,Van/Enclosed Box,1,No Rollover,Disabling Damage,"Two-Way, Divided, Unprotected Median",Three lanes,65 MPH,Straight,Level,Wet,Interstate,Urban,Interstate,Dark - Not Lighted,Cloudy,1,0,0,No Apparent Injury (O)
3100,Arizona,40496,2,2,1,Angle,0,1,"26,001 lbs. or more",Truck Tractor/Semi-Trailer,Grain/ Chips/ Gravel,1,No Rollover,Disabling Damage,"Two-Way, Not Divided",Two lanes,45 MPH,Curve Right,Level,Dry,State Highway,Urban,Principal Arterial - Other,Daylight,Clear,1,0,0,No Apparent Injury (O)
3101,Arizona,40497,1,6,1,Angle,0,1,"26,001 lbs. or more",Truck Tractor/Semi-Trailer,Flatbed,1,"Rollover, Tripped by Object/Vehicle",Disabling Damage,"Two-Way, Divided, Unprotected Median",Three lanes,65 MPH,Straight,Level,Dry,State Highway,Urban,Principal Arterial - Other,Dusk,Clear,2,0,3,Suspected Serious Injury (A)
3118,Arizona,40502,2,2,1,Front-to-Front,0,1,"26,001 lbs. or more",Truck Tractor/Semi-Trailer,Van/Enclosed Box,1,No Rollover,Disabling Damage,"Two-Way, Not Divided",Two lanes,65 MPH,Straight,Level,Dry,U.S. Highway,Rural,Principal Arterial - Other,Dark - Not Lighted,Clear,2,0,2,Suspected Minor Injury (B)
3130,Arizona,40510,1,2,2,Front-to-Rear,0,2,"26,001 lbs. or more",Truck Tractor/Double,Van/Enclosed Box,1,No Rollover,Disabling Damage,"Two-Way, Divided, Unprotected Median",Two lanes,75 MPH,Straight,Level,Dry,Interstate,Rural,Interstate,Dark - Not Lighted,Clear,1,0,0,No Apparent Injury (O)
3131,Arizona,40510,1,2,2,Front-to-Rear,0,2,"26,001 lbs. or more",Truck Tractor/Double,Van/Enclosed Box,1,No Rollover,Disabling Damage,"Two-Way, Divided, Unprotected Median",Two lanes,75 MPH,Straight,Level,Dry,Interstate,Rural,Interstate,Dark - Not Lighted,Clear,1,0,0,No Apparent Injury (O)
3170,Arizona,40525,2,2,2,Front-to-Rear,0,1,"26,001 lbs. or more",Truck Tractor/Semi-Trailer,Van/Enclosed Box,1,No Rollover,Minor Damage,"Two-Way, Not Divided With a Continuous Left-Turn Lane",Five lanes,55 MPH,Straight,Level,Dry,State Highway,Rural,Principal Arterial - Other,Daylight,Clear,1,1,0,No Apparent Injury (O)
3171,Arizona,40525,2,2,2,Front-to-Rear,0,1,"26,001 lbs. or more",Truck Tractor/Semi-Trailer,Van/Enclosed Box,1,No Rollover,Minor Damage,"Two-Way, Not Divided With a Continuous Left-Turn Lane",Five lanes,55 MPH,Straight,Level,Dry,State Highway,Rural,Principal Arterial - Other,Daylight,Clear,1,1,0,No Apparent Injury (O)
3200,Arizona,40535,2,2,2,Front-to-Front,0,1,"26,001 lbs. or more",Truck Tractor/Semi-Trailer,Van/Enclosed Box,1,No Rollover,Disabling Damage,"Two-Way, Not Divided",Two lanes,65 MPH,Straight,Level,Dry,U.S. Highway,Rural,Principal Arterial - Other,Dark - Not Lighted,Cloudy,1,1,0,No Apparent Injury (O)
3201,Arizona,40535,2,2,2,Front-to-Front,0,1,"26,001 lbs. or more",Truck Tractor/Semi-Trailer,Van/Enclosed Box,1,No Rollover,Disabling Damage,"Two-Way, Not Divided",Two lanes,65 MPH,Straight,Level,Dry,U.S. Highway,Rural,Principal Arterial - Other,Dark - Not Lighted,Cloudy,1,1,0,No Apparent Injury (O)
3204,Arizona,40537,2,2,1,Angle,0,1,"26,001 lbs. or more",Truck Tractor/Semi-Trailer,Dump,1,No Rollover,Disabling Damage,"Two-Way, Not Divided",Two lanes,65 MPH,Straight,Level,Dry,State Highway,Rural,Minor Arterial,Daylight,Clear,1,1,0,No Apparent Injury (O)
3212,Arizona,40543,1,1,2,Not a Collision with Motor Vehicle In-Transport,0,1,"26,001 lbs. or more",Truck Tractor/Semi-Trailer,Van/Enclosed Box,1,No Rollover,Disabling Damage,"Two-Way, Divided, Unprotected Median",Two lanes,75 MPH,Straight,Level,Dry,Interstate,Rural,Interstate,Dawn,Clear,1,0,3,Suspected Serious Injury (A)
3213,Arizona,40543,1,1,2,Not a Collision with Motor Vehicle In-Transport,0,1,"26,001 lbs. or more",Truck Tractor/Semi-Trailer,Van/Enclosed Box,1,No Rollover,Disabling Damage,"Two-Way, Divided, Unprotected Median",Two lanes,75 MPH,Straight,Level,Dry,Interstate,Rural,Interstate,Dawn,Clear,1,0,4,Fatal Injury (K)
3256,Arizona,40572,2,2,1,Front-to-Front,0,1,"26,001 lbs. or more",Truck Tractor/Semi-Trailer,Van/Enclosed Box,1,No Rollover,Disabling Damage,"Two-Way,  Divided, Positive  Median Barrier",Three lanes,75 MPH,Straight,Level,Dry,Interstate,Rural,Interstate,Dark - Not Lighted,Clear,1,1,0,No Apparent Injury (O)
3285,Arizona,40585,2,2,1,Not a Collision with Motor Vehicle In-Transport,0,1,"26,001 lbs. or more",Truck Tractor/Semi-Trailer,Van/Enclosed Box,1,No Rollover,Minor Damage,"Two-Way, Divided, Unprotected Median",Two lanes,75 MPH,Straight,Level,Dry,Interstate,Rural,Interstate,Daylight,Cloudy,1,0,0,No Apparent Injury (O)
3302,Arizona,40592,1,1,1,Not a Collision with Motor Vehicle In-Transport,0,1,"26,001 lbs. or more",Truck Tractor/Semi-Trailer,Flatbed,1,"Rollover, Tripped by Object/Vehicle",Disabling Damage,"Two-Way, Divided, Unprotected Median",Two lanes,75 MPH,Straight,Hillcrest,Dry,Interstate,Urban,Interstate,Dark - Not Lighted,Cloudy,1,0,4,Fatal Injury (K)
3326,Arizona,40605,1,2,1,Front-to-Rear,0,1,"26,001 lbs. or more",Truck Tractor/Semi-Trailer,Van/Enclosed Box,1,No Rollover,Disabling Damage,"Two-Way, Divided, Unprotected Median",Two lanes,75 MPH,Straight,Level,Dry,Interstate,Rural,Interstate,Dark - Not Lighted,Clear,1,0,4,Fatal Injury (K)
3327,Arizona,40605,2,2,1,Front-to-Rear,0,1,"26,001 lbs. or more",Truck Tractor/Semi-Trailer,Auto Transporter,1,No Rollover,Functional Damage,"Two-Way, Divided, Unprotected Median",Two lanes,75 MPH,Straight,Level,Dry,Interstate,Rural,Interstate,Dark - Not Lighted,Clear,1,0,0,No Apparent Injury (O)
3342,Arizona,40611,2,2,1,Angle,0,1,"26,001 lbs. or more",Truck Tractor/Semi-Trailer,Cargo Tank,1,No Rollover,Disabling Damage,"Two-Way, Not Divided",Two lanes,45 MPH,Curve Left,Downhill,Dry,County Road,Rural,Minor Collector,Daylight,Clear,2,0,2,Suspected Minor Injury (B)
3366,Arizona,40626,1,2,1,Angle,0,0,"26,001 lbs. or more","Single-Unit Truck (2- axle and GVWR more than 10,000 lbs)",No Cargo Body Type,1,No Rollover,Disabling Damage,"Two-Way, Not Divided",Six lanes,40 MPH,Straight,Level,Dry,Local Street - Municipality,Urban,Minor Arterial,Daylight,Clear,1,0,0,No Apparent Injury (O)
3382,Arizona,40634,1,3,1,Front-to-Rear,0,1,"26,001 lbs. or more",Truck Tractor/Semi-Trailer,Van/Enclosed Box,1,No Rollover,Disabling Damage,"Two-Way, Divided, Unprotected Median",Three lanes,75 MPH,Straight,Level,Dry,Interstate,Rural,Interstate,Daylight,Clear,1,0,1,Possible Injury (C)
3385,Arizona,40634,3,3,1,Front-to-Rear,0,1,"26,001 lbs. or more",Truck Tractor/Semi-Trailer,Van/Enclosed Box,1,No Rollover,Disabling Damage,"Two-Way, Divided, Unprotected Median",Three lanes,75 MPH,Straight,Level,Dry,Interstate,Rural,Interstate,Daylight,Clear,1,0,4,Fatal Injury (K)
3409,Arizona,40647,1,1,2,Not a Collision with Motor Vehicle In-Transport,0,1,"26,001 lbs. or more","Truck More Than 10,000 lbs, Cannot Classify",Other,1,"Rollover, Tripped by Object/Vehicle",Disabling Damage,"Two-Way, Divided, Unprotected Median",Two lanes,65 MPH,Straight,Level,Dry,State Highway,Rural,Principal Arterial - Other,Daylight,Cloudy,1,1,4,Fatal Injury (K)
3410,Arizona,40647,1,1,2,Not a Collision with Motor Vehicle In-Transport,0,1,"26,001 lbs. or more","Truck More Than 10,000 lbs, Cannot Classify",Other,1,"Rollover, Tripped by Object/Vehicle",Disabling Damage,"Two-Way, Divided, Unprotected Median",Two lanes,65 MPH,Straight,Level,Dry,State Highway,Rural,Principal Arterial - Other,Daylight,Cloudy,1,1,2,Suspected Minor Injury (B)
3496,Arizona,40683,1,1,1,Not a Collision with Motor Vehicle In-Transport,0,0,"26,001 lbs. or more",Single-Unit Truck (3 or more axles),Other,1,"Rollover, Tripped by Object/Vehicle",Disabling Damage,"Two-Way, Not Divided",Two lanes,65 MPH,Straight,Level,Dry,State Highway,Rural,Minor Arterial,Daylight,Clear,1,0,4,Fatal Injury (K)
3497,Arizona,40684,1,2,1,Not a Collision with Motor Vehicle In-Transport,0,1,"26,001 lbs. or more",Truck Tractor/Semi-Trailer,Van/Enclosed Box,1,No Rollover,Minor Damage,"Two-Way, Divided, Unprotected Median",Two lanes,75 MPH,Straight,Level,Dry,Interstate,Rural,Interstate,Dark - Not Lighted,Clear,1,0,0,No Apparent Injury (O)
3506,Arizona,40687,2,2,1,Angle,0,1,"26,001 lbs. or more",Truck Tractor/Semi-Trailer,Van/Enclosed Box,1,No Rollover,Disabling Damage,"Two-Way, Divided, Unprotected Median",Two lanes,75 MPH,Straight,Level,Dry,Interstate,Rural,Interstate,Daylight,Clear,1,0,3,Suspected Serious Injury (A)
3567,Arizona,40706,1,2,2,Front-to-Rear,0,1,"26,001 lbs. or more",Truck Tractor/Semi-Trailer,Van/Enclosed Box,1,No Rollover,Disabling Damage,"Two-Way, Divided, Unprotected Median",Two lanes,75 MPH,Straight,Level,Dry,Interstate,Rural,Interstate,Dark - Not Lighted,Clear,1,0,4,Fatal Injury (K)
3568,Arizona,40706,1,2,2,Front-to-Rear,0,1,"26,001 lbs. or more",Truck Tractor/Semi-Trailer,Van/Enclosed Box,1,No Rollover,Disabling Damage,"Two-Way, Divided, Unprotected Median",Two lanes,75 MPH,Straight,Level,Dry,Interstate,Rural,Interstate,Dark - Not Lighted,Clear,1,0,2,Suspected Minor Injury (B)
3569,Arizona,40706,2,2,1,Front-to-Rear,0,1,"26,001 lbs. or more",Truck Tractor/Semi-Trailer,Van/Enclosed Box,1,No Rollover,Functional Damage,"Two-Way, Divided, Unprotected Median",Two lanes,75 MPH,Straight,Level,Dry,Interstate,Rural,Interstate,Dark - Not Lighted,Clear,1,0,0,No Apparent Injury (O)
3629,Arizona,40729,2,2,1,Not a Collision with Motor Vehicle In-Transport,0,1,"26,001 lbs. or more",Truck Tractor/Semi-Trailer,Van/Enclosed Box,1,No Rollover,Minor Damage,"Two-Way, Divided, Unprotected Median",Three lanes,75 MPH,Straight,Level,Dry,Interstate,Rural,Interstate,Dark - Not Lighted,Clear,1,0,0,No Apparent Injury (O)
3708,Arizona,40771,1,2,1,Angle,0,1,"26,001 lbs. or more",Truck Tractor/Semi-Trailer,Cargo Tank,2,No Rollover,Disabling Damage,Entrance/Exit Ramp,Three lanes,75 MPH,Straight,Downhill,Dry,Interstate,Urban,Interstate,Daylight,Clear,1,0,2,Suspected Minor Injury (B)
3729,Arizona,40780,2,2,1,Not a Collision with Motor Vehicle In-Transport,0,1,"26,001 lbs. or more",Truck Tractor/Semi-Trailer,Van/Enclosed Box,1,No Rollover,Minor Damage,"Two-Way, Divided, Unprotected Median",Two lanes,75 MPH,Straight,Uphill,Dry,Interstate,Rural,Interstate,Daylight,Clear,1,0,2,Suspected Minor Injury (B)
3730,Arizona,40781,1,1,1,Not a Collision with Motor Vehicle In-Transport,0,1,"26,001 lbs. or more",Truck Tractor/Semi-Trailer,Flatbed,1,No Rollover,Minor Damage,"Two-Way, Divided, Unprotected Median",Two lanes,75 MPH,Straight,Level,Dry,Interstate,Rural,Interstate,Dark - Not Lighted,Clear,1,0,0,No Apparent Injury (O)
3741,Arizona,40788,1,2,1,Front-to-Rear,0,1,"26,001 lbs. or more",Truck Tractor/Semi-Trailer,Van/Enclosed Box,1,No Rollover,Disabling Damage,"Two-Way, Divided, Unprotected Median",Two lanes,75 MPH,Straight,Downhill,Dry,Interstate,Rural,Interstate,Dark - Not Lighted,Clear,1,0,0,No Apparent Injury (O)
3781,Arizona,40801,2,2,1,Front-to-Rear,0,1,"26,001 lbs. or more",Truck Tractor/Semi-Trailer,Flatbed,1,No Rollover,Minor Damage,"Two-Way, Divided, Unprotected Median",Two lanes,65 MPH,Straight,Level,Dry,Interstate,Urban,Interstate,Dark - Not Lighted,Clear,1,0,0,No Apparent Injury (O)
3826,Arizona,40822,1,2,1,Angle,0,1,"26,001 lbs. or more",Truck Tractor/Semi-Trailer,Van/Enclosed Box,1,No Rollover,Functional Damage,"Two-Way, Not Divided",Two lanes,40 MPH,Straight,Level,Dry,Local Street - Municipality,Urban,Major Collector,Dark - Not Lighted,Clear,1,0,1,Possible Injury (C)
3920,Arizona,40850,1,2,1,Front-to-Rear,0,1,"26,001 lbs. or more",Truck Tractor/Semi-Trailer,Cargo Tank,1,No Rollover,Minor Damage,"Two-Way, Not Divided",Two lanes,25 MPH,Straight,Level,Dry,Local Street - Municipality,Urban,Local,Dark - Lighted,Clear,1,0,0,No Apparent Injury (O)
3971,Arizona,40872,2,2,1,Not a Collision with Motor Vehicle In-Transport,0,1,"26,001 lbs. or more",Truck Tractor/Semi-Trailer,Dump,1,No Rollover,Disabling Damage,"Two-Way, Divided, Unprotected Median",Two lanes,65 MPH,Straight,Level,Dry,State Highway,Rural,Principal Arterial - Other,Daylight,Clear,3,0,0,No Apparent Injury (O)
4094,Arizona,40933,2,2,1,Angle,0,0,"26,001 lbs. or more",Single-Unit Truck (3 or more axles),Dump,1,No Rollover,Disabling Damage,"Two-Way, Not Divided",Five lanes,40 MPH,Straight,Level,Dry,Local Street - Municipality,Urban,Principal Arterial - Other,Dark - Lighted,Clear,1,0,0,No Apparent Injury (O)
4137,Arkansas,50004,2,2,1,Front-to-Rear,0,1,"26,001 lbs. or more",Truck Tractor/Semi-Trailer,Flatbed,1,No Rollover,Functional Damage,"Two-Way,  Divided, Positive  Median Barrier",Five lanes,70 MPH,Straight,Level,Wet,Interstate,Rural,Interstate,Dark - Not Lighted,Rain,1,1,0,No Apparent Injury (O)
4143,Arkansas,50008,1,1,1,Not a Collision with Motor Vehicle In-Transport,0,1,"26,001 lbs. or more",Truck Tractor/Semi-Trailer,Log,1,"Rollover, Tripped by Object/Vehicle",Disabling Damage,"Two-Way, Not Divided",Two lanes,55 MPH,Straight,Level,Dry,State Highway,Rural,Major Collector,Daylight,Clear,1,0,4,Fatal Injury (K)
4151,Arkansas,50013,1,2,1,Angle,0,1,"26,001 lbs. or more",Truck Tractor/Semi-Trailer,Cargo Tank,1,No Rollover,Disabling Damage,"Two-Way, Not Divided",Three lanes,55 MPH,Straight,Downhill,Snow,U.S. Highway,Rural,Principal Arterial - Other,Daylight,Snow,2,0,0,No Apparent Injury (O)
4156,Arkansas,50014,2,2,1,Not a Collision with Motor Vehicle In-Transport,0,1,"26,001 lbs. or more",Truck Tractor/Semi-Trailer,Van/Enclosed Box,1,No Rollover,Disabling Damage,"Two-Way,  Divided, Positive  Median Barrier",Four lanes,70 MPH,Straight,Level,Snow,Interstate,Rural,Interstate,Daylight,Snow,1,0,0,No Apparent Injury (O)
4161,Arkansas,50017,2,2,1,Front-to-Front,0,1,"26,001 lbs. or more",Truck Tractor/Semi-Trailer,Flatbed,1,No Rollover,Disabling Damage,"Two-Way, Not Divided",Two lanes,55 MPH,Straight,Uphill,Dry,State Highway,Rural,Major Collector,Dark - Not Lighted,Clear,1,0,2,Suspected Minor Injury (B)
4179,Arkansas,50027,1,2,1,Front-to-Front,0,1,"26,001 lbs. or more",Truck Tractor/Semi-Trailer,Van/Enclosed Box,1,No Rollover,Disabling Damage,"Two-Way, Not Divided",Two lanes,55 MPH,Straight,Level,Dry,State Highway,Rural,Principal Arterial - Other,Daylight,Clear,1,1,0,No Apparent Injury (O)
4214,Arkansas,50047,2,5,1,Front-to-Front,0,1,"26,001 lbs. or more",Truck Tractor/Semi-Trailer,Cargo Tank,1,No Rollover,Disabling Damage,"Two-Way,  Divided, Positive  Median Barrier",Six lanes,65 MPH,Straight,Level,Dry,Interstate,Urban,Interstate,Dawn,Other,1,0,0,No Apparent Injury (O)
4223,Arkansas,50052,1,2,1,Angle,0,1,"26,001 lbs. or more",Truck Tractor/Semi-Trailer,Flatbed,1,No Rollover,Disabling Damage,"Two-Way, Not Divided With a Continuous Left-Turn Lane",Three lanes,45 MPH,Straight,Level,Dry,State Highway,Rural,Minor Arterial,Daylight,Cloudy,1,0,3,Suspected Serious Injury (A)
4224,Arkansas,50052,2,2,1,Angle,0,1,"26,001 lbs. or more",Truck Tractor/Semi-Trailer,Van/Enclosed Box,1,"Rollover, Tripped by Object/Vehicle",Disabling Damage,"Two-Way, Not Divided",Two lanes,45 MPH,Straight,Level,Dry,State Highway,Rural,Minor Arterial,Daylight,Cloudy,1,0,4,Fatal Injury (K)
4239,Arkansas,50062,1,1,1,Not a Collision with Motor Vehicle In-Transport,0,1,"26,001 lbs. or more",Truck Tractor/Semi-Trailer,Van/Enclosed Box,1,"Rollover, Tripped by Object/Vehicle",Disabling Damage,"Two-Way,  Divided, Positive  Median Barrier",Four lanes,70 MPH,Straight,Level,Dry,Interstate,Rural,Interstate,Dark - Not Lighted,Clear,1,0,4,Fatal Injury (K)
4241,Arkansas,50063,2,2,1,Front-to-Rear,0,1,"26,001 lbs. or more",Truck Tractor/Semi-Trailer,Van/Enclosed Box,1,No Rollover,Minor Damage,"Two-Way,  Divided, Positive  Median Barrier",Four lanes,70 MPH,Straight,Level,Dry,Interstate,Urban,Interstate,Daylight,Clear,1,0,0,No Apparent Injury (O)
4243,Arkansas,50065,1,3,1,Front-to-Rear,0,1,"26,001 lbs. or more",Truck Tractor/Semi-Trailer,Van/Enclosed Box,1,No Rollover,Disabling Damage,"Two-Way,  Divided, Positive  Median Barrier",Four lanes,70 MPH,Straight,Level,Wet,Interstate,Urban,Interstate,Daylight,Cloudy,1,0,4,Fatal Injury (K)
4244,Arkansas,50065,2,3,1,Front-to-Rear,0,1,"26,001 lbs. or more",Truck Tractor/Semi-Trailer,Van/Enclosed Box,1,No Rollover,Disabling Damage,"Two-Way,  Divided, Positive  Median Barrier",Four lanes,70 MPH,Straight,Level,Wet,Interstate,Urban,Interstate,Daylight,Cloudy,1,0,3,Suspected Serious Injury (A)
4245,Arkansas,50065,3,3,1,Front-to-Rear,0,1,"26,001 lbs. or more",Truck Tractor/Semi-Trailer,Flatbed,1,No Rollover,Functional Damage,"Two-Way,  Divided, Positive  Median Barrier",Four lanes,70 MPH,Straight,Level,Wet,Interstate,Urban,Interstate,Daylight,Cloudy,1,0,0,No Apparent Injury (O)
4247,Arkansas,50066,2,2,1,Front-to-Front,0,1,"26,001 lbs. or more",Truck Tractor/Semi-Trailer,Van/Enclosed Box,1,No Rollover,Disabling Damage,"Two-Way, Not Divided",Two lanes,55 MPH,Straight,Level,Wet,U.S. Highway,Rural,Principal Arterial - Other,Daylight,Rain,1,1,0,No Apparent Injury (O)
4253,Arkansas,50070,2,2,1,Front-to-Front,0,1,"26,001 lbs. or more",Truck Pulling Trailer(s),Dump,1,"Rollover, Tripped by Object/Vehicle",Minor Damage,"Two-Way, Not Divided",Two lanes,55 MPH,Curve Left,Level,Wet,State Highway,Rural,Minor Arterial,Dawn,Rain,1,0,2,Suspected Minor Injury (B)
4270,Arkansas,50077,1,1,2,Not a Collision with Motor Vehicle In-Transport,0,1,"26,001 lbs. or more",Truck Tractor/Semi-Trailer,Van/Enclosed Box,2,"Rollover, Tripped by Object/Vehicle",Disabling Damage,"Two-Way, Divided, Unprotected Median",Four lanes,70 MPH,Straight,Level,Dry,Interstate,Rural,Interstate,Daylight,Clear,2,0,4,Fatal Injury (K)