,STATENAME,ST_CASE,VEH_NO,VE_FORMS,NUMOCCS,MAN_COLLNAME,HIT_RUN,TOW_VEH,GVWRNAME,V_CONFIGNAME,CARGO_BTNAME,HAZ_INV,ROLLOVERNAME,DEFORMEDNAME,VTRAFWAYNAME,VNUM_LANNAME,VSPD_LIMNAME,VALIGNNAME,VPROFILENAME,VSURCONDNAME,ROUTENAME,RUR_URBNAME,FUNC_SYSNAME,LGT_CONDNAME,WEATHERNAME,FATALS,DRUNK_DR,INJ_SEV,INJ_SEVNAME
16835,Florida,120648,1,1,1,Not a Collision with Motor Vehicle In-Transport,0,0,"26,001 lbs. or more","Single-Unit Truck (2- axle and GVWR more than 10,000 lbs)",Dump,1,No Rollover,Minor Damage,"Two-Way,  Divided, Positive  Median Barrier",Three lanes,70 MPH,Straight,Level,Dry,Interstate,Urban,Interstate,Dark - Not Lighted,Clear,1,0,0,No Apparent Injury (O)
16917,Florida,120679,2,2,1,Front-to-Rear,0,1,"26,001 lbs. or more",Truck Tractor/Semi-Trailer,Cargo Tank,2,No Rollover,Functional Damage,"Two-Way, Divided, Unprotected Median",Two lanes,60 MPH,Straight,Level,Dry,State Highway,Rural,Principal Arterial - Other,Daylight,Clear,2,0,0,No Apparent Injury (O)
16928,Florida,120684,2,2,1,Front-to-Rear,0,0,"26,001 lbs. or more",Single-Unit Truck (3 or more axles),Garbage/Refuse,1,No Rollover,Functional Damage,"Two-Way, Divided, Unprotected Median",Two lanes,50 MPH,Straight,Level,Wet,State Highway,Urban,Minor Arterial,Daylight,Cloudy,1,0,2,Suspected Minor Injury (B)
16939,Florida,120689,2,2,1,Angle,0,1,"26,001 lbs. or more",Truck Tractor/Semi-Trailer,Cargo Tank,1,No Rollover,Disabling Damage,"Two-Way, Not Divided",Three lanes,45 MPH,Straight,Level,Dry,U.S. Highway,Urban,Principal Arterial - Other,Dark - Not Lighted,Cloudy,1,0,0,No Apparent Injury (O)
17021,Florida,120727,1,1,1,Not a Collision with Motor Vehicle In-Transport,0,1,"26,001 lbs. or more",Truck Tractor/Semi-Trailer,Dump,1,No Rollover,Disabling Damage,"Two-Way,  Divided, Positive  Median Barrier",Two lanes,70 MPH,Straight,Level,Dry,State Highway,Urban,Principal Arterial - Other Freeways and Expressways,Daylight,Clear,1,0,3,Suspected Serious Injury (A)
17026,Florida,120729,2,2,1,Front-to-Front,0,1,"26,001 lbs. or more",Truck Tractor/Semi-Trailer,Van/Enclosed Box,1,No Rollover,Disabling Damage,"Two-Way, Not Divided With a Continuous Left-Turn Lane",Five lanes,45 MPH,Straight,Level,Dry,State Highway,Urban,Minor Arterial,Daylight,Cloudy,1,1,1,Possible Injury (C)
17067,Florida,120749,2,2,1,Front-to-Rear,0,0,"26,001 lbs. or more","Single-Unit Truck (2- axle and GVWR more than 10,000 lbs)",Dump,1,No Rollover,Functional Damage,"Two-Way, Divided, Unprotected Median",Two lanes,55 MPH,Straight,Level,Dry,U.S. Highway,Urban,Principal Arterial - Other,Dark - Not Lighted,Clear,1,0,0,No Apparent Injury (O)
17083,Florida,120760,1,1,1,Not a Collision with Motor Vehicle In-Transport,0,2,"26,001 lbs. or more",Truck Tractor/Double,Van/Enclosed Box,1,"Rollover, Tripped by Object/Vehicle",Disabling Damage,"Two-Way,  Divided, Positive  Median Barrier",Four lanes,70 MPH,Straight,Downhill,Dry,Interstate,Urban,Interstate,Dark - Not Lighted,Cloudy,1,0,4,Fatal Injury (K)
17094,Florida,120765,1,2,1,Front-to-Front,0,0,"26,001 lbs. or more","Single-Unit Truck (2- axle and GVWR more than 10,000 lbs)",Dump,1,No Rollover,Disabling Damage,"Two-Way, Not Divided",Two lanes,45 MPH,Straight,Level,Dry,Local Street - Municipality,Rural,Local,Daylight,Cloudy,1,0,2,Suspected Minor Injury (B)
17100,Florida,120767,2,2,1,Angle,0,0,"26,001 lbs. or more","Single-Unit Truck (2- axle and GVWR more than 10,000 lbs)",Dump,1,No Rollover,Disabling Damage,"Two-Way, Not Divided",Two lanes,60 MPH,Curve Right,Level,Dry,State Highway,Urban,Principal Arterial - Other,Dark - Not Lighted,Clear,1,0,2,Suspected Minor Injury (B)
17107,Florida,120770,2,3,3,Rear-to-Side,0,0,"26,001 lbs. or more","Truck More Than 10,000 lbs, Cannot Classify",Other,1,No Rollover,Disabling Damage,"Two-Way,  Divided, Positive  Median Barrier",Four lanes,65 MPH,Curve Right,Level,Dry,Interstate,Urban,Interstate,Dark - Lighted,Clear,1,0,0,No Apparent Injury (O)
17108,Florida,120770,2,3,3,Rear-to-Side,0,0,"26,001 lbs. or more","Truck More Than 10,000 lbs, Cannot Classify",Other,1,No Rollover,Disabling Damage,"Two-Way,  Divided, Positive  Median Barrier",Four lanes,65 MPH,Curve Right,Level,Dry,Interstate,Urban,Interstate,Dark - Lighted,Clear,1,0,0,No Apparent Injury (O)
17109,Florida,120770,2,3,3,Rear-to-Side,0,0,"26,001 lbs. or more","Truck More Than 10,000 lbs, Cannot Classify",Other,1,No Rollover,Disabling Damage,"Two-Way,  Divided, Positive  Median Barrier",Four lanes,65 MPH,Curve Right,Level,Dry,Interstate,Urban,Interstate,Dark - Lighted,Clear,1,0,0,No Apparent Injury (O)
17237,Florida,120830,2,2,1,Angle,0,1,"26,001 lbs. or more",Truck Tractor/Semi-Trailer,Van/Enclosed Box,1,No Rollover,Disabling Damage,"Two-Way, Divided, Unprotected Median",Two lanes,55 MPH,Straight,Hillcrest,Dry,U.S. Highway,Rural,Principal Arterial - Other,Daylight,Clear,1,0,1,Possible Injury (C)
17261,Florida,120844,1,3,1,Front-to-Rear,0,1,"26,001 lbs. or more",Truck Tractor/Semi-Trailer,Grain/ Chips/ Gravel,1,No Rollover,Disabling Damage,"Two-Way,  Divided, Positive  Median Barrier",Three lanes,65 MPH,Straight,Level,Dry,Interstate,Rural,Interstate,Dark - Not Lighted,Clear,1,0,2,Suspected Minor Injury (B)
17263,Florida,120844,3,3,1,Front-to-Rear,0,1,"26,001 lbs. or more",Truck Tractor/Semi-Trailer,Grain/ Chips/ Gravel,1,No Rollover,Disabling Damage,"Two-Way,  Divided, Positive  Median Barrier",Three lanes,70 MPH,Straight,Level,Dry,Interstate,Rural,Interstate,Dark - Not Lighted,Clear,1,0,1,Possible Injury (C)
17281,Florida,120856,1,2,1,Angle,0,0,"26,001 lbs. or more",Single-Unit Truck (3 or more axles),Dump,1,No Rollover,Disabling Damage,"Two-Way, Divided, Unprotected Median",Three lanes,65 MPH,Straight,Level,Dry,U.S. Highway,Rural,Principal Arterial - Other,Dark - Not Lighted,Clear,1,0,1,Possible Injury (C)
17286,Florida,120858,3,3,1,Front-to-Rear,0,1,"26,001 lbs. or more",Truck Tractor/Semi-Trailer,Log,1,No Rollover,Minor Damage,"Two-Way, Not Divided",Two lanes,55 MPH,Straight,Level,Dry,State Highway,Rural,Principal Arterial - Other,Dark - Not Lighted,Clear,1,1,0,No Apparent Injury (O)
17309,Florida,120869,2,2,1,Front-to-Rear,0,1,"26,001 lbs. or more",Truck Tractor/Semi-Trailer,Flatbed,1,No Rollover,Functional Damage,"Two-Way, Not Divided",Two lanes,55 MPH,Straight,Level,Dry,Other,Rural,Major Collector,Dawn,Clear,1,0,0,No Apparent Injury (O)
17394,Florida,120908,3,7,1,Front-to-Rear,0,1,"26,001 lbs. or more",Truck Tractor/Semi-Trailer,Other,1,No Rollover,No Damage,"Two-Way,  Divided, Positive  Median Barrier",Three lanes,70 MPH,Straight,Level,Dry,Interstate,Urban,Interstate,Dark - Not Lighted,Cloudy,1,1,0,No Apparent Injury (O)
17421,Florida,120915,2,2,2,Not a Collision with Motor Vehicle In-Transport,0,0,"26,001 lbs. or more",Single-Unit Truck (3 or more axles),Dump,1,No Rollover,Disabling Damage,"Two-Way,  Divided, Positive  Median Barrier",Two lanes,70 MPH,Straight,Level,Dry,State Highway,Urban,Principal Arterial - Other Freeways and Expressways,Daylight,Clear,1,1,0,No Apparent Injury (O)
17422,Florida,120915,2,2,2,Not a Collision with Motor Vehicle In-Transport,0,0,"26,001 lbs. or more",Single-Unit Truck (3 or more axles),Dump,1,No Rollover,Disabling Damage,"Two-Way,  Divided, Positive  Median Barrier",Two lanes,70 MPH,Straight,Level,Dry,State Highway,Urban,Principal Arterial - Other Freeways and Expressways,Daylight,Clear,1,1,0,No Apparent Injury (O)
17435,Florida,120922,2,2,1,Angle,0,1,"26,001 lbs. or more",Truck Tractor/Semi-Trailer,Flatbed,1,No Rollover,Functional Damage,"Two-Way, Not Divided",Two lanes,60 MPH,Curve Left,Level,Dry,State Highway,Rural,Minor Arterial,Daylight,Clear,1,1,0,No Apparent Injury (O)
17447,Florida,120928,2,2,1,Angle,0,1,"26,001 lbs. or more",Truck Tractor/Semi-Trailer,Van/Enclosed Box,1,No Rollover,Functional Damage,"Two-Way, Divided, Unprotected Median",Two lanes,45 MPH,Straight,Level,Dry,Interstate,Urban,Interstate,Dark - Not Lighted,Clear,1,0,0,No Apparent Injury (O)
17460,Florida,120936,1,2,1,Other,0,0,"26,001 lbs. or more",Single-Unit Truck (3 or more axles),Other,1,No Rollover,Minor Damage,"Two-Way, Not Divided",Two lanes,30 MPH,Straight,Uphill,Dry,U.S. Highway,Urban,Principal Arterial - Other,Daylight,Clear,1,0,0,No Apparent Injury (O)
17496,Florida,120956,2,2,2,Angle,0,1,"26,001 lbs. or more",Truck Tractor/Semi-Trailer,Van/Enclosed Box,1,No Rollover,Disabling Damage,"Two-Way, Divided, Unprotected Median",Four lanes,50 MPH,Straight,Level,Dry,U.S. Highway,Urban,Principal Arterial - Other,Dark - Lighted,Clear,1,1,0,No Apparent Injury (O)
17497,Florida,120956,2,2,2,Angle,0,1,"26,001 lbs. or more",Truck Tractor/Semi-Trailer,Van/Enclosed Box,1,No Rollover,Disabling Damage,"Two-Way, Divided, Unprotected Median",Four lanes,50 MPH,Straight,Level,Dry,U.S. Highway,Urban,Principal Arterial - Other,Dark - Lighted,Clear,1,1,0,No Apparent Injury (O)
17640,Florida,121023,2,2,1,Angle,0,0,"26,001 lbs. or more","Single-Unit Truck (2- axle and GVWR more than 10,000 lbs)",Van/Enclosed Box,1,No Rollover,Disabling Damage,"Two-Way, Not Divided",Two lanes,35 MPH,Curve Right,Level,Dry,U.S. Highway,Rural,Principal Arterial - Other,Daylight,Cloudy,1,0,1,Possible Injury (C)
17673,Florida,121037,2,2,1,Front-to-Front,0,1,"26,001 lbs. or more",Truck Tractor/Semi-Trailer,Van/Enclosed Box,1,No Rollover,Disabling Damage,"Two-Way, Not Divided",Two lanes,60 MPH,Curve Left,Level,Dry,State Highway,Rural,Principal Arterial - Other,Daylight,Clear,1,0,0,No Apparent Injury (O)
17687,Florida,121044,2,2,1,Sideswipe - Same Direction,0,1,"26,001 lbs. or more",Truck Tractor/Semi-Trailer,Cargo Tank,1,No Rollover,Disabling Damage,"Two-Way, Divided, Unprotected Median",Two lanes,70 MPH,Straight,Downhill,Wet,Interstate,Urban,Interstate,Daylight,Rain,1,0,4,Fatal Injury (K)
17694,Florida,121048,2,2,1,Angle,0,0,"26,001 lbs. or more","Truck More Than 10,000 lbs, Cannot Classify",Van/Enclosed Box,1,No Rollover,Minor Damage,Entrance/Exit Ramp,One lane,55 MPH,Straight,Level,Dry,Interstate,Urban,Interstate,Daylight,Clear,1,0,0,No Apparent Injury (O)
17697,Florida,121050,1,1,1,Not a Collision with Motor Vehicle In-Transport,0,0,"26,001 lbs. or more",Single-Unit Truck (3 or more axles),Dump,1,"Rollover, Untripped",Disabling Damage,"Two-Way, Not Divided",Two lanes,45 MPH,Curve Left,Level,Dry,Other,Rural,Major Collector,Dusk,Clear,1,0,4,Fatal Injury (K)
17870,Florida,121133,1,1,1,Not a Collision with Motor Vehicle In-Transport,0,1,"26,001 lbs. or more",Truck Tractor/Semi-Trailer,Van/Enclosed Box,1,No Rollover,Disabling Damage,"Two-Way, Divided, Unprotected Median",Two lanes,55 MPH,Straight,Level,Dry,State Highway,Urban,Principal Arterial - Other,Dark - Not Lighted,Clear,1,0,0,No Apparent Injury (O)
17901,Florida,121145,2,2,1,Front-to-Rear,0,1,"26,001 lbs. or more",Truck Tractor/Semi-Trailer,Other,2,No Rollover,Disabling Damage,"Two-Way, Not Divided",Two lanes,55 MPH,Straight,Level,Dry,U.S. Highway,Urban,Principal Arterial - Other,Dusk,Clear,1,0,2,Suspected Minor Injury (B)
17934,Florida,121162,1,2,1,Front-to-Rear,0,1,"26,001 lbs. or more",Truck Tractor/Semi-Trailer,Van/Enclosed Box,1,No Rollover,Disabling Damage,"Two-Way, Divided, Unprotected Median",Two lanes,65 MPH,Straight,Level,Dry,U.S. Highway,Rural,Principal Arterial - Other,Dawn,Clear,1,0,4,Fatal Injury (K)
17935,Florida,121162,2,2,1,Front-to-Rear,0,1,"26,001 lbs. or more",Truck Tractor/Semi-Trailer,Van/Enclosed Box,1,No Rollover,Disabling Damage,"Two-Way, Divided, Unprotected Median",Two lanes,65 MPH,Straight,Level,Dry,U.S. Highway,Rural,Principal Arterial - Other,Dawn,Clear,1,0,0,No Apparent Injury (O)
17992,Florida,121187,1,1,1,Not a Collision with Motor Vehicle In-Transport,0,1,"26,001 lbs. or more",Truck Tractor/Semi-Trailer,Other,1,No Rollover,Minor Damage,"Two-Way, Not Divided",Two lanes,30 MPH,Straight,Level,Dry,Local Street - Municipality,Rural,Major Collector,Dark - Not Lighted,Clear,1,0,0,No Apparent Injury (O)
18119,Florida,121242,1,1,1,Not a Collision with Motor Vehicle In-Transport,0,1,"26,001 lbs. or more",Truck Pulling Trailer(s),Flatbed,1,"Rollover, Tripped by Object/Vehicle",Disabling Damage,One-Way Trafficway,Three lanes,45 MPH,Curve Left,Downhill,Dry,State Highway,Urban,Principal Arterial - Other,Dark - Lighted,Clear,1,0,4,Fatal Injury (K)
18127,Florida,121245,2,2,1,Angle,0,1,"26,001 lbs. or more",Truck Tractor/Semi-Trailer,Van/Enclosed Box,1,"Rollover, Tripped by Object/Vehicle",Disabling Damage,"Two-Way, Not Divided",Two lanes,60 MPH,Straight,Level,Dry,State Highway,Rural,Minor Arterial,Daylight,Clear,1,0,3,Suspected Serious Injury (A)
18221,Florida,121284,1,1,1,Not a Collision with Motor Vehicle In-Transport,0,1,"26,001 lbs. or more",Truck Tractor/Semi-Trailer,Van/Enclosed Box,1,No Rollover,Minor Damage,"Two-Way, Divided, Unprotected Median",Three lanes,45 MPH,Straight,Level,Dry,State Highway,Urban,Principal Arterial - Other,Dark - Lighted,Cloudy,1,0,0,No Apparent Injury (O)
18228,Florida,121288,2,3,1,Angle,0,1,"26,001 lbs. or more",Truck Tractor/Semi-Trailer,Intermodal Container Chassis,1,No Rollover,Functional Damage,"Two-Way, Not Divided",Two lanes,45 MPH,Straight,Level,Dry,U.S. Highway,Rural,Principal Arterial - Other,Daylight,Clear,1,0,1,Possible Injury (C)
18356,Florida,121348,2,4,1,Not a Collision with Motor Vehicle In-Transport,0,1,"26,001 lbs. or more",Truck Pulling Trailer(s),Log,1,No Rollover,No Damage,"Two-Way, Divided, Unprotected Median",Three lanes,70 MPH,Straight,Downhill,Dry,Interstate,Urban,Interstate,Dark - Lighted,Clear,1,0,0,No Apparent Injury (O)
18357,Florida,121348,3,4,1,Not a Collision with Motor Vehicle In-Transport,0,1,"26,001 lbs. or more",Truck Pulling Trailer(s),Log,1,No Rollover,No Damage,"Two-Way, Divided, Unprotected Median",Three lanes,70 MPH,Straight,Downhill,Dry,Interstate,Urban,Interstate,Dark - Lighted,Clear,1,0,0,No Apparent Injury (O)
18407,Florida,121371,1,2,4,Front-to-Rear,0,2,"26,001 lbs. or more",Truck Tractor/Double,Flatbed,1,No Rollover,Functional Damage,"Two-Way,  Divided, Positive  Median Barrier",Three lanes,70 MPH,Straight,Level,Wet,Interstate,Urban,Interstate,Dark - Not Lighted,Cloudy,1,1,1,Possible Injury (C)
18408,Florida,121371,1,2,4,Front-to-Rear,0,2,"26,001 lbs. or more",Truck Tractor/Double,Flatbed,1,No Rollover,Functional Damage,"Two-Way,  Divided, Positive  Median Barrier",Three lanes,70 MPH,Straight,Level,Wet,Interstate,Urban,Interstate,Dark - Not Lighted,Cloudy,1,1,0,No Apparent Injury (O)
18409,Florida,121371,1,2,4,Front-to-Rear,0,2,"26,001 lbs. or more",Truck Tractor/Double,Flatbed,1,No Rollover,Functional Damage,"Two-Way,  Divided, Positive  Median Barrier",Three lanes,70 MPH,Straight,Level,Wet,Interstate,Urban,Interstate,Dark - Not Lighted,Cloudy,1,1,0,No Apparent Injury (O)
18410,Florida,121371,1,2,4,Front-to-Rear,0,2,"26,001 lbs. or more",Truck Tractor/Double,Flatbed,1,No Rollover,Functional Damage,"Two-Way,  Divided, Positive  Median Barrier",Three lanes,70 MPH,Straight,Level,Wet,Interstate,Urban,Interstate,Dark - Not Lighted,Cloudy,1,1,0,No Apparent Injury (O)
18419,Florida,121376,1,1,1,Not a Collision with Motor Vehicle In-Transport,0,0,"26,001 lbs. or more",Single-Unit Truck (3 or more axles),Garbage/Refuse,1,No Rollover,No Damage,"Two-Way, Divided, Unprotected Median",One lane,25 MPH,Straight,Level,Dry,Other,Urban,Local,Daylight,Clear,1,0,0,No Apparent Injury (O)
18435,Florida,121384,2,3,1,Angle,0,0,"26,001 lbs. or more",Single-Unit Truck (3 or more axles),Dump,1,No Rollover,Disabling Damage,"Two-Way, Divided, Unprotected Median",One lane,60 MPH,Straight,Level,Dry,State Highway,Rural,Minor Arterial,Daylight,Clear,1,0,0,No Apparent Injury (O)
18527,Florida,121434,1,2,1,Angle,0,1,"26,001 lbs. or more",Truck Pulling Trailer(s),Van/Enclosed Box,1,No Rollover,Functional Damage,"Two-Way, Divided, Unprotected Median",Four lanes,55 MPH,Straight,Level,Dry,U.S. Highway,Urban,Principal Arterial - Other,Daylight,Cloudy,1,0,0,No Apparent Injury (O)
18538,Florida,121441,2,3,2,Angle,0,1,"26,001 lbs. or more",Truck Tractor/Semi-Trailer,Other,1,"Rollover, Tripped by Object/Vehicle",Disabling Damage,"Two-Way, Divided, Unprotected Median",Three lanes,70 MPH,Straight,Level,Dry,Interstate,Rural,Interstate,Dark - Not Lighted,Cloudy,1,1,1,Possible Injury (C)
18539,Florida,121441,2,3,2,Angle,0,1,"26,001 lbs. or more",Truck Tractor/Semi-Trailer,Other,1,"Rollover, Tripped by Object/Vehicle",Disabling Damage,"Two-Way, Divided, Unprotected Median",Three lanes,70 MPH,Straight,Level,Dry,Interstate,Rural,Interstate,Dark - Not Lighted,Cloudy,1,1,2,Suspected Minor Injury (B)
18542,Florida,121442,2,3,1,Angle,0,1,"26,001 lbs. or more",Truck Tractor/Semi-Trailer,Van/Enclosed Box,1,No Rollover,Disabling Damage,"Two-Way, Not Divided",Two lanes,60 MPH,Straight,Level,Dry,U.S. Highway,Rural,Principal Arterial - Other,Daylight,Clear,1,0,0,No Apparent Injury (O)
18580,Florida,121458,1,1,1,Not a Collision with Motor Vehicle In-Transport,0,1,"26,001 lbs. or more",Truck Tractor/Semi-Trailer,Van/Enclosed Box,1,"Rollover, Tripped by Object/Vehicle",Disabling Damage,"Two-Way, Not Divided",Two lanes,50 MPH,Straight,Level,Dry,County Road,Rural,Major Collector,Dark - Not Lighted,Clear,1,0,4,Fatal Injury (K)
18613,Florida,121477,1,1,1,Not a Collision with Motor Vehicle In-Transport,0,0,"26,001 lbs. or more","Single-Unit Truck (2- axle and GVWR more than 10,000 lbs)",No Cargo Body Type,1,No Rollover,Functional Damage,"Two-Way, Divided, Unprotected Median",Two lanes,55 MPH,Straight,Level,Wet,U.S. Highway,Urban,Principal Arterial - Other,Daylight,Rain,1,0,0,No Apparent Injury (O)
18620,Florida,121482,2,4,1,Front-to-Rear,0,0,"26,001 lbs. or more",Truck Tractor (Bobtail),No Cargo Body Type,1,No Rollover,Disabling Damage,"Two-Way,  Divided, Positive  Median Barrier",Four lanes,70 MPH,Curve Left,Uphill,Dry,Interstate,Urban,Interstate,Daylight,Cloudy,1,0,0,No Apparent Injury (O)
18654,Florida,121506,2,2,1,Angle,0,1,"26,001 lbs. or more",Truck Tractor/Semi-Trailer,Van/Enclosed Box,1,No Rollover,Minor Damage,"Two-Way,  Divided, Positive  Median Barrier",Three lanes,70 MPH,Straight,Level,Dry,Interstate,Urban,Interstate,Daylight,Clear,1,0,0,No Apparent Injury (O)
18658,Florida,121508,2,2,1,Front-to-Rear,0,1,"26,001 lbs. or more",Truck Tractor/Semi-Trailer,Dump,1,No Rollover,Functional Damage,"Two-Way,  Divided, Positive  Median Barrier",Two lanes,70 MPH,Straight,Level,Dry,State Highway,Rural,Principal Arterial - Other Freeways and Expressways,Daylight,Clear,1,0,2,Suspected Minor Injury (B)
18678,Florida,121517,2,2,2,Front-to-Rear,0,0,"26,001 lbs. or more","Single-Unit Truck (2- axle and GVWR more than 10,000 lbs)",Garbage/Refuse,1,No Rollover,Disabling Damage,"Two-Way, Divided, Unprotected Median",Three lanes,45 MPH,Straight,Level,Dry,State Highway,Urban,Principal Arterial - Other,Dawn,Cloudy,1,0,0,No Apparent Injury (O)
18679,Florida,121517,2,2,2,Front-to-Rear,0,0,"26,001 lbs. or more","Single-Unit Truck (2- axle and GVWR more than 10,000 lbs)",Garbage/Refuse,1,No Rollover,Disabling Damage,"Two-Way, Divided, Unprotected Median",Three lanes,45 MPH,Straight,Level,Dry,State Highway,Urban,Principal Arterial - Other,Dawn,Cloudy,1,0,0,No Apparent Injury (O)
18743,Florida,121544,2,2,1,Front-to-Front,0,0,"26,001 lbs. or more",Single-Unit Truck (3 or more axles),Dump,1,No Rollover,Disabling Damage,"Two-Way, Not Divided",Two lanes,45 MPH,Curve Left,Uphill,Dry,State Highway,Urban,Principal Arterial - Other,Daylight,Clear,1,1,0,No Apparent Injury (O)
18754,Florida,121551,2,2,1,Angle,0,1,"26,001 lbs. or more",Truck Tractor/Semi-Trailer,Van/Enclosed Box,1,No Rollover,Disabling Damage,"Two-Way, Divided, Unprotected Median",Three lanes,40 MPH,Straight,Level,Wet,State Highway,Urban,Principal Arterial - Other,Daylight,Rain,1,0,0,No Apparent Injury (O)
18779,Florida,121564,1,1,1,Not a Collision with Motor Vehicle In-Transport,0,1,"26,001 lbs. or more",Truck Tractor/Semi-Trailer,Van/Enclosed Box,1,No Rollover,Disabling Damage,"Two-Way,  Divided, Positive  Median Barrier",Three lanes,70 MPH,Straight,Level,Dry,Interstate,Rural,Interstate,Daylight,Cloudy,1,0,1,Possible Injury (C)
18817,Florida,121580,2,2,1,Angle,0,1,"26,001 lbs. or more",Truck Tractor/Semi-Trailer,Cargo Tank,1,No Rollover,Functional Damage,"Two-Way, Not Divided",Two lanes,55 MPH,Straight,Level,Wet,State Highway,Rural,Minor Arterial,Daylight,Rain,1,0,0,No Apparent Injury (O)
18824,Florida,121583,2,2,1,Front-to-Rear,0,1,"26,001 lbs. or more",Truck Tractor/Semi-Trailer,Van/Enclosed Box,1,No Rollover,Functional Damage,"Two-Way,  Divided, Positive  Median Barrier",Five lanes,55 MPH,Straight,Uphill,Dry,State Highway,Urban,Principal Arterial - Other Freeways and Expressways,Dark - Lighted,Clear,1,0,0,No Apparent Injury (O)
18862,Florida,121597,1,1,1,Not a Collision with Motor Vehicle In-Transport,0,0,"26,001 lbs. or more","Single-Unit Truck (2- axle and GVWR more than 10,000 lbs)",Van/Enclosed Box,1,No Rollover,Functional Damage,"Two-Way, Divided, Unprotected Median",Five lanes,45 MPH,Straight,Level,Dry,State Highway,Urban,Principal Arterial - Other,Daylight,Clear,1,0,0,No Apparent Injury (O)
18929,Florida,121621,2,2,1,Front-to-Rear,0,0,"26,001 lbs. or more",Single-Unit Truck (3 or more axles),Dump,1,No Rollover,Disabling Damage,"Two-Way, Not Divided",Two lanes,30 MPH,Straight,Level,Dry,Local Street - Municipality,Urban,Minor Arterial,Daylight,Clear,1,0,0,No Apparent Injury (O)
18943,Florida,121629,2,3,1,Front-to-Rear,0,1,"26,001 lbs. or more",Truck Tractor/Semi-Trailer,Van/Enclosed Box,1,No Rollover,Disabling Damage,"Two-Way, Divided, Unprotected Median",Two lanes,70 MPH,Straight,Downhill,Wet,Interstate,Urban,Interstate,Dark - Lighted,Rain,1,0,1,Possible Injury (C)
19052,Florida,121667,2,2,2,Front-to-Rear,0,1,"26,001 lbs. or more",Truck Tractor/Semi-Trailer,Van/Enclosed Box,1,No Rollover,Functional Damage,"Two-Way, Divided, Unprotected Median",Two lanes,55 MPH,Straight,Level,Dry,State Highway,Rural,Principal Arterial - Other,Daylight,Clear,1,0,0,No Apparent Injury (O)
19053,Florida,121667,2,2,2,Front-to-Rear,0,1,"26,001 lbs. or more",Truck Tractor/Semi-Trailer,Van/Enclosed Box,1,No Rollover,Functional Damage,"Two-Way, Divided, Unprotected Median",Two lanes,55 MPH,Straight,Level,Dry,State Highway,Rural,Principal Arterial - Other,Daylight,Clear,1,0,0,No Apparent Injury (O)
19125,Florida,121696,2,2,1,Sideswipe - Same Direction,0,1,"26,001 lbs. or more",Truck Pulling Trailer(s),Other,1,No Rollover,Disabling Damage,"Two-Way, Divided, Unprotected Median",Two lanes,70 MPH,Straight,Downhill,Wet,Interstate,Rural,Interstate,Daylight,Rain,1,0,0,No Apparent Injury (O)
19139,Florida,121705,1,9,2,Not a Collision with Motor Vehicle In-Transport,0,1,"26,001 lbs. or more",Truck Pulling Trailer(s),Van/Enclosed Box,1,No Rollover,Disabling Damage,"Two-Way,  Divided, Positive  Median Barrier",Three lanes,70 MPH,Straight,Level,Dry,Interstate,Urban,Interstate,Dark - Lighted,Clear,1,1,3,Suspected Serious Injury (A)
19140,Florida,121705,1,9,2,Not a Collision with Motor Vehicle In-Transport,0,1,"26,001 lbs. or more",Truck Pulling Trailer(s),Van/Enclosed Box,1,No Rollover,Disabling Damage,"Two-Way,  Divided, Positive  Median Barrier",Three lanes,70 MPH,Straight,Level,Dry,Interstate,Urban,Interstate,Dark - Lighted,Clear,1,1,3,Suspected Serious Injury (A)
19142,Florida,121705,3,9,2,Not a Collision with Motor Vehicle In-Transport,0,1,"26,001 lbs. or more",Truck Tractor/Semi-Trailer,Van/Enclosed Box,1,No Rollover,Disabling Damage,"Two-Way,  Divided, Positive  Median Barrier",Three lanes,70 MPH,Straight,Level,Dry,Interstate,Urban,Interstate,Dark - Lighted,Clear,1,1,0,No Apparent Injury (O)
19143,Florida,121705,3,9,2,Not a Collision with Motor Vehicle In-Transport,0,1,"26,001 lbs. or more",Truck Tractor/Semi-Trailer,Van/Enclosed Box,1,No Rollover,Disabling Damage,"Two-Way,  Divided, Positive  Median Barrier",Three lanes,70 MPH,Straight,Level,Dry,Interstate,Urban,Interstate,Dark - Lighted,Clear,1,1,0,No Apparent Injury (O)
19156,Florida,121705,8,9,1,Not a Collision with Motor Vehicle In-Transport,0,1,"26,001 lbs. or more",Truck Pulling Trailer(s),Van/Enclosed Box,1,No Rollover,Disabling Damage,"Two-Way,  Divided, Positive  Median Barrier",Three lanes,70 MPH,Straight,Level,Dry,Interstate,Urban,Interstate,Dark - Lighted,Clear,1,1,0,No Apparent Injury (O)