,STATENAME,ST_CASE,VEH_NO,VE_FORMS,NUMOCCS,MAN_COLLNAME,HIT_RUN,TOW_VEH,GVWRNAME,V_CONFIGNAME,CARGO_BTNAME,HAZ_INV,ROLLOVERNAME,DEFORMEDNAME,VTRAFWAYNAME,VNUM_LANNAME,VSPD_LIMNAME,VALIGNNAME,VPROFILENAME,VSURCONDNAME,ROUTENAME,RUR_URBNAME,FUNC_SYSNAME,LGT_CONDNAME,WEATHERNAME,FATALS,DRUNK_DR,INJ_SEV,INJ_SEVNAME
24207,Georgia,130835,1,1,1,Not a Collision with Motor Vehicle In-Transport,0,0,"26,001 lbs. or more",Single-Unit Truck (3 or more axles),Van/Enclosed Box,1,"Rollover, Tripped by Object/Vehicle",Disabling Damage,"Two-Way, Not Divided",Two lanes,55 MPH,Straight,Level,Dry,State Highway,Rural,Major Collector,Daylight,Clear,1,0,4,Fatal Injury (K)
24212,Georgia,130838,1,1,1,Not a Collision with Motor Vehicle In-Transport,0,1,"26,001 lbs. or more",Truck Tractor/Semi-Trailer,Van/Enclosed Box,1,No Rollover,No Damage,"Two-Way, Not Divided",Two lanes,55 MPH,Straight,Uphill,Dry,U.S. Highway,Rural,Minor Arterial,Dark - Not Lighted,Clear,1,0,0,No Apparent Injury (O)
24240,Georgia,130851,2,2,1,Front-to-Rear,0,1,"26,001 lbs. or more",Truck Tractor/Semi-Trailer,Van/Enclosed Box,1,No Rollover,Functional Damage,"Two-Way,  Divided, Positive  Median Barrier",Three lanes,70 MPH,Straight,Level,Wet,Interstate,Rural,Interstate,Dark - Not Lighted,Cloudy,1,0,0,No Apparent Injury (O)
24288,Georgia,130868,3,3,1,Front-to-Rear,0,1,"26,001 lbs. or more",Truck Tractor/Semi-Trailer,Van/Enclosed Box,1,No Rollover,Functional Damage,"Two-Way,  Divided, Positive  Median Barrier",Three lanes,65 MPH,Straight,Level,Wet,Interstate,Urban,Interstate,Dark - Not Lighted,Rain,1,0,1,Possible Injury (C)
24290,Georgia,130869,2,4,1,Angle,0,1,"26,001 lbs. or more",Truck Tractor/Semi-Trailer,Van/Enclosed Box,1,No Rollover,Disabling Damage,"Two-Way, Divided, Unprotected Median",Two lanes,65 MPH,Curve Left,Level,Dry,U.S. Highway,Rural,Principal Arterial - Other,Daylight,Cloudy,1,0,0,No Apparent Injury (O)
24292,Georgia,130869,4,4,1,Angle,0,1,"26,001 lbs. or more",Truck Tractor/Semi-Trailer,Van/Enclosed Box,1,No Rollover,Minor Damage,"Two-Way, Divided, Unprotected Median",Two lanes,65 MPH,Curve Right,Level,Dry,U.S. Highway,Rural,Principal Arterial - Other,Daylight,Cloudy,1,0,0,No Apparent Injury (O)
24294,Georgia,130870,2,2,1,Angle,0,1,"26,001 lbs. or more",Truck Tractor/Semi-Trailer,Dump,1,No Rollover,Disabling Damage,"Two-Way, Not Divided With a Continuous Left-Turn Lane",Five lanes,45 MPH,Straight,Level,Dry,U.S. Highway,Urban,Principal Arterial - Other,Daylight,Clear,1,0,3,Suspected Serious Injury (A)
24307,Georgia,130876,2,4,1,Front-to-Rear,0,0,"26,001 lbs. or more",Single-Unit Truck (3 or more axles),Van/Enclosed Box,1,No Rollover,Minor Damage,"Two-Way, Divided, Unprotected Median",Two lanes,55 MPH,Straight,Level,Wet,U.S. Highway,Urban,Principal Arterial - Other Freeways and Expressways,Dark - Not Lighted,Rain,1,0,1,Possible Injury (C)
24308,Georgia,130876,3,4,1,Front-to-Rear,0,0,"26,001 lbs. or more",Single-Unit Truck (3 or more axles),Van/Enclosed Box,1,No Rollover,Minor Damage,"Two-Way, Divided, Unprotected Median",Two lanes,55 MPH,Straight,Level,Wet,U.S. Highway,Urban,Principal Arterial - Other Freeways and Expressways,Dark - Not Lighted,Rain,1,0,0,No Apparent Injury (O)
24318,Georgia,130880,1,2,1,Angle,0,0,"26,001 lbs. or more",Truck Tractor (Bobtail),No Cargo Body Type,1,No Rollover,Functional Damage,Non-Trafficway or Driveway Access,Non-Trafficway or Driveway Access,No Statutory Limit/Non-Trafficway or Driveway Access,Non-Trafficway or Driveway Access,Non-Trafficway or Driveway Access,Non-Trafficway or Driveway Access,State Highway,Urban,Minor Arterial,Dark - Not Lighted,Clear,1,0,0,No Apparent Injury (O)
24329,Georgia,130886,2,2,1,Angle,1,1,"26,001 lbs. or more",Truck Tractor/Semi-Trailer,Van/Enclosed Box,1,No Rollover,Disabling Damage,"Two-Way, Divided, Unprotected Median",Two lanes,65 MPH,Straight,Uphill,Dry,U.S. Highway,Rural,Principal Arterial - Other,Dusk,Cloudy,2,0,2,Suspected Minor Injury (B)
24362,Georgia,130905,1,2,2,Angle,0,0,"26,001 lbs. or more",Single-Unit Truck (3 or more axles),Cargo Tank,2,No Rollover,Disabling Damage,"Two-Way, Not Divided",Four lanes,55 MPH,Straight,"Grade, Unknown Slope",Dry,State Highway,Urban,Minor Arterial,Daylight,Clear,1,0,1,Possible Injury (C)
24363,Georgia,130905,1,2,2,Angle,0,0,"26,001 lbs. or more",Single-Unit Truck (3 or more axles),Cargo Tank,2,No Rollover,Disabling Damage,"Two-Way, Not Divided",Four lanes,55 MPH,Straight,"Grade, Unknown Slope",Dry,State Highway,Urban,Minor Arterial,Daylight,Clear,1,0,1,Possible Injury (C)
24390,Georgia,130915,1,1,1,Not a Collision with Motor Vehicle In-Transport,0,1,"26,001 lbs. or more",Truck Tractor/Semi-Trailer,Van/Enclosed Box,1,No Rollover,Disabling Damage,"Two-Way, Not Divided",Two lanes,55 MPH,Straight,Level,Dry,State Highway,Rural,Minor Arterial,Dark - Not Lighted,Cloudy,1,0,0,No Apparent Injury (O)
24402,Georgia,130922,2,2,2,Front-to-Rear,0,0,"26,001 lbs. or more",Single-Unit Truck (3 or more axles),Van/Enclosed Box,1,No Rollover,No Damage,"Two-Way,  Divided, Positive  Median Barrier",Five lanes,65 MPH,Straight,Level,Dry,State Highway,Urban,Principal Arterial - Other Freeways and Expressways,Daylight,Clear,1,0,0,No Apparent Injury (O)
24403,Georgia,130922,2,2,2,Front-to-Rear,0,0,"26,001 lbs. or more",Single-Unit Truck (3 or more axles),Van/Enclosed Box,1,No Rollover,No Damage,"Two-Way,  Divided, Positive  Median Barrier",Five lanes,65 MPH,Straight,Level,Dry,State Highway,Urban,Principal Arterial - Other Freeways and Expressways,Daylight,Clear,1,0,0,No Apparent Injury (O)
24422,Georgia,130931,2,2,1,Front-to-Front,0,0,"26,001 lbs. or more",Single-Unit Truck (3 or more axles),Dump,1,No Rollover,Disabling Damage,"Two-Way, Not Divided",Two lanes,45 MPH,Straight,Level,Dry,County Road,Urban,Local,Daylight,Clear,1,0,1,Possible Injury (C)
24455,Georgia,130949,2,2,1,Front-to-Rear,0,1,"26,001 lbs. or more",Truck Tractor/Semi-Trailer,Van/Enclosed Box,1,No Rollover,Disabling Damage,"Two-Way,  Divided, Positive  Median Barrier",Two lanes,70 MPH,Straight,Hillcrest,Dry,Interstate,Rural,Interstate,Daylight,Cloudy,1,0,0,No Apparent Injury (O)
24458,Georgia,130950,2,3,1,Front-to-Rear,0,1,"26,001 lbs. or more",Truck Tractor/Semi-Trailer,Van/Enclosed Box,1,No Rollover,Functional Damage,"Two-Way,  Divided, Positive  Median Barrier",Three lanes,70 MPH,Straight,Hillcrest,Dry,Interstate,Urban,Interstate,Daylight,Cloudy,1,0,0,No Apparent Injury (O)
24495,Georgia,130966,2,2,1,Front-to-Rear,0,1,"26,001 lbs. or more",Truck Tractor/Semi-Trailer,Van/Enclosed Box,1,No Rollover,Disabling Damage,"Two-Way,  Divided, Positive  Median Barrier",Two lanes,70 MPH,Straight,Level,Dry,Interstate,Rural,Interstate,Dark - Not Lighted,Clear,1,0,0,No Apparent Injury (O)
24514,Georgia,130973,2,2,1,Angle,0,1,"26,001 lbs. or more",Truck Tractor/Semi-Trailer,Van/Enclosed Box,1,No Rollover,Disabling Damage,"Two-Way, Not Divided With a Continuous Left-Turn Lane",Six lanes,50 MPH,Straight,Level,Dry,State Highway,Urban,Minor Arterial,Dark - Lighted,Clear,1,0,0,No Apparent Injury (O)
24534,Georgia,130983,2,2,1,Angle,0,1,"26,001 lbs. or more",Truck Tractor/Semi-Trailer,Van/Enclosed Box,1,No Rollover,Functional Damage,"Two-Way, Not Divided",Two lanes,55 MPH,Curve Right,Level,Dry,State Highway,Rural,Minor Arterial,Daylight,Cloudy,1,0,0,No Apparent Injury (O)
24535,Georgia,130984,1,2,1,Front-to-Rear,0,1,"26,001 lbs. or more",Truck Tractor/Semi-Trailer,Van/Enclosed Box,1,"Rollover, Tripped by Object/Vehicle",Disabling Damage,"Two-Way, Divided, Unprotected Median",Two lanes,70 MPH,Straight,Level,Dry,Interstate,Rural,Interstate,Daylight,Clear,2,0,4,Fatal Injury (K)
24540,Georgia,130986,2,2,1,Front-to-Front,0,0,"26,001 lbs. or more",Single-Unit Truck (3 or more axles),Van/Enclosed Box,1,"Rollover, Tripped by Object/Vehicle",Disabling Damage,"Two-Way, Not Divided",Two lanes,45 MPH,Straight,Level,Dry,State Highway,Urban,Major Collector,Daylight,Clear,1,0,2,Suspected Minor Injury (B)
24543,Georgia,130988,2,2,1,Angle,0,0,"26,001 lbs. or more",Single-Unit Truck (3 or more axles),Flatbed,1,No Rollover,Disabling Damage,"Two-Way, Not Divided",Two lanes,45 MPH,Straight,Level,Dry,County Road,Urban,Minor Arterial,Daylight,Clear,1,0,3,Suspected Serious Injury (A)
24599,Georgia,131006,2,2,1,Front-to-Front,0,1,"26,001 lbs. or more",Truck Tractor/Semi-Trailer,Van/Enclosed Box,1,No Rollover,Disabling Damage,"Two-Way, Not Divided",Three lanes,55 MPH,Straight,Level,Dry,Interstate,Rural,Interstate,Daylight,Cloudy,1,0,0,No Apparent Injury (O)
24631,Georgia,131018,1,2,1,Sideswipe - Same Direction,0,1,"26,001 lbs. or more",Truck Tractor/Semi-Trailer,Van/Enclosed Box,1,No Rollover,Minor Damage,"Two-Way, Not Divided",Two lanes,55 MPH,Curve Left,Downhill,Dry,State Highway,Urban,Minor Arterial,Daylight,Clear,1,0,0,No Apparent Injury (O)
24633,Georgia,131019,1,4,1,Front-to-Rear,0,1,"26,001 lbs. or more",Truck Tractor/Semi-Trailer,Van/Enclosed Box,1,No Rollover,Disabling Damage,"Two-Way,  Divided, Positive  Median Barrier",Two lanes,55 MPH,Straight,Uphill,Dry,Interstate,Urban,Interstate,Dark - Not Lighted,Clear,1,0,0,No Apparent Injury (O)
24663,Georgia,131031,1,2,2,Front-to-Front,0,0,"26,001 lbs. or more",Single-Unit Truck (3 or more axles),Garbage/Refuse,1,No Rollover,Disabling Damage,"Two-Way, Not Divided",Three lanes,35 MPH,Curve Left,"Grade, Unknown Slope",Dry,State Highway,Urban,Minor Arterial,Daylight,Clear,2,0,4,Fatal Injury (K)
24664,Georgia,131031,1,2,2,Front-to-Front,0,0,"26,001 lbs. or more",Single-Unit Truck (3 or more axles),Garbage/Refuse,1,No Rollover,Disabling Damage,"Two-Way, Not Divided",Three lanes,35 MPH,Curve Left,"Grade, Unknown Slope",Dry,State Highway,Urban,Minor Arterial,Daylight,Clear,2,0,4,Fatal Injury (K)
24665,Georgia,131031,2,2,1,Front-to-Front,0,0,"26,001 lbs. or more",Single-Unit Truck (3 or more axles),Dump,1,No Rollover,Disabling Damage,"Two-Way, Not Divided",Four lanes,55 MPH,Straight,Level,Dry,State Highway,Urban,Minor Arterial,Daylight,Clear,2,0,3,Suspected Serious Injury (A)
24674,Georgia,131037,1,1,1,Not a Collision with Motor Vehicle In-Transport,0,1,"26,001 lbs. or more",Truck Tractor/Semi-Trailer,Van/Enclosed Box,1,No Rollover,Disabling Damage,"Two-Way, Not Divided With a Continuous Left-Turn Lane",Five lanes,55 MPH,Straight,Level,Dry,State Highway,Rural,Principal Arterial - Other,Dark - Not Lighted,Clear,1,0,0,No Apparent Injury (O)
24704,Georgia,131053,4,4,1,Not a Collision with Motor Vehicle In-Transport,0,1,"26,001 lbs. or more",Truck Tractor/Semi-Trailer,Van/Enclosed Box,1,No Rollover,Minor Damage,"Two-Way,  Divided, Positive  Median Barrier",Four lanes,70 MPH,Straight,Level,Dry,Interstate,Rural,Interstate,Dark - Not Lighted,Clear,1,0,0,No Apparent Injury (O)
24712,Georgia,131058,1,2,1,Angle,0,0,"26,001 lbs. or more",Single-Unit Truck (3 or more axles),Van/Enclosed Box,1,"Rollover, Tripped by Object/Vehicle",Disabling Damage,"Two-Way, Not Divided",Two lanes,55 MPH,Straight,Level,Dry,State Highway,Rural,Major Collector,Daylight,Clear,2,0,3,Suspected Serious Injury (A)
24713,Georgia,131058,2,2,2,Angle,0,1,"26,001 lbs. or more",Truck Tractor/Semi-Trailer,Van/Enclosed Box,1,No Rollover,Disabling Damage,"Two-Way, Not Divided",Two lanes,55 MPH,Straight,Level,Dry,State Highway,Rural,Major Collector,Daylight,Clear,2,0,4,Fatal Injury (K)
24714,Georgia,131058,2,2,2,Angle,0,1,"26,001 lbs. or more",Truck Tractor/Semi-Trailer,Van/Enclosed Box,1,No Rollover,Disabling Damage,"Two-Way, Not Divided",Two lanes,55 MPH,Straight,Level,Dry,State Highway,Rural,Major Collector,Daylight,Clear,2,0,4,Fatal Injury (K)
24717,Georgia,131059,3,4,1,Front-to-Rear,0,1,"26,001 lbs. or more",Truck Tractor/Semi-Trailer,Van/Enclosed Box,1,No Rollover,Functional Damage,"Two-Way,  Divided, Positive  Median Barrier",Five lanes,65 MPH,Straight,Level,Dry,Interstate,Urban,Interstate,Dark - Not Lighted,Cloudy,1,0,0,No Apparent Injury (O)
24730,Georgia,131067,1,2,1,Angle,0,1,"26,001 lbs. or more",Truck Tractor/Semi-Trailer,Van/Enclosed Box,1,No Rollover,Functional Damage,Non-Trafficway or Driveway Access,Non-Trafficway or Driveway Access,No Statutory Limit/Non-Trafficway or Driveway Access,Non-Trafficway or Driveway Access,Non-Trafficway or Driveway Access,Non-Trafficway or Driveway Access,County Road,Rural,Minor Collector,Dusk,Clear,1,0,0,No Apparent Injury (O)
24777,Georgia,131092,2,2,1,Front-to-Rear,0,1,"26,001 lbs. or more",Truck Tractor/Semi-Trailer,Van/Enclosed Box,1,No Rollover,Functional Damage,"Two-Way, Divided, Unprotected Median",Four lanes,55 MPH,Curve Left,Downhill,Dry,U.S. Highway,Urban,Principal Arterial - Other,Daylight,Clear,1,0,2,Suspected Minor Injury (B)
24779,Georgia,131093,2,2,1,Angle,0,1,"26,001 lbs. or more",Truck Tractor/Semi-Trailer,Van/Enclosed Box,1,"Rollover, Tripped by Object/Vehicle",Disabling Damage,"Two-Way, Divided, Unprotected Median",Two lanes,65 MPH,Straight,Level,Dry,State Highway,Rural,Principal Arterial - Other,Dawn,Clear,1,0,2,Suspected Minor Injury (B)
24781,Georgia,131095,1,2,1,Angle,0,1,"26,001 lbs. or more",Truck Tractor/Semi-Trailer,Van/Enclosed Box,1,No Rollover,Disabling Damage,"Two-Way,  Divided, Positive  Median Barrier",Two lanes,55 MPH,Straight,Level,Dry,U.S. Highway,Urban,Principal Arterial - Other,Daylight,Clear,1,0,0,No Apparent Injury (O)
24811,Georgia,131111,2,3,2,Not a Collision with Motor Vehicle In-Transport,0,1,"26,001 lbs. or more",Truck Tractor/Semi-Trailer,Auto Transporter,1,No Rollover,Disabling Damage,"Two-Way,  Divided, Positive  Median Barrier",Three lanes,70 MPH,Straight,Level,Wet,Interstate,Urban,Interstate,Dark - Not Lighted,Rain,1,0,0,No Apparent Injury (O)
24812,Georgia,131111,2,3,2,Not a Collision with Motor Vehicle In-Transport,0,1,"26,001 lbs. or more",Truck Tractor/Semi-Trailer,Auto Transporter,1,No Rollover,Disabling Damage,"Two-Way,  Divided, Positive  Median Barrier",Three lanes,70 MPH,Straight,Level,Wet,Interstate,Urban,Interstate,Dark - Not Lighted,Rain,1,0,0,No Apparent Injury (O)
24815,Georgia,131112,2,2,2,Front-to-Rear,0,1,"26,001 lbs. or more",Truck Tractor/Semi-Trailer,Van/Enclosed Box,1,No Rollover,Disabling Damage,"Two-Way,  Divided, Positive  Median Barrier",Three lanes,70 MPH,Straight,Level,Wet,Interstate,Urban,Interstate,Dark - Not Lighted,Cloudy,1,1,0,No Apparent Injury (O)
24816,Georgia,131112,2,2,2,Front-to-Rear,0,1,"26,001 lbs. or more",Truck Tractor/Semi-Trailer,Van/Enclosed Box,1,No Rollover,Disabling Damage,"Two-Way,  Divided, Positive  Median Barrier",Three lanes,70 MPH,Straight,Level,Wet,Interstate,Urban,Interstate,Dark - Not Lighted,Cloudy,1,1,0,No Apparent Injury (O)
24818,Georgia,131114,1,2,1,Sideswipe - Same Direction,0,1,"26,001 lbs. or more",Truck Tractor/Semi-Trailer,Van/Enclosed Box,1,No Rollover,Disabling Damage,"Two-Way,  Divided, Positive  Median Barrier",Three lanes,55 MPH,Straight,"Grade, Unknown Slope",Wet,Interstate,Urban,Interstate,Daylight,Rain,1,0,4,Fatal Injury (K)
24839,Georgia,131124,1,1,1,Not a Collision with Motor Vehicle In-Transport,0,1,"26,001 lbs. or more",Truck Tractor/Semi-Trailer,Van/Enclosed Box,1,No Rollover,Disabling Damage,"Two-Way,  Divided, Positive  Median Barrier",Three lanes,70 MPH,Straight,Level,Dry,Interstate,Rural,Interstate,Dark - Not Lighted,Clear,1,0,4,Fatal Injury (K)
24848,Georgia,131129,1,2,1,Angle,0,1,"26,001 lbs. or more",Truck Tractor/Semi-Trailer,Van/Enclosed Box,1,No Rollover,Disabling Damage,"Two-Way, Not Divided With a Continuous Left-Turn Lane",Five lanes,45 MPH,Curve Left,Level,Wet,U.S. Highway,Urban,Principal Arterial - Other,Daylight,Clear,2,0,0,No Apparent Injury (O)
24855,Georgia,131133,1,1,1,Not a Collision with Motor Vehicle In-Transport,0,1,"26,001 lbs. or more",Truck Tractor/Semi-Trailer,Van/Enclosed Box,1,"Rollover, Tripped by Object/Vehicle",Disabling Damage,"Two-Way, Not Divided",Two lanes,55 MPH,Curve Left,Level,Dry,U.S. Highway,Rural,Principal Arterial - Other,Dark - Not Lighted,Clear,1,1,4,Fatal Injury (K)
24858,Georgia,131134,2,2,1,Front-to-Front,0,0,"26,001 lbs. or more",Single-Unit Truck (3 or more axles),Van/Enclosed Box,1,No Rollover,Disabling Damage,"Two-Way, Not Divided",Two lanes,45 MPH,Curve Left,Downhill,Dry,U.S. Highway,Rural,Principal Arterial - Other,Daylight,Clear,1,0,0,No Apparent Injury (O)
24860,Georgia,131136,1,2,1,Front-to-Rear,0,1,"26,001 lbs. or more",Truck Tractor/Semi-Trailer,Van/Enclosed Box,1,No Rollover,Disabling Damage,"Two-Way,  Divided, Positive  Median Barrier",Two lanes,70 MPH,Straight,Level,Dry,Interstate,Rural,Interstate,Dawn,Cloudy,1,0,4,Fatal Injury (K)
24861,Georgia,131136,2,2,1,Front-to-Rear,0,1,"26,001 lbs. or more",Truck Tractor/Semi-Trailer,Van/Enclosed Box,1,No Rollover,Functional Damage,"Two-Way,  Divided, Positive  Median Barrier",Two lanes,70 MPH,Straight,Level,Dry,Interstate,Rural,Interstate,Dawn,Cloudy,1,0,0,No Apparent Injury (O)
24868,Georgia,131139,2,2,1,Angle,0,1,"26,001 lbs. or more",Truck Tractor/Semi-Trailer,Van/Enclosed Box,1,No Rollover,Disabling Damage,"Two-Way, Not Divided",Two lanes,45 MPH,Straight,Level,Dry,U.S. Highway,Rural,Minor Arterial,Daylight,Clear,1,0,0,No Apparent Injury (O)
24882,Georgia,131148,1,1,4,Not a Collision with Motor Vehicle In-Transport,0,1,"26,001 lbs. or more",Truck Tractor/Semi-Trailer,Van/Enclosed Box,1,"Rollover, Tripped by Object/Vehicle",Disabling Damage,Entrance/Exit Ramp,Two lanes,70 MPH,Curve Right,Downhill,Dry,Interstate,Urban,Interstate,Daylight,Clear,2,0,2,Suspected Minor Injury (B)
24883,Georgia,131148,1,1,4,Not a Collision with Motor Vehicle In-Transport,0,1,"26,001 lbs. or more",Truck Tractor/Semi-Trailer,Van/Enclosed Box,1,"Rollover, Tripped by Object/Vehicle",Disabling Damage,Entrance/Exit Ramp,Two lanes,70 MPH,Curve Right,Downhill,Dry,Interstate,Urban,Interstate,Daylight,Clear,2,0,4,Fatal Injury (K)
24884,Georgia,131148,1,1,4,Not a Collision with Motor Vehicle In-Transport,0,1,"26,001 lbs. or more",Truck Tractor/Semi-Trailer,Van/Enclosed Box,1,"Rollover, Tripped by Object/Vehicle",Disabling Damage,Entrance/Exit Ramp,Two lanes,70 MPH,Curve Right,Downhill,Dry,Interstate,Urban,Interstate,Daylight,Clear,2,0,2,Suspected Minor Injury (B)
24885,Georgia,131148,1,1,4,Not a Collision with Motor Vehicle In-Transport,0,1,"26,001 lbs. or more",Truck Tractor/Semi-Trailer,Van/Enclosed Box,1,"Rollover, Tripped by Object/Vehicle",Disabling Damage,Entrance/Exit Ramp,Two lanes,70 MPH,Curve Right,Downhill,Dry,Interstate,Urban,Interstate,Daylight,Clear,2,0,4,Fatal Injury (K)
24886,Georgia,131149,1,2,1,Angle,0,0,"26,001 lbs. or more",Single-Unit Truck (3 or more axles),Concrete Mixer,1,No Rollover,Minor Damage,"Two-Way, Not Divided",Two lanes,35 MPH,Straight,Level,Dry,State Highway,Urban,Minor Arterial,Daylight,Clear,1,0,0,No Apparent Injury (O)
24905,Georgia,131158,2,2,1,Front-to-Rear,0,0,"26,001 lbs. or more",Single-Unit Truck (3 or more axles),Dump,1,No Rollover,Minor Damage,"Two-Way, Divided, Unprotected Median",Two lanes,65 MPH,Straight,Level,Dry,Local Street - Municipality,Urban,Principal Arterial - Other Freeways and Expressways,Daylight,Clear,1,0,0,No Apparent Injury (O)
24909,Georgia,131160,1,2,2,Front-to-Rear,0,1,"26,001 lbs. or more",Truck Tractor/Semi-Trailer,Van/Enclosed Box,1,No Rollover,Disabling Damage,"Two-Way,  Divided, Positive  Median Barrier",Two lanes,70 MPH,Straight,Level,Dry,Interstate,Rural,Interstate,Dark - Not Lighted,Clear,1,0,4,Fatal Injury (K)
24910,Georgia,131160,1,2,2,Front-to-Rear,0,1,"26,001 lbs. or more",Truck Tractor/Semi-Trailer,Van/Enclosed Box,1,No Rollover,Disabling Damage,"Two-Way,  Divided, Positive  Median Barrier",Two lanes,70 MPH,Straight,Level,Dry,Interstate,Rural,Interstate,Dark - Not Lighted,Clear,1,0,2,Suspected Minor Injury (B)
24922,Georgia,131166,1,5,1,Front-to-Rear,0,1,"26,001 lbs. or more",Truck Tractor/Semi-Trailer,Van/Enclosed Box,1,No Rollover,Disabling Damage,"Two-Way,  Divided, Positive  Median Barrier",Three lanes,70 MPH,Straight,"Grade, Unknown Slope",Dry,State Highway,Rural,Interstate,Daylight,Clear,1,0,0,No Apparent Injury (O)
24933,Georgia,131166,5,5,1,Front-to-Rear,0,1,"26,001 lbs. or more",Truck Tractor/Semi-Trailer,Van/Enclosed Box,1,No Rollover,Minor Damage,"Two-Way,  Divided, Positive  Median Barrier",Three lanes,70 MPH,Straight,"Grade, Unknown Slope",Dry,State Highway,Rural,Interstate,Daylight,Clear,1,0,0,No Apparent Injury (O)
24980,Georgia,131183,2,2,1,Not a Collision with Motor Vehicle In-Transport,0,1,"26,001 lbs. or more",Truck Tractor/Semi-Trailer,Van/Enclosed Box,1,No Rollover,Minor Damage,"Two-Way, Not Divided",Three lanes,45 MPH,Straight,Level,Wet,Local Street - Municipality,Urban,Minor Collector,Dark - Lighted,Rain,1,0,0,No Apparent Injury (O)
24997,Georgia,131194,1,1,1,Not a Collision with Motor Vehicle In-Transport,0,1,"26,001 lbs. or more",Truck Pulling Trailer(s),Van/Enclosed Box,1,No Rollover,No Damage,"Two-Way, Not Divided",Four lanes,55 MPH,Straight,Downhill,Dry,State Highway,Rural,Minor Arterial,Daylight,Clear,1,0,0,No Apparent Injury (O)
25003,Georgia,131196,2,2,1,Front-to-Front,0,1,"26,001 lbs. or more",Truck Tractor/Semi-Trailer,Van/Enclosed Box,1,No Rollover,Disabling Damage,"Two-Way, Not Divided",Two lanes,55 MPH,Curve Left,Downhill,Dry,State Highway,Rural,Minor Arterial,Daylight,Clear,1,0,0,No Apparent Injury (O)
25019,Georgia,131205,1,2,1,Angle,0,1,"26,001 lbs. or more",Truck Tractor/Semi-Trailer,Log,1,No Rollover,No Damage,"Two-Way, Divided, Unprotected Median",Three lanes,65 MPH,Straight,Level,Dry,U.S. Highway,Rural,Principal Arterial - Other,Dark - Not Lighted,Clear,1,0,0,No Apparent Injury (O)
25043,Georgia,131218,2,2,1,Angle,0,1,"26,001 lbs. or more",Truck Tractor/Semi-Trailer,Van/Enclosed Box,1,"Rollover, Tripped by Object/Vehicle",Disabling Damage,"Two-Way, Not Divided",Two lanes,55 MPH,Straight,Level,Dry,State Highway,Urban,Minor Arterial,Dark - Not Lighted,Clear,1,0,4,Fatal Injury (K)
25045,Georgia,131220,1,2,1,Front-to-Rear,0,1,"26,001 lbs. or more",Truck Tractor/Semi-Trailer,Van/Enclosed Box,1,No Rollover,Disabling Damage,"Two-Way,  Divided, Positive  Median Barrier",Three lanes,70 MPH,Straight,Level,Dry,Interstate,Rural,Interstate,Dark - Not Lighted,Clear,1,0,2,Suspected Minor Injury (B)
25046,Georgia,131220,2,2,1,Front-to-Rear,0,1,"26,001 lbs. or more",Truck Tractor/Semi-Trailer,Van/Enclosed Box,1,No Rollover,Disabling Damage,"Two-Way,  Divided, Positive  Median Barrier",Three lanes,70 MPH,Straight,Level,Dry,Interstate,Rural,Interstate,Dark - Not Lighted,Clear,1,0,4,Fatal Injury (K)
25087,Georgia,131237,2,2,1,Front-to-Rear,0,1,"26,001 lbs. or more",Truck Tractor/Semi-Trailer,Van/Enclosed Box,1,No Rollover,Disabling Damage,"Two-Way, Not Divided",Five lanes,55 MPH,Straight,Hillcrest,Wet,U.S. Highway,Urban,Principal Arterial - Other,Dark - Not Lighted,Cloudy,1,0,4,Fatal Injury (K)
25108,Georgia,131250,2,2,1,Angle,0,1,"26,001 lbs. or more",Truck Tractor/Semi-Trailer,Van/Enclosed Box,1,No Rollover,Disabling Damage,"Two-Way, Not Divided",Two lanes,55 MPH,Straight,Uphill,Dry,State Highway,Rural,Minor Arterial,Daylight,Clear,1,0,0,No Apparent Injury (O)
25123,Georgia,131257,1,2,1,Front-to-Rear,0,1,"26,001 lbs. or more",Truck Tractor/Semi-Trailer,Van/Enclosed Box,1,No Rollover,Disabling Damage,"Two-Way,  Divided, Positive  Median Barrier",Three lanes,70 MPH,Straight,Level,Dry,Interstate,Urban,Interstate,Dark - Not Lighted,Clear,1,0,0,No Apparent Injury (O)
25126,Georgia,131259,1,11,1,Front-to-Rear,0,1,"26,001 lbs. or more",Truck Tractor/Semi-Trailer,Cargo Tank,2,No Rollover,Disabling Damage,"Two-Way, Divided, Unprotected Median",Three lanes,45 MPH,Straight,Level,Dry,State Highway,Urban,Principal Arterial - Other,Daylight,"Fog, Smog, Smoke",1,0,1,Possible Injury (C)
25140,Georgia,131260,1,1,1,Not a Collision with Motor Vehicle In-Transport,0,0,"26,001 lbs. or more","Single-Unit Truck (2- axle and GVWR more than 10,000 lbs)",Cargo Tank,1,"Rollover, Tripped by Object/Vehicle",Disabling Damage,"Two-Way, Divided, Unprotected Median",Two lanes,65 MPH,Straight,"Grade, Unknown Slope",Dry,U.S. Highway,Urban,Principal Arterial - Other,Dawn,Clear,1,0,4,Fatal Injury (K)
25154,Georgia,131264,2,2,1,Front-to-Rear,0,1,"26,001 lbs. or more",Truck Tractor/Semi-Trailer,Flatbed,1,No Rollover,Functional Damage,"Two-Way,  Divided, Positive  Median Barrier",Three lanes,65 MPH,Curve Left,Level,Dry,Interstate,Urban,Interstate,Dark - Not Lighted,Clear,1,1,0,No Apparent Injury (O)