,STATENAME,ST_CASE,VEH_NO,VE_FORMS,NUMOCCS,MAN_COLLNAME,HIT_RUN,TOW_VEH,GVWRNAME,V_CONFIGNAME,CARGO_BTNAME,HAZ_INV,ROLLOVERNAME,DEFORMEDNAME,VTRAFWAYNAME,VNUM_LANNAME,VSPD_LIMNAME,VALIGNNAME,VPROFILENAME,VSURCONDNAME,ROUTENAME,RUR_URBNAME,FUNC_SYSNAME,LGT_CONDNAME,WEATHERNAME,FATALS,DRUNK_DR,INJ_SEV,INJ_SEVNAME
57471,Oregon,410347,2,2,1,Front-to-Front,0,1,"26,001 lbs. or more",Truck Tractor/Semi-Trailer,Van/Enclosed Box,1,No Rollover,Disabling Damage,"Two-Way, Not Divided",Two lanes,55 MPH,Straight,Level,Dry,U.S. Highway,Rural,Principal Arterial - Other,Dark - Not Lighted,Cloudy,1,1,2,Suspected Minor Injury (B)
57550,Oregon,410382,2,2,1,Front-to-Front,0,1,"26,001 lbs. or more",Truck Tractor/Semi-Trailer,Van/Enclosed Box,1,No Rollover,Disabling Damage,"Two-Way, Not Divided",Two lanes,55 MPH,Curve Left,Level,Dry,State Highway,Rural,Principal Arterial - Other,Daylight,Cloudy,1,0,1,Possible Injury (C)
57651,Pennsylvania,420027,1,6,2,Front-to-Rear,0,1,"26,001 lbs. or more",Truck Tractor/Semi-Trailer,Flatbed,1,No Rollover,Disabling Damage,"Two-Way, Divided, Unprotected Median",Two lanes,70 MPH,Straight,Level,Ice/Frost,Interstate,Rural,Interstate,Dark - Not Lighted,Rain,2,0,4,Fatal Injury (K)
57653,Pennsylvania,420027,2,6,1,Front-to-Rear,0,1,"26,001 lbs. or more",Truck Tractor/Semi-Trailer,Van/Enclosed Box,1,No Rollover,Disabling Damage,"Two-Way, Divided, Unprotected Median",Two lanes,70 MPH,Straight,Level,Ice/Frost,Interstate,Rural,Interstate,Dark - Not Lighted,Rain,2,0,1,Possible Injury (C)
57654,Pennsylvania,420027,3,6,1,Front-to-Rear,0,1,"26,001 lbs. or more",Truck Tractor/Semi-Trailer,Van/Enclosed Box,1,"Rollover, Tripped by Object/Vehicle",Disabling Damage,"Two-Way, Divided, Unprotected Median",Two lanes,70 MPH,Straight,Level,Ice/Frost,Interstate,Rural,Interstate,Dark - Not Lighted,Rain,2,0,1,Possible Injury (C)
57655,Pennsylvania,420027,4,6,1,Front-to-Rear,0,1,"26,001 lbs. or more",Truck Tractor/Semi-Trailer,Van/Enclosed Box,1,No Rollover,Disabling Damage,"Two-Way, Divided, Unprotected Median",Two lanes,70 MPH,Straight,Level,Ice/Frost,Interstate,Rural,Interstate,Dark - Not Lighted,Rain,2,0,4,Fatal Injury (K)
57656,Pennsylvania,420027,5,6,1,Front-to-Rear,0,1,"26,001 lbs. or more",Truck Tractor/Semi-Trailer,Van/Enclosed Box,1,No Rollover,Disabling Damage,"Two-Way, Divided, Unprotected Median",Two lanes,70 MPH,Straight,Level,Ice/Frost,Interstate,Rural,Interstate,Dark - Not Lighted,Rain,2,0,0,No Apparent Injury (O)
57657,Pennsylvania,420027,6,6,1,Front-to-Rear,0,1,"26,001 lbs. or more",Truck Tractor/Semi-Trailer,Van/Enclosed Box,1,No Rollover,Disabling Damage,"Two-Way, Divided, Unprotected Median",Two lanes,70 MPH,Straight,Level,Ice/Frost,Interstate,Rural,Interstate,Dark - Not Lighted,Rain,2,0,2,Suspected Minor Injury (B)
57689,Pennsylvania,420050,2,2,1,Front-to-Rear,0,0,"26,001 lbs. or more","Single-Unit Truck (2- axle and GVWR more than 10,000 lbs)",Flatbed,1,No Rollover,Minor Damage,"Two-Way,  Divided, Positive  Median Barrier",Two lanes,55 MPH,Straight,"Grade, Unknown Slope",Wet,Interstate,Rural,Interstate,Daylight,Clear,1,0,2,Suspected Minor Injury (B)
57777,Pennsylvania,420090,1,6,1,Sideswipe - Same Direction,0,1,"26,001 lbs. or more",Truck Tractor/Semi-Trailer,Van/Enclosed Box,1,No Rollover,Disabling Damage,"Two-Way,  Divided, Positive  Median Barrier",Two lanes,65 MPH,Straight,Level,Snow,Interstate,Rural,Interstate,Daylight,Snow,1,0,4,Fatal Injury (K)
57782,Pennsylvania,420090,3,6,1,Sideswipe - Same Direction,0,1,"26,001 lbs. or more",Truck Tractor/Semi-Trailer,Van/Enclosed Box,1,No Rollover,Functional Damage,"Two-Way,  Divided, Positive  Median Barrier",Two lanes,65 MPH,Straight,Level,Snow,Interstate,Rural,Interstate,Daylight,Snow,1,0,0,No Apparent Injury (O)
57840,Pennsylvania,420114,1,6,1,Not a Collision with Motor Vehicle In-Transport,0,1,"26,001 lbs. or more",Truck Tractor/Semi-Trailer,Van/Enclosed Box,1,No Rollover,Disabling Damage,"Two-Way,  Divided, Positive  Median Barrier",Two lanes,70 MPH,Straight,Level,Snow,Interstate,Rural,Interstate,Daylight,Snow,1,0,0,No Apparent Injury (O)
57846,Pennsylvania,420114,6,6,1,Not a Collision with Motor Vehicle In-Transport,0,1,"26,001 lbs. or more",Truck Tractor/Semi-Trailer,Van/Enclosed Box,1,No Rollover,Disabling Damage,"Two-Way,  Divided, Positive  Median Barrier",Two lanes,70 MPH,Straight,Level,Snow,Interstate,Rural,Interstate,Daylight,Snow,1,0,0,No Apparent Injury (O)
57848,Pennsylvania,420115,2,2,1,Angle,0,1,"26,001 lbs. or more",Truck Tractor/Semi-Trailer,Auto Transporter,1,No Rollover,Disabling Damage,"Two-Way,  Divided, Positive  Median Barrier",Two lanes,45 MPH,Straight,Sag (Bottom),Dry,U.S. Highway,Rural,Principal Arterial - Other,Dark - Not Lighted,Clear,1,1,0,No Apparent Injury (O)
57869,Pennsylvania,420124,1,1,1,Not a Collision with Motor Vehicle In-Transport,0,1,"26,001 lbs. or more",Truck Tractor/Semi-Trailer,Van/Enclosed Box,2,"Rollover, Tripped by Object/Vehicle",Disabling Damage,"Two-Way, Divided, Unprotected Median",Two lanes,70 MPH,Straight,Downhill,Dry,Interstate,Rural,Interstate,Dark - Not Lighted,Snow,1,0,4,Fatal Injury (K)
57954,Pennsylvania,420169,2,2,2,Front-to-Front,0,0,"26,001 lbs. or more","Single-Unit Truck (2- axle and GVWR more than 10,000 lbs)",Van/Enclosed Box,1,No Rollover,Disabling Damage,"Two-Way, Not Divided",Two lanes,35 MPH,Curve Left,Level,Dry,State Highway,Rural,Principal Arterial - Other,Daylight,Cloudy,1,0,0,No Apparent Injury (O)
57955,Pennsylvania,420169,2,2,2,Front-to-Front,0,0,"26,001 lbs. or more","Single-Unit Truck (2- axle and GVWR more than 10,000 lbs)",Van/Enclosed Box,1,No Rollover,Disabling Damage,"Two-Way, Not Divided",Two lanes,35 MPH,Curve Left,Level,Dry,State Highway,Rural,Principal Arterial - Other,Daylight,Cloudy,1,0,0,No Apparent Injury (O)
57975,Pennsylvania,420179,1,1,1,Not a Collision with Motor Vehicle In-Transport,0,1,"26,001 lbs. or more",Truck Tractor/Semi-Trailer,Cargo Tank,1,No Rollover,Minor Damage,"Two-Way, Not Divided",Two lanes,55 MPH,Straight,Level,Dry,State Highway,Rural,Minor Collector,Dark - Not Lighted,Clear,1,0,0,No Apparent Injury (O)
57986,Pennsylvania,420183,2,3,1,Front-to-Front,0,0,"26,001 lbs. or more","Single-Unit Truck (2- axle and GVWR more than 10,000 lbs)",Flatbed,1,No Rollover,Disabling Damage,"Two-Way, Not Divided",Two lanes,45 MPH,Straight,"Grade, Unknown Slope",Dry,State Highway,Rural,Minor Arterial,Daylight,Clear,1,0,0,No Apparent Injury (O)
58042,Pennsylvania,420207,2,2,1,Not a Collision with Motor Vehicle In-Transport,0,1,"26,001 lbs. or more",Truck Tractor/Semi-Trailer,Cargo Tank,1,No Rollover,Minor Damage,"Two-Way,  Divided, Positive  Median Barrier",Two lanes,70 MPH,Straight,Downhill,Water (Standing or Moving),Interstate,Rural,Interstate,Daylight,Rain,1,0,0,No Apparent Injury (O)
58076,Pennsylvania,420222,1,2,1,Angle,0,1,"26,001 lbs. or more",Truck Tractor/Semi-Trailer,Garbage/Refuse,1,No Rollover,Functional Damage,"Two-Way, Not Divided",Two lanes,45 MPH,Straight,"Grade, Unknown Slope",Dry,State Highway,Rural,Minor Collector,Daylight,Clear,1,0,0,No Apparent Injury (O)
58136,Pennsylvania,420245,2,2,1,Not a Collision with Motor Vehicle In-Transport,0,1,"26,001 lbs. or more",Truck Tractor/Semi-Trailer,Van/Enclosed Box,1,No Rollover,Disabling Damage,"Two-Way,  Divided, Positive  Median Barrier",Two lanes,65 MPH,Curve Right,Level,Dry,Interstate,Rural,Interstate,Daylight,Clear,1,0,0,No Apparent Injury (O)
58139,Pennsylvania,420246,2,2,2,Not a Collision with Motor Vehicle In-Transport,0,1,"26,001 lbs. or more",Truck Tractor/Semi-Trailer,Van/Enclosed Box,1,"Rollover, Tripped by Object/Vehicle",Disabling Damage,"Two-Way,  Divided, Positive  Median Barrier",Two lanes,65 MPH,Straight,Level,Dry,Interstate,Rural,Interstate,Daylight,Clear,1,1,0,No Apparent Injury (O)
58180,Pennsylvania,420267,2,2,1,Front-to-Front,0,0,"26,001 lbs. or more",Single-Unit Truck (3 or more axles),Cargo Tank,2,No Rollover,Disabling Damage,"Two-Way, Not Divided",Two lanes,45 MPH,Curve Left,Downhill,Dry,State Highway,Rural,Minor Arterial,Daylight,Cloudy,1,0,0,No Apparent Injury (O)
58288,Pennsylvania,420320,1,1,1,Not a Collision with Motor Vehicle In-Transport,0,1,"26,001 lbs. or more",Truck Tractor/Semi-Trailer,Flatbed,1,"Rollover, Untripped",Disabling Damage,"Two-Way, Divided, Unprotected Median",Two lanes,70 MPH,Curve Right,Uphill,Dry,Interstate,Rural,Interstate,Daylight,Clear,1,0,4,Fatal Injury (K)
58315,Pennsylvania,420334,1,1,1,Not a Collision with Motor Vehicle In-Transport,0,0,"26,001 lbs. or more","Single-Unit Truck (2- axle and GVWR more than 10,000 lbs)",Dump,1,No Rollover,Minor Damage,"Two-Way, Not Divided",Two lanes,55 MPH,Straight,Level,Dry,Local Street - Township,Rural,Local,Daylight,Clear,1,0,0,No Apparent Injury (O)
58360,Pennsylvania,420353,2,2,1,Not a Collision with Motor Vehicle In-Transport,0,1,"26,001 lbs. or more",Truck Tractor/Semi-Trailer,Van/Enclosed Box,1,No Rollover,Minor Damage,"Two-Way,  Divided, Positive  Median Barrier",Two lanes,55 MPH,Straight,Level,Dry,State Highway,Urban,Interstate,Daylight,Clear,1,0,0,No Apparent Injury (O)
58365,Pennsylvania,420357,1,1,1,Not a Collision with Motor Vehicle In-Transport,0,1,"26,001 lbs. or more",Truck Tractor/Semi-Trailer,Van/Enclosed Box,1,"Rollover, Tripped by Object/Vehicle",Disabling Damage,"Two-Way, Divided, Unprotected Median",Two lanes,55 MPH,Curve Right,Level,Dry,Interstate,Rural,Interstate,Dark - Not Lighted,Clear,1,0,4,Fatal Injury (K)
58368,Pennsylvania,420358,3,3,1,Angle,0,0,"26,001 lbs. or more",Single-Unit Truck (3 or more axles),Dump,1,No Rollover,Disabling Damage,"Two-Way, Not Divided With a Continuous Left-Turn Lane",Three lanes,45 MPH,Straight,Level,Wet,State Highway,Urban,Principal Arterial - Other,Daylight,Rain,1,0,0,No Apparent Injury (O)
58459,Pennsylvania,420399,1,2,1,Sideswipe - Same Direction,0,1,"26,001 lbs. or more",Truck Tractor/Semi-Trailer,Van/Enclosed Box,1,"Rollover, Tripped by Object/Vehicle",Disabling Damage,"Two-Way, Divided, Unprotected Median",Two lanes,70 MPH,Straight,Level,Dry,Interstate,Rural,Interstate,Daylight,Clear,1,1,3,Suspected Serious Injury (A)
58472,Pennsylvania,420404,1,2,1,Angle,0,1,"26,001 lbs. or more",Truck Tractor/Semi-Trailer,Van/Enclosed Box,1,No Rollover,Disabling Damage,"Two-Way, Divided, Unprotected Median",Two lanes,65 MPH,Straight,Level,Wet,Interstate,Rural,Interstate,Dark - Not Lighted,Rain,2,0,2,Suspected Minor Injury (B)
58635,Pennsylvania,420473,1,2,1,Not a Collision with Motor Vehicle In-Transport,0,1,"26,001 lbs. or more",Truck Tractor/Semi-Trailer,Van/Enclosed Box,1,No Rollover,Disabling Damage,"Two-Way,  Divided, Positive  Median Barrier",Two lanes,65 MPH,Straight,Level,Wet,Interstate,Rural,Interstate,Dark - Not Lighted,Rain,2,0,4,Fatal Injury (K)
58636,Pennsylvania,420473,2,2,1,Not a Collision with Motor Vehicle In-Transport,0,1,"26,001 lbs. or more",Truck Tractor/Semi-Trailer,Van/Enclosed Box,1,No Rollover,Disabling Damage,"Two-Way,  Divided, Positive  Median Barrier",Two lanes,65 MPH,Straight,Level,Wet,Interstate,Rural,Interstate,Dark - Not Lighted,Rain,2,0,4,Fatal Injury (K)
58667,Pennsylvania,420487,2,2,1,Front-to-Rear,0,1,"26,001 lbs. or more",Truck Tractor/Semi-Trailer,Van/Enclosed Box,1,No Rollover,Minor Damage,"Two-Way, Divided, Unprotected Median",Two lanes,55 MPH,Straight,Level,Dry,Interstate,Urban,Interstate,Daylight,Cloudy,1,0,0,No Apparent Injury (O)
58727,Pennsylvania,420518,1,1,1,Not a Collision with Motor Vehicle In-Transport,1,1,"26,001 lbs. or more",Truck Tractor/Semi-Trailer,Van/Enclosed Box,1,No Rollover,Minor Damage,"Two-Way,  Divided, Positive  Median Barrier",Two lanes,55 MPH,Straight,Level,Wet,State Highway,Urban,Principal Arterial - Other,Daylight,Rain,1,0,0,No Apparent Injury (O)
58775,Pennsylvania,420543,2,2,1,Front-to-Rear,0,0,"26,001 lbs. or more",Single-Unit Truck (3 or more axles),Dump,1,No Rollover,Functional Damage,"Two-Way, Divided, Unprotected Median",Three lanes,55 MPH,Straight,Level,Dry,U.S. Highway,Rural,Principal Arterial - Other,Daylight,Clear,1,0,0,No Apparent Injury (O)
58782,Pennsylvania,420546,1,9,1,Angle,0,1,"26,001 lbs. or more",Truck Tractor/Semi-Trailer,Van/Enclosed Box,1,No Rollover,Disabling Damage,"Two-Way,  Divided, Positive  Median Barrier",Two lanes,70 MPH,Straight,Level,Snow,Interstate,Rural,Interstate,Daylight,Snow,1,0,2,Suspected Minor Injury (B)
58784,Pennsylvania,420546,4,9,1,Angle,0,5,"26,001 lbs. or more",Single-Unit Truck (3 or more axles),Other,1,No Rollover,Disabling Damage,"Two-Way, Not Divided",Two lanes,70 MPH,Straight,Level,Snow,Interstate,Rural,Interstate,Daylight,Snow,1,0,2,Suspected Minor Injury (B)
58814,Pennsylvania,420555,2,32,1,Front-to-Rear,0,1,"26,001 lbs. or more",Truck Tractor/Semi-Trailer,Flatbed,1,No Rollover,Functional Damage,"Two-Way, Divided, Unprotected Median",Two lanes,65 MPH,Curve Left,Level,Ice/Frost,Interstate,Rural,Interstate,Daylight,Snow,1,0,0,No Apparent Injury (O)
58815,Pennsylvania,420555,3,32,1,Front-to-Rear,0,0,"26,001 lbs. or more",Single-Unit Truck (3 or more axles),Dump,1,No Rollover,Minor Damage,"Two-Way, Divided, Unprotected Median",Two lanes,65 MPH,Curve Left,Level,Ice/Frost,Interstate,Rural,Interstate,Daylight,Snow,1,0,0,No Apparent Injury (O)
58816,Pennsylvania,420555,4,32,1,Front-to-Rear,0,1,"26,001 lbs. or more",Truck Tractor/Semi-Trailer,Cargo Tank,1,No Rollover,Minor Damage,"Two-Way, Divided, Unprotected Median",Two lanes,65 MPH,Curve Left,Level,Ice/Frost,Interstate,Rural,Interstate,Daylight,Snow,1,0,2,Suspected Minor Injury (B)
58831,Pennsylvania,420555,14,32,1,Front-to-Rear,0,1,"26,001 lbs. or more",Truck Tractor/Semi-Trailer,Flatbed,1,No Rollover,Functional Damage,"Two-Way, Divided, Unprotected Median",Two lanes,65 MPH,Curve Left,Level,Ice/Frost,Interstate,Rural,Interstate,Daylight,Snow,1,0,1,Possible Injury (C)
58832,Pennsylvania,420555,15,32,1,Front-to-Rear,0,1,"26,001 lbs. or more",Truck Tractor/Semi-Trailer,Van/Enclosed Box,1,No Rollover,Functional Damage,"Two-Way, Divided, Unprotected Median",Two lanes,65 MPH,Curve Left,Level,Ice/Frost,Interstate,Rural,Interstate,Daylight,Snow,1,0,0,No Apparent Injury (O)
58923,Pennsylvania,420590,2,2,1,Front-to-Rear,0,1,"26,001 lbs. or more",Truck Tractor/Semi-Trailer,Van/Enclosed Box,1,No Rollover,Minor Damage,"Two-Way,  Divided, Positive  Median Barrier",Three lanes,55 MPH,Straight,Level,Dry,Interstate,Rural,Interstate,Daylight,Clear,1,0,0,No Apparent Injury (O)
59073,Pennsylvania,420665,1,1,1,Not a Collision with Motor Vehicle In-Transport,0,1,"26,001 lbs. or more",Truck Tractor/Semi-Trailer,Van/Enclosed Box,1,"Rollover, Tripped by Object/Vehicle",Disabling Damage,"Two-Way,  Divided, Positive  Median Barrier",Two lanes,70 MPH,Straight,Downhill,Dry,Interstate,Rural,Interstate,Dark - Not Lighted,Clear,1,0,4,Fatal Injury (K)
59109,Pennsylvania,420684,2,2,2,Angle,0,1,"26,001 lbs. or more",Truck Tractor/Semi-Trailer,Van/Enclosed Box,1,No Rollover,Disabling Damage,"Two-Way, Not Divided",Five lanes,30 MPH,Straight,Level,Wet,State Highway,Urban,Principal Arterial - Other,Daylight,Rain,1,0,0,No Apparent Injury (O)
59110,Pennsylvania,420684,2,2,2,Angle,0,1,"26,001 lbs. or more",Truck Tractor/Semi-Trailer,Van/Enclosed Box,1,No Rollover,Disabling Damage,"Two-Way, Not Divided",Five lanes,30 MPH,Straight,Level,Wet,State Highway,Urban,Principal Arterial - Other,Daylight,Rain,1,0,0,No Apparent Injury (O)
59125,Pennsylvania,420692,1,4,1,Front-to-Rear,0,1,"26,001 lbs. or more",Truck Tractor/Semi-Trailer,Van/Enclosed Box,1,No Rollover,Disabling Damage,"Two-Way, Divided, Unprotected Median",One lane,65 MPH,Straight,Level,Dry,Interstate,Rural,Interstate,Daylight,Clear,2,0,0,No Apparent Injury (O)
59129,Pennsylvania,420692,4,4,1,Front-to-Rear,0,1,"26,001 lbs. or more",Truck Tractor/Semi-Trailer,Van/Enclosed Box,1,No Rollover,Functional Damage,"Two-Way, Divided, Unprotected Median",One lane,65 MPH,Straight,Level,Dry,Interstate,Rural,Interstate,Daylight,Clear,2,0,0,No Apparent Injury (O)
59156,Pennsylvania,420708,1,1,1,Not a Collision with Motor Vehicle In-Transport,0,1,"26,001 lbs. or more",Truck Tractor/Semi-Trailer,Van/Enclosed Box,2,"Rollover, Tripped by Object/Vehicle",Disabling Damage,"Two-Way,  Divided, Positive  Median Barrier",Two lanes,70 MPH,Curve Left,Downhill,Dry,Interstate,Rural,Interstate,Dark - Not Lighted,Clear,1,0,4,Fatal Injury (K)
59201,Pennsylvania,420731,3,3,1,Angle,0,1,"26,001 lbs. or more",Truck Tractor/Semi-Trailer,Van/Enclosed Box,1,No Rollover,Functional Damage,"Two-Way, Not Divided",Three lanes,55 MPH,Straight,Level,Dry,State Highway,Urban,Principal Arterial - Other,Daylight,Clear,1,0,0,No Apparent Injury (O)
59250,Pennsylvania,420750,2,2,1,Not a Collision with Motor Vehicle In-Transport,0,1,"26,001 lbs. or more",Truck Tractor/Semi-Trailer,Van/Enclosed Box,1,No Rollover,Minor Damage,"Two-Way, Not Divided",Two lanes,40 MPH,Straight,Level,Dry,State Highway,Rural,Minor Collector,Daylight,Clear,1,1,0,No Apparent Injury (O)
59254,Pennsylvania,420752,2,2,1,Sideswipe - Same Direction,0,0,"26,001 lbs. or more",Single-Unit Truck (3 or more axles),Dump,1,No Rollover,Minor Damage,"Two-Way,  Divided, Positive  Median Barrier",Four lanes,55 MPH,Straight,Level,Dry,Interstate,Urban,Interstate,Daylight,Clear,1,1,2,Suspected Minor Injury (B)
59269,Pennsylvania,420762,2,2,1,Angle,0,0,"26,001 lbs. or more",Single-Unit Truck (3 or more axles),Garbage/Refuse,1,No Rollover,Functional Damage,"Two-Way, Not Divided",Two lanes,45 MPH,Curve Left,Level,Dry,U.S. Highway,Rural,Principal Arterial - Other,Daylight,Clear,2,0,0,No Apparent Injury (O)
59330,Pennsylvania,420787,2,2,1,Front-to-Front,0,0,"26,001 lbs. or more",Truck Tractor (Bobtail),No Cargo Body Type,1,No Rollover,Disabling Damage,"Two-Way, Not Divided",Two lanes,55 MPH,Curve Right,Level,Dry,U.S. Highway,Rural,Principal Arterial - Other,Dark - Not Lighted,"Fog, Smog, Smoke",1,0,0,No Apparent Injury (O)
59417,Pennsylvania,420825,2,2,1,Angle,0,0,"26,001 lbs. or more",Single-Unit Truck (3 or more axles),Flatbed,1,No Rollover,Disabling Damage,"Two-Way, Not Divided",Two lanes,45 MPH,Curve Right,Downhill,Wet,State Highway,Rural,Minor Arterial,Daylight,Rain,1,0,0,No Apparent Injury (O)
59429,Pennsylvania,420831,2,3,1,Sideswipe - Opposite Direction,0,1,"26,001 lbs. or more",Truck Tractor/Semi-Trailer,Flatbed,1,No Rollover,Minor Damage,"Two-Way, Not Divided",Two lanes,55 MPH,Curve Left,Downhill,Dry,U.S. Highway,Rural,Minor Arterial,Daylight,Clear,1,0,0,No Apparent Injury (O)
59462,Pennsylvania,420847,1,1,1,Not a Collision with Motor Vehicle In-Transport,0,1,"26,001 lbs. or more",Truck Tractor/Semi-Trailer,Van/Enclosed Box,1,"Rollover, Tripped by Object/Vehicle",Disabling Damage,"Two-Way, Divided, Unprotected Median",Two lanes,70 MPH,Curve Left,Uphill,Dry,Interstate,Rural,Interstate,Daylight,Clear,1,0,4,Fatal Injury (K)
59467,Pennsylvania,420851,1,1,1,Not a Collision with Motor Vehicle In-Transport,0,1,"26,001 lbs. or more",Truck Tractor/Semi-Trailer,Van/Enclosed Box,1,No Rollover,Disabling Damage,"Two-Way, Divided, Unprotected Median",Two lanes,65 MPH,Straight,Level,Dry,Interstate,Rural,Interstate,Daylight,Clear,1,0,4,Fatal Injury (K)
59492,Pennsylvania,420864,2,2,1,Angle,0,1,"26,001 lbs. or more",Truck Tractor/Semi-Trailer,Flatbed,1,No Rollover,Disabling Damage,"Two-Way, Divided, Unprotected Median",Two lanes,70 MPH,Straight,Level,Wet,Interstate,Rural,Interstate,Dark - Not Lighted,Rain,1,0,0,No Apparent Injury (O)
59558,Pennsylvania,420888,2,2,1,Front-to-Front,0,1,"26,001 lbs. or more",Truck Tractor/Semi-Trailer,Van/Enclosed Box,1,No Rollover,Disabling Damage,"Two-Way, Not Divided",Two lanes,55 MPH,Straight,Level,Dry,U.S. Highway,Rural,Minor Arterial,Daylight,Other,1,0,3,Suspected Serious Injury (A)
59589,Pennsylvania,420905,2,2,1,Front-to-Rear,0,0,"26,001 lbs. or more",Single-Unit Truck (3 or more axles),Dump,1,No Rollover,Functional Damage,"Two-Way, Not Divided",Three lanes,55 MPH,Straight,Uphill,Dry,U.S. Highway,Rural,Principal Arterial - Other,Dawn,"Fog, Smog, Smoke",1,0,0,No Apparent Injury (O)
59705,Pennsylvania,420962,2,2,1,Angle,0,1,"26,001 lbs. or more",Truck Tractor/Semi-Trailer,Flatbed,1,No Rollover,Minor Damage,"Two-Way,  Divided, Positive  Median Barrier",Two lanes,70 MPH,Straight,Level,Snow,Interstate,Rural,Interstate,Daylight,Snow,1,0,0,No Apparent Injury (O)
59717,Pennsylvania,420967,1,2,2,Front-to-Rear,0,0,"26,001 lbs. or more",Single-Unit Truck (3 or more axles),Flatbed,1,No Rollover,Disabling Damage,"Two-Way, Divided, Unprotected Median",Two lanes,55 MPH,Straight,Uphill,Dry,Interstate,Urban,Interstate,Dark - Not Lighted,Clear,2,0,0,No Apparent Injury (O)
59718,Pennsylvania,420967,1,2,2,Front-to-Rear,0,0,"26,001 lbs. or more",Single-Unit Truck (3 or more axles),Flatbed,1,No Rollover,Disabling Damage,"Two-Way, Divided, Unprotected Median",Two lanes,55 MPH,Straight,Uphill,Dry,Interstate,Urban,Interstate,Dark - Not Lighted,Clear,2,0,0,No Apparent Injury (O)
59726,Pennsylvania,420969,2,2,1,Angle,0,0,"26,001 lbs. or more",Single-Unit Truck (3 or more axles),Dump,1,No Rollover,Minor Damage,"Two-Way, Not Divided",Two lanes,40 MPH,Straight,Downhill,Ice/Frost,State Highway,Urban,Minor Arterial,Daylight,Snow,1,0,0,No Apparent Injury (O)
59737,Pennsylvania,420975,1,2,1,Front-to-Rear,0,1,"26,001 lbs. or more",Truck Tractor/Semi-Trailer,Van/Enclosed Box,1,No Rollover,Functional Damage,"Two-Way, Divided, Unprotected Median",Three lanes,55 MPH,Straight,Level,Wet,Interstate,Urban,Interstate,Dark - Not Lighted,Clear,1,1,0,No Apparent Injury (O)
59777,Pennsylvania,420996,2,3,1,Angle,0,1,"26,001 lbs. or more",Truck Tractor/Semi-Trailer,Van/Enclosed Box,1,No Rollover,Disabling Damage,"Two-Way, Not Divided With a Continuous Left-Turn Lane",Five lanes,55 MPH,Straight,Level,Dry,U.S. Highway,Rural,Principal Arterial - Other,Daylight,Clear,1,1,0,No Apparent Injury (O)
59778,Pennsylvania,420996,3,3,1,Angle,0,1,"26,001 lbs. or more",Truck Tractor/Semi-Trailer,Flatbed,1,No Rollover,Disabling Damage,"Two-Way, Not Divided With a Continuous Left-Turn Lane",Five lanes,55 MPH,Straight,Level,Dry,U.S. Highway,Rural,Principal Arterial - Other,Daylight,Clear,1,1,0,No Apparent Injury (O)
59812,Pennsylvania,421010,2,2,1,Angle,0,0,"26,001 lbs. or more","Single-Unit Truck (2- axle and GVWR more than 10,000 lbs)",Other,1,No Rollover,Minor Damage,"Two-Way, Not Divided With a Continuous Left-Turn Lane",Three lanes,35 MPH,Straight,Level,Wet,State Highway,Urban,Principal Arterial - Other,Dark - Lighted,Rain,1,0,0,No Apparent Injury (O)
59855,Pennsylvania,421038,1,4,1,Front-to-Rear,0,1,"26,001 lbs. or more",Truck Tractor/Semi-Trailer,Van/Enclosed Box,1,No Rollover,Disabling Damage,"Two-Way, Divided, Unprotected Median",Three lanes,65 MPH,Straight,Level,Dry,Interstate,Urban,Interstate,Daylight,Clear,1,0,0,No Apparent Injury (O)
59858,Pennsylvania,421038,3,4,1,Front-to-Rear,0,1,"26,001 lbs. or more",Truck Tractor/Semi-Trailer,Van/Enclosed Box,1,No Rollover,Minor Damage,"Two-Way, Divided, Unprotected Median",Three lanes,65 MPH,Straight,Level,Dry,Interstate,Urban,Interstate,Daylight,Clear,1,0,0,No Apparent Injury (O)
59919,Pennsylvania,421056,2,2,2,Not a Collision with Motor Vehicle In-Transport,0,1,"26,001 lbs. or more",Truck Tractor/Semi-Trailer,Van/Enclosed Box,1,No Rollover,Disabling Damage,"Two-Way, Not Divided",Two lanes,45 MPH,Straight,Level,Dry,State Highway,Rural,Minor Arterial,Daylight,Clear,2,0,0,No Apparent Injury (O)
59920,Pennsylvania,421056,2,2,2,Not a Collision with Motor Vehicle In-Transport,0,1,"26,001 lbs. or more",Truck Tractor/Semi-Trailer,Van/Enclosed Box,1,No Rollover,Disabling Damage,"Two-Way, Not Divided",Two lanes,45 MPH,Straight,Level,Dry,State Highway,Rural,Minor Arterial,Daylight,Clear,2,0,0,No Apparent Injury (O)
59990,Pennsylvania,421084,2,2,1,Angle,0,0,"26,001 lbs. or more","Truck More Than 10,000 lbs, Cannot Classify",No Cargo Body Type,1,No Rollover,No Damage,"Two-Way, Not Divided",Two lanes,25 MPH,Straight,Level,Wet,State Highway,Urban,Principal Arterial - Other,Daylight,Rain,1,0,0,No Apparent Injury (O)
60023,Rhode Island,440014,2,3,1,Front-to-Rear,0,0,"26,001 lbs. or more","Single-Unit Truck (2- axle and GVWR more than 10,000 lbs)",Flatbed,1,No Rollover,Disabling Damage,"Two-Way,  Divided, Positive  Median Barrier",Three lanes,65 MPH,Straight,Level,Dry,Interstate,Urban,Interstate,Daylight,Clear,1,0,3,Suspected Serious Injury (A)