,STATENAME,ST_CASE,VEH_NO,VE_FORMS,NUMOCCS,MAN_COLLNAME,HIT_RUN,TOW_VEH,GVWRNAME,V_CONFIGNAME,CARGO_BTNAME,HAZ_INV,ROLLOVERNAME,DEFORMEDNAME,VTRAFWAYNAME,VNUM_LANNAME,VSPD_LIMNAME,VALIGNNAME,VPROFILENAME,VSURCONDNAME,ROUTENAME,RUR_URBNAME,FUNC_SYSNAME,LGT_CONDNAME,WEATHERNAME,FATALS,DRUNK_DR,INJ_SEV,INJ_SEVNAME
64822,Texas,480142,2,2,1,Front-to-Front,0,1,"26,001 lbs. or more",Truck Tractor/Semi-Trailer,Van/Enclosed Box,1,No Rollover,Disabling Damage,"Two-Way,  Divided, Positive  Median Barrier",Three lanes,75 MPH,Straight,Level,Wet,Interstate,Rural,Interstate,Dark - Lighted,"Fog, Smog, Smoke",1,1,1,Possible Injury (C)
64827,Texas,480145,1,2,1,Angle,0,1,"26,001 lbs. or more",Truck Tractor/Semi-Trailer,Cargo Tank,1,"Rollover, Tripped by Object/Vehicle",Disabling Damage,"Two-Way, Divided, Unprotected Median",Two lanes,75 MPH,Straight,Level,Dry,U.S. Highway,Rural,Principal Arterial - Other,Dark - Not Lighted,Clear,1,0,2,Suspected Minor Injury (B)
64907,Texas,480178,2,3,1,Front-to-Front,0,1,"26,001 lbs. or more",Truck Tractor/Semi-Trailer,Van/Enclosed Box,1,No Rollover,Disabling Damage,"Two-Way, Divided, Unprotected Median",Four lanes,65 MPH,Straight,"Grade, Unknown Slope",Dry,Interstate,Urban,Interstate,Daylight,Clear,1,0,0,No Apparent Injury (O)
64908,Texas,480178,3,3,1,Front-to-Front,0,1,"26,001 lbs. or more",Truck Tractor/Semi-Trailer,Flatbed,1,No Rollover,Disabling Damage,"Two-Way, Divided, Unprotected Median",Four lanes,65 MPH,Straight,"Grade, Unknown Slope",Dry,Interstate,Urban,Interstate,Daylight,Clear,1,0,0,No Apparent Injury (O)
64916,Texas,480182,1,2,2,Front-to-Rear,0,1,"26,001 lbs. or more",Truck Tractor/Semi-Trailer,Flatbed,1,No Rollover,Functional Damage,"Two-Way, Divided, Unprotected Median",Two lanes,75 MPH,Straight,Level,Dry,U.S. Highway,Rural,Principal Arterial - Other,Daylight,Clear,1,0,1,Possible Injury (C)
64917,Texas,480182,1,2,2,Front-to-Rear,0,1,"26,001 lbs. or more",Truck Tractor/Semi-Trailer,Flatbed,1,No Rollover,Functional Damage,"Two-Way, Divided, Unprotected Median",Two lanes,75 MPH,Straight,Level,Dry,U.S. Highway,Rural,Principal Arterial - Other,Daylight,Clear,1,0,1,Possible Injury (C)
64921,Texas,480185,1,2,1,Front-to-Rear,0,1,"26,001 lbs. or more",Truck Tractor/Semi-Trailer,Van/Enclosed Box,1,No Rollover,Disabling Damage,"Two-Way,  Divided, Positive  Median Barrier",Four lanes,60 MPH,Straight,Level,Dry,U.S. Highway,Urban,Principal Arterial - Other Freeways and Expressways,Dark - Lighted,Clear,2,0,1,Possible Injury (C)
64929,Texas,480187,1,2,1,Not a Collision with Motor Vehicle In-Transport,0,1,"26,001 lbs. or more",Truck Tractor/Semi-Trailer,Flatbed,1,No Rollover,Disabling Damage,"Two-Way,  Divided, Positive  Median Barrier",Two lanes,75 MPH,Straight,Level,Dry,Interstate,Rural,Interstate,Dark - Not Lighted,Clear,1,0,0,No Apparent Injury (O)
64980,Texas,480211,1,2,1,Sideswipe - Opposite Direction,0,1,"26,001 lbs. or more",Truck Tractor/Semi-Trailer,Cargo Tank,1,"Rollover, Tripped by Object/Vehicle",Disabling Damage,"Two-Way, Not Divided",Two lanes,75 MPH,Straight,Level,Dry,Other,Rural,Major Collector,Dark - Not Lighted,Clear,1,0,4,Fatal Injury (K)
65005,Texas,480219,2,3,1,Front-to-Front,0,0,"26,001 lbs. or more","Single-Unit Truck (2- axle and GVWR more than 10,000 lbs)",Dump,1,No Rollover,Disabling Damage,"Two-Way, Not Divided",Two lanes,70 MPH,Curve Left,"Grade, Unknown Slope",Dry,Other,Rural,Minor Arterial,Daylight,Cloudy,1,0,0,No Apparent Injury (O)
65012,Texas,480222,1,2,1,Sideswipe - Opposite Direction,0,1,"26,001 lbs. or more",Truck Tractor/Semi-Trailer,Dump,1,No Rollover,Disabling Damage,"Two-Way, Not Divided",Two lanes,60 MPH,Straight,Level,Dry,County Road,Rural,Local,Dark - Not Lighted,Cloudy,1,0,0,No Apparent Injury (O)
65053,Texas,480238,1,2,1,Angle,0,1,"26,001 lbs. or more",Truck Tractor/Semi-Trailer,Van/Enclosed Box,1,No Rollover,Disabling Damage,"Two-Way, Not Divided",Two lanes,75 MPH,Straight,Level,Dry,Other,Rural,Major Collector,Dark - Not Lighted,Clear,1,0,0,No Apparent Injury (O)
65105,Texas,480259,2,2,1,Front-to-Front,0,0,"26,001 lbs. or more","Single-Unit Truck (2- axle and GVWR more than 10,000 lbs)",Dump,1,No Rollover,Disabling Damage,"Two-Way, Not Divided",Two lanes,55 MPH,Curve Left,"Grade, Unknown Slope",Dry,Other,Urban,Minor Arterial,Daylight,Clear,1,0,0,No Apparent Injury (O)
65136,Texas,480274,1,2,1,Front-to-Rear,0,1,"26,001 lbs. or more",Truck Tractor/Semi-Trailer,Cargo Tank,2,No Rollover,Functional Damage,"Two-Way, Divided, Unprotected Median",Two lanes,75 MPH,Straight,Level,Dry,Interstate,Rural,Interstate,Daylight,Cloudy,1,0,1,Possible Injury (C)
65164,Texas,480287,1,1,1,Not a Collision with Motor Vehicle In-Transport,0,1,"26,001 lbs. or more",Truck Tractor/Semi-Trailer,Cargo Tank,1,No Rollover,Disabling Damage,"Two-Way, Divided, Unprotected Median",Two lanes,75 MPH,Straight,Level,Dry,Interstate,Rural,Interstate,Daylight,Clear,1,0,4,Fatal Injury (K)
65181,Texas,480298,1,1,1,Not a Collision with Motor Vehicle In-Transport,0,1,"26,001 lbs. or more",Truck Tractor/Semi-Trailer,Van/Enclosed Box,1,No Rollover,Disabling Damage,Entrance/Exit Ramp,Two lanes,65 MPH,Curve Left,"Grade, Unknown Slope",Dry,U.S. Highway,Urban,Principal Arterial - Other Freeways and Expressways,Dark - Lighted,Cloudy,1,0,4,Fatal Injury (K)
65190,Texas,480301,3,3,1,Angle,0,1,"26,001 lbs. or more",Truck Tractor/Semi-Trailer,Van/Enclosed Box,1,No Rollover,Disabling Damage,"Two-Way, Not Divided",Six lanes,55 MPH,Straight,Level,Dry,U.S. Highway,Urban,Principal Arterial - Other,Daylight,Clear,1,0,0,No Apparent Injury (O)
65198,Texas,480307,1,1,1,Not a Collision with Motor Vehicle In-Transport,0,1,"26,001 lbs. or more",Truck Tractor/Semi-Trailer,Van/Enclosed Box,1,No Rollover,Minor Damage,"Two-Way, Divided, Unprotected Median",Two lanes,75 MPH,Straight,Level,Dry,Interstate,Rural,Interstate,Daylight,Cloudy,1,0,0,No Apparent Injury (O)
65202,Texas,480310,1,3,1,Front-to-Rear,0,1,"26,001 lbs. or more",Truck Tractor/Semi-Trailer,Van/Enclosed Box,1,No Rollover,Disabling Damage,"Two-Way, Not Divided",Two lanes,75 MPH,Straight,Level,Dry,State Highway,Rural,Minor Arterial,Daylight,Clear,4,0,2,Suspected Minor Injury (B)
65246,Texas,480326,2,2,1,Not a Collision with Motor Vehicle In-Transport,0,1,"26,001 lbs. or more",Truck Tractor/Semi-Trailer,Van/Enclosed Box,1,No Rollover,Minor Damage,"Two-Way,  Divided, Positive  Median Barrier",Two lanes,65 MPH,Straight,"Grade, Unknown Slope",Dry,Interstate,Urban,Interstate,Daylight,Clear,1,1,0,No Apparent Injury (O)
65281,Texas,480337,2,2,1,Angle,0,1,"26,001 lbs. or more",Truck Tractor/Semi-Trailer,Van/Enclosed Box,1,No Rollover,Disabling Damage,"Two-Way, Not Divided",Two lanes,60 MPH,Straight,Level,Wet,Other,Rural,Major Collector,Daylight,Rain,1,0,0,No Apparent Injury (O)
65305,Texas,480349,1,4,1,Front-to-Rear,0,1,"26,001 lbs. or more",Truck Tractor/Semi-Trailer,Flatbed,1,No Rollover,Disabling Damage,"Two-Way,  Divided, Positive  Median Barrier",Three lanes,65 MPH,Straight,Hillcrest,Dry,Interstate,Urban,Interstate,Daylight,Clear,1,0,0,No Apparent Injury (O)
65341,Texas,480364,1,2,1,Front-to-Rear,0,1,"26,001 lbs. or more",Truck Tractor/Semi-Trailer,Cargo Tank,1,No Rollover,Disabling Damage,"Two-Way, Not Divided",Two lanes,50 MPH,Straight,Level,Dry,State Highway,Rural,Minor Arterial,Daylight,Cloudy,1,1,0,No Apparent Injury (O)
65401,Texas,480397,1,1,2,Not a Collision with Motor Vehicle In-Transport,0,1,"26,001 lbs. or more",Truck Tractor/Semi-Trailer,Van/Enclosed Box,1,"Rollover, Tripped by Object/Vehicle",Disabling Damage,"Two-Way, Not Divided",Two lanes,55 MPH,Curve Right,Downhill,Dry,Other,Rural,Major Collector,Daylight,Clear,1,0,3,Suspected Serious Injury (A)
65402,Texas,480397,1,1,2,Not a Collision with Motor Vehicle In-Transport,0,1,"26,001 lbs. or more",Truck Tractor/Semi-Trailer,Van/Enclosed Box,1,"Rollover, Tripped by Object/Vehicle",Disabling Damage,"Two-Way, Not Divided",Two lanes,55 MPH,Curve Right,Downhill,Dry,Other,Rural,Major Collector,Daylight,Clear,1,0,4,Fatal Injury (K)
65403,Texas,480398,1,2,2,Angle,0,1,"26,001 lbs. or more",Truck Tractor/Semi-Trailer,Flatbed,1,No Rollover,Minor Damage,Non-Trafficway or Driveway Access,Non-Trafficway or Driveway Access,No Statutory Limit/Non-Trafficway or Driveway Access,Non-Trafficway or Driveway Access,Non-Trafficway or Driveway Access,Non-Trafficway or Driveway Access,Other,Rural,Major Collector,Dark - Not Lighted,Clear,1,0,0,No Apparent Injury (O)
65404,Texas,480398,1,2,2,Angle,0,1,"26,001 lbs. or more",Truck Tractor/Semi-Trailer,Flatbed,1,No Rollover,Minor Damage,Non-Trafficway or Driveway Access,Non-Trafficway or Driveway Access,No Statutory Limit/Non-Trafficway or Driveway Access,Non-Trafficway or Driveway Access,Non-Trafficway or Driveway Access,Non-Trafficway or Driveway Access,Other,Rural,Major Collector,Dark - Not Lighted,Clear,1,0,0,No Apparent Injury (O)
65415,Texas,480403,1,2,1,Front-to-Rear,0,1,"26,001 lbs. or more",Truck Tractor/Semi-Trailer,Van/Enclosed Box,1,No Rollover,Disabling Damage,"Two-Way, Not Divided",Two lanes,65 MPH,Straight,Uphill,Dry,U.S. Highway,Rural,Minor Arterial,Daylight,Clear,1,0,0,No Apparent Injury (O)
65463,Texas,480421,1,2,1,Angle,0,1,"26,001 lbs. or more",Truck Tractor/Semi-Trailer,Van/Enclosed Box,1,No Rollover,Disabling Damage,"Two-Way, Divided, Unprotected Median",Two lanes,75 MPH,Straight,"Grade, Unknown Slope",Dry,U.S. Highway,Rural,Principal Arterial - Other,Daylight,Clear,1,1,4,Fatal Injury (K)
65464,Texas,480421,2,2,1,Angle,0,1,"26,001 lbs. or more",Truck Tractor/Semi-Trailer,Van/Enclosed Box,1,No Rollover,Disabling Damage,"Two-Way, Divided, Unprotected Median",Two lanes,75 MPH,Straight,"Grade, Unknown Slope",Dry,U.S. Highway,Rural,Principal Arterial - Other,Daylight,Clear,1,1,0,No Apparent Injury (O)
65466,Texas,480423,1,2,1,Angle,0,1,"26,001 lbs. or more",Truck Tractor/Semi-Trailer,Flatbed,1,No Rollover,Disabling Damage,"Two-Way, Divided, Unprotected Median",Two lanes,75 MPH,Straight,Level,Dry,State Highway,Rural,Principal Arterial - Other,Daylight,"Fog, Smog, Smoke",1,0,0,No Apparent Injury (O)
65480,Texas,480428,2,2,1,Front-to-Front,0,1,"26,001 lbs. or more",Truck Tractor/Semi-Trailer,Van/Enclosed Box,1,No Rollover,Disabling Damage,"Two-Way, Divided, Unprotected Median",Two lanes,75 MPH,Straight,Level,Wet,U.S. Highway,Rural,Principal Arterial - Other,Dark - Not Lighted,"Fog, Smog, Smoke",1,1,1,Possible Injury (C)
65487,Texas,480432,2,2,1,Front-to-Rear,0,0,"26,001 lbs. or more","Single-Unit Truck (2- axle and GVWR more than 10,000 lbs)",Concrete Mixer,1,No Rollover,Functional Damage,"Two-Way, Divided, Unprotected Median",Two lanes,75 MPH,Straight,Level,Dry,U.S. Highway,Rural,Principal Arterial - Other,Dawn,Clear,1,0,0,No Apparent Injury (O)
65494,Texas,480437,1,2,1,Front-to-Front,0,1,"26,001 lbs. or more",Truck Tractor/Semi-Trailer,Van/Enclosed Box,1,No Rollover,Disabling Damage,"Two-Way,  Divided, Positive  Median Barrier",Two lanes,75 MPH,Straight,Level,Dry,Interstate,Rural,Interstate,Dark - Not Lighted,Clear,1,1,0,No Apparent Injury (O)
65498,Texas,480439,2,2,1,Front-to-Rear,0,0,"26,001 lbs. or more","Single-Unit Truck (2- axle and GVWR more than 10,000 lbs)",Garbage/Refuse,1,No Rollover,Disabling Damage,"Two-Way,  Divided, Positive  Median Barrier",Two lanes,55 MPH,Straight,Level,Dry,U.S. Highway,Urban,Principal Arterial - Other Freeways and Expressways,Dark - Lighted,Clear,1,1,2,Suspected Minor Injury (B)
65510,Texas,480446,2,2,1,Angle,0,1,"26,001 lbs. or more",Truck Tractor/Semi-Trailer,Cargo Tank,1,No Rollover,Disabling Damage,"Two-Way, Not Divided",Two lanes,75 MPH,Straight,Level,Dry,U.S. Highway,Rural,Principal Arterial - Other,Dark - Not Lighted,Clear,1,1,0,No Apparent Injury (O)
65517,Texas,480448,1,2,1,Other,0,1,"26,001 lbs. or more",Truck Tractor/Semi-Trailer,Flatbed,1,No Rollover,Disabling Damage,"Two-Way, Not Divided",Two lanes,75 MPH,Straight,Level,Water (Standing or Moving),State Highway,Rural,Minor Arterial,Dark - Not Lighted,Rain,1,0,4,Fatal Injury (K)
65526,Texas,480452,2,2,2,Front-to-Rear,0,1,"26,001 lbs. or more",Truck Tractor/Semi-Trailer,Van/Enclosed Box,1,No Rollover,Disabling Damage,"Two-Way,  Divided, Positive  Median Barrier",Three lanes,70 MPH,Straight,Level,Dry,Interstate,Rural,Interstate,Dark - Not Lighted,Clear,1,1,0,No Apparent Injury (O)
65527,Texas,480452,2,2,2,Front-to-Rear,0,1,"26,001 lbs. or more",Truck Tractor/Semi-Trailer,Van/Enclosed Box,1,No Rollover,Disabling Damage,"Two-Way,  Divided, Positive  Median Barrier",Three lanes,70 MPH,Straight,Level,Dry,Interstate,Rural,Interstate,Dark - Not Lighted,Clear,1,1,0,No Apparent Injury (O)
65563,Texas,480470,1,2,1,Angle,0,1,"26,001 lbs. or more",Truck Tractor/Semi-Trailer,Flatbed,1,No Rollover,Disabling Damage,"Two-Way, Not Divided",Two lanes,70 MPH,Straight,Level,Dry,State Highway,Rural,Minor Arterial,Daylight,Clear,1,0,0,No Apparent Injury (O)
65588,Texas,480479,1,2,1,Sideswipe - Same Direction,0,1,"26,001 lbs. or more",Truck Tractor/Semi-Trailer,Dump,1,"Rollover, Tripped by Object/Vehicle",Disabling Damage,"Two-Way, Not Divided",Two lanes,70 MPH,Straight,Level,Dry,State Highway,Rural,Minor Arterial,Daylight,Clear,1,0,4,Fatal Injury (K)
65661,Texas,480510,2,2,1,Angle,0,1,"26,001 lbs. or more",Truck Tractor/Semi-Trailer,Cargo Tank,1,No Rollover,Functional Damage,"Two-Way, Not Divided",Two lanes,65 MPH,Straight,"Grade, Unknown Slope",Wet,U.S. Highway,Rural,Principal Arterial - Other,Dark - Not Lighted,Rain,2,0,0,No Apparent Injury (O)
65667,Texas,480513,1,2,1,Angle,0,1,"26,001 lbs. or more",Truck Tractor/Semi-Trailer,Flatbed,1,No Rollover,Functional Damage,"Two-Way, Not Divided",Two lanes,70 MPH,Curve Right,Level,Dry,County Road,Rural,Minor Arterial,Daylight,Clear,1,0,0,No Apparent Injury (O)
65676,Texas,480516,1,1,1,Not a Collision with Motor Vehicle In-Transport,0,1,"26,001 lbs. or more",Truck Tractor/Semi-Trailer,Van/Enclosed Box,1,No Rollover,Disabling Damage,"Two-Way,  Divided, Positive  Median Barrier",Two lanes,75 MPH,Straight,Hillcrest,Dry,Interstate,Rural,Interstate,Daylight,Clear,1,0,4,Fatal Injury (K)
65680,Texas,480518,1,2,1,Front-to-Front,0,1,"26,001 lbs. or more",Truck Tractor/Semi-Trailer,Cargo Tank,1,No Rollover,Disabling Damage,"Two-Way, Not Divided",Two lanes,75 MPH,Straight,Level,Dry,State Highway,Rural,Minor Arterial,Dark - Not Lighted,Cloudy,2,0,2,Suspected Minor Injury (B)
65683,Texas,480519,1,1,1,Not a Collision with Motor Vehicle In-Transport,0,1,"26,001 lbs. or more",Truck Tractor/Semi-Trailer,Cargo Tank,1,"Rollover, Untripped",Disabling Damage,"Two-Way, Not Divided",Two lanes,70 MPH,Curve Right,Level,Dry,Other,Rural,Minor Collector,Dark - Not Lighted,Clear,1,0,4,Fatal Injury (K)
65704,Texas,480522,4,4,2,Sideswipe - Same Direction,0,0,"26,001 lbs. or more",Single-Unit Truck (3 or more axles),Cargo Tank,1,"Rollover, Tripped by Object/Vehicle",Disabling Damage,"Two-Way, Not Divided With a Continuous Left-Turn Lane",Five lanes,60 MPH,Straight,Level,Dry,U.S. Highway,Urban,Principal Arterial - Other,Daylight,Clear,2,0,1,Possible Injury (C)
65705,Texas,480522,4,4,2,Sideswipe - Same Direction,0,0,"26,001 lbs. or more",Single-Unit Truck (3 or more axles),Cargo Tank,1,"Rollover, Tripped by Object/Vehicle",Disabling Damage,"Two-Way, Not Divided With a Continuous Left-Turn Lane",Five lanes,60 MPH,Straight,Level,Dry,U.S. Highway,Urban,Principal Arterial - Other,Daylight,Clear,2,0,1,Possible Injury (C)
65757,Texas,480543,1,2,1,Angle,0,1,"26,001 lbs. or more",Truck Tractor/Semi-Trailer,Dump,1,No Rollover,Disabling Damage,"Two-Way, Not Divided",Two lanes,60 MPH,Straight,Level,Dry,Other,Rural,Major Collector,Daylight,Clear,1,0,0,No Apparent Injury (O)
65801,Texas,480559,1,3,1,Front-to-Rear,0,1,"26,001 lbs. or more",Truck Tractor/Semi-Trailer,Flatbed,1,No Rollover,Disabling Damage,"Two-Way, Divided, Unprotected Median",Two lanes,80 MPH,Straight,Level,Dry,Interstate,Rural,Interstate,Daylight,Clear,2,0,2,Suspected Minor Injury (B)
65802,Texas,480559,2,3,1,Front-to-Rear,0,0,"26,001 lbs. or more","Single-Unit Truck (2- axle and GVWR more than 10,000 lbs)",Van/Enclosed Box,1,No Rollover,Disabling Damage,"Two-Way, Divided, Unprotected Median",Two lanes,80 MPH,Straight,Level,Dry,Interstate,Rural,Interstate,Daylight,Clear,2,0,2,Suspected Minor Injury (B)
65819,Texas,480564,2,3,1,Front-to-Front,0,1,"26,001 lbs. or more",Truck Tractor/Semi-Trailer,Dump,1,No Rollover,Disabling Damage,"Two-Way, Not Divided",Two lanes,75 MPH,Straight,Level,Dry,State Highway,Rural,Major Collector,Daylight,Clear,2,0,2,Suspected Minor Injury (B)
65838,Texas,480574,1,6,3,Rear-to-Side,0,6,"26,001 lbs. or more","Truck More Than 10,000 lbs, Cannot Classify",Other,1,No Rollover,Disabling Damage,"Two-Way,  Divided, Positive  Median Barrier",Three lanes,75 MPH,Straight,"Grade, Unknown Slope",Wet,Interstate,Rural,Interstate,Daylight,Rain,2,0,0,No Apparent Injury (O)
65839,Texas,480574,1,6,3,Rear-to-Side,0,6,"26,001 lbs. or more","Truck More Than 10,000 lbs, Cannot Classify",Other,1,No Rollover,Disabling Damage,"Two-Way,  Divided, Positive  Median Barrier",Three lanes,75 MPH,Straight,"Grade, Unknown Slope",Wet,Interstate,Rural,Interstate,Daylight,Rain,2,0,0,No Apparent Injury (O)
65840,Texas,480574,1,6,3,Rear-to-Side,0,6,"26,001 lbs. or more","Truck More Than 10,000 lbs, Cannot Classify",Other,1,No Rollover,Disabling Damage,"Two-Way,  Divided, Positive  Median Barrier",Three lanes,75 MPH,Straight,"Grade, Unknown Slope",Wet,Interstate,Rural,Interstate,Daylight,Rain,2,0,0,No Apparent Injury (O)
65872,Texas,480582,1,2,1,Front-to-Rear,0,1,"26,001 lbs. or more",Truck Tractor/Semi-Trailer,Flatbed,1,No Rollover,Minor Damage,"Two-Way,  Divided, Positive  Median Barrier",Two lanes,75 MPH,Straight,Level,Dry,Interstate,Rural,Interstate,Daylight,Clear,1,0,0,No Apparent Injury (O)
65901,Texas,480593,2,2,3,Front-to-Front,0,0,"26,001 lbs. or more","Single-Unit Truck (2- axle and GVWR more than 10,000 lbs)",Flatbed,1,No Rollover,Disabling Damage,"Two-Way, Not Divided",Four lanes,40 MPH,Curve Left,Level,Dry,County Road,Urban,Principal Arterial - Other,Daylight,Clear,1,0,2,Suspected Minor Injury (B)
65902,Texas,480593,2,2,3,Front-to-Front,0,0,"26,001 lbs. or more","Single-Unit Truck (2- axle and GVWR more than 10,000 lbs)",Flatbed,1,No Rollover,Disabling Damage,"Two-Way, Not Divided",Four lanes,40 MPH,Curve Left,Level,Dry,County Road,Urban,Principal Arterial - Other,Daylight,Clear,1,0,2,Suspected Minor Injury (B)
65903,Texas,480593,2,2,3,Front-to-Front,0,0,"26,001 lbs. or more","Single-Unit Truck (2- axle and GVWR more than 10,000 lbs)",Flatbed,1,No Rollover,Disabling Damage,"Two-Way, Not Divided",Four lanes,40 MPH,Curve Left,Level,Dry,County Road,Urban,Principal Arterial - Other,Daylight,Clear,1,0,1,Possible Injury (C)
65906,Texas,480594,3,3,1,Front-to-Rear,0,1,"26,001 lbs. or more",Truck Tractor/Semi-Trailer,Cargo Tank,1,No Rollover,Disabling Damage,"Two-Way, Not Divided",Two lanes,75 MPH,Straight,Level,Dry,U.S. Highway,Rural,Minor Arterial,Daylight,Clear,1,0,0,No Apparent Injury (O)
65915,Texas,480599,2,2,1,Angle,0,1,"26,001 lbs. or more",Truck Tractor/Semi-Trailer,Flatbed,1,No Rollover,Disabling Damage,"Two-Way, Not Divided",Two lanes,50 MPH,Straight,Level,Dry,Other,Rural,Major Collector,Daylight,Clear,1,0,1,Possible Injury (C)
65916,Texas,480600,1,2,1,Angle,0,1,"26,001 lbs. or more",Truck Tractor/Semi-Trailer,Van/Enclosed Box,1,No Rollover,Disabling Damage,"Two-Way, Not Divided",Two lanes,75 MPH,Straight,Level,Dry,U.S. Highway,Rural,Minor Arterial,Daylight,"Fog, Smog, Smoke",1,0,0,No Apparent Injury (O)
65988,Texas,480630,2,2,1,Angle,0,0,"26,001 lbs. or more",Single-Unit Truck (3 or more axles),No Cargo Body Type,1,No Rollover,Disabling Damage,"Two-Way, Not Divided",Two lanes,70 MPH,Curve Left,Level,Dry,State Highway,Rural,Minor Arterial,Daylight,Clear,1,0,0,No Apparent Injury (O)
66026,Texas,480647,2,2,2,Front-to-Rear,0,1,"26,001 lbs. or more",Truck Tractor/Semi-Trailer,Van/Enclosed Box,1,No Rollover,Disabling Damage,"Two-Way,  Divided, Positive  Median Barrier",Two lanes,75 MPH,Straight,Level,Dry,Interstate,Rural,Interstate,Daylight,Clear,1,0,1,Possible Injury (C)
66027,Texas,480647,2,2,2,Front-to-Rear,0,1,"26,001 lbs. or more",Truck Tractor/Semi-Trailer,Van/Enclosed Box,1,No Rollover,Disabling Damage,"Two-Way,  Divided, Positive  Median Barrier",Two lanes,75 MPH,Straight,Level,Dry,Interstate,Rural,Interstate,Daylight,Clear,1,0,1,Possible Injury (C)
66091,Texas,480673,1,2,1,Front-to-Front,0,1,"26,001 lbs. or more",Truck Tractor/Semi-Trailer,Cargo Tank,2,No Rollover,Disabling Damage,"Two-Way, Not Divided",Two lanes,75 MPH,Curve Left,"Grade, Unknown Slope",Dry,U.S. Highway,Rural,Minor Arterial,Daylight,Clear,2,0,0,No Apparent Injury (O)
66124,Texas,480692,2,2,1,Front-to-Front,0,1,"26,001 lbs. or more",Truck Tractor/Semi-Trailer,Cargo Tank,1,No Rollover,Disabling Damage,"Two-Way, Not Divided",Two lanes,70 MPH,Curve Right,"Grade, Unknown Slope",Dry,U.S. Highway,Rural,Minor Arterial,Dark - Not Lighted,Clear,1,1,2,Suspected Minor Injury (B)
66125,Texas,480693,1,2,1,Front-to-Front,0,1,"26,001 lbs. or more",Truck Tractor/Semi-Trailer,Flatbed,1,No Rollover,Disabling Damage,"Two-Way, Divided, Unprotected Median",Two lanes,70 MPH,Straight,"Grade, Unknown Slope",Dry,U.S. Highway,Rural,Minor Arterial,Daylight,Clear,1,0,0,No Apparent Injury (O)
66136,Texas,480697,1,3,1,Front-to-Front,0,1,"26,001 lbs. or more",Truck Tractor/Semi-Trailer,Van/Enclosed Box,1,No Rollover,Disabling Damage,"Two-Way, Not Divided",Two lanes,70 MPH,Straight,Level,Dry,U.S. Highway,Rural,Principal Arterial - Other,Dark - Not Lighted,Clear,2,0,4,Fatal Injury (K)
66196,Texas,480721,1,2,1,Angle,0,1,"26,001 lbs. or more",Truck Tractor/Semi-Trailer,Cargo Tank,2,No Rollover,Minor Damage,"Two-Way, Not Divided",Four lanes,60 MPH,Straight,Level,Dry,U.S. Highway,Rural,Principal Arterial - Other,Daylight,Cloudy,1,1,0,No Apparent Injury (O)
66234,Texas,480737,2,2,1,Front-to-Rear,0,0,"26,001 lbs. or more",Truck Tractor (Bobtail),No Cargo Body Type,1,No Rollover,Minor Damage,"Two-Way,  Divided, Positive  Median Barrier",Six lanes,65 MPH,Straight,Level,Dry,State Highway,Urban,Principal Arterial - Other Freeways and Expressways,Dark - Lighted,Clear,1,1,0,No Apparent Injury (O)
66241,Texas,480740,1,1,1,Not a Collision with Motor Vehicle In-Transport,0,1,"26,001 lbs. or more",Truck Tractor/Semi-Trailer,Cargo Tank,1,"Rollover, Untripped",Disabling Damage,One-Way Trafficway,Two lanes,55 MPH,Straight,Level,Dry,Local Street - Frontage Road,Rural,Interstate,Dark - Not Lighted,Clear,1,0,4,Fatal Injury (K)
66258,Texas,480747,3,4,1,Angle,0,1,"26,001 lbs. or more",Truck Tractor/Semi-Trailer,Van/Enclosed Box,1,No Rollover,Functional Damage,"Two-Way,  Divided, Positive  Median Barrier",Two lanes,75 MPH,Straight,Level,Dry,Interstate,Urban,Interstate,Daylight,Clear,1,0,0,No Apparent Injury (O)
66265,Texas,480752,1,1,1,Not a Collision with Motor Vehicle In-Transport,0,1,"26,001 lbs. or more",Truck Tractor/Semi-Trailer,Cargo Tank,1,"Rollover, Untripped",Disabling Damage,"Two-Way, Not Divided",Two lanes,70 MPH,Straight,Downhill,Dry,Other,Rural,Major Collector,Dark - Not Lighted,Clear,1,0,4,Fatal Injury (K)
66310,Texas,480777,1,2,1,Angle,0,0,"26,001 lbs. or more","Single-Unit Truck (2- axle and GVWR more than 10,000 lbs)",Garbage/Refuse,1,No Rollover,Disabling Damage,Non-Trafficway or Driveway Access,Non-Trafficway or Driveway Access,No Statutory Limit/Non-Trafficway or Driveway Access,Non-Trafficway or Driveway Access,Non-Trafficway or Driveway Access,Non-Trafficway or Driveway Access,County Road,Rural,Local,Daylight,Clear,1,0,0,No Apparent Injury (O)
66323,Texas,480783,1,1,2,Not a Collision with Motor Vehicle In-Transport,0,1,"26,001 lbs. or more",Truck Tractor/Semi-Trailer,Van/Enclosed Box,1,No Rollover,Disabling Damage,"Two-Way, Divided, Unprotected Median",Two lanes,75 MPH,Curve Right,Level,Dry,Interstate,Rural,Interstate,Dark - Not Lighted,Clear,2,0,4,Fatal Injury (K)
66324,Texas,480783,1,1,2,Not a Collision with Motor Vehicle In-Transport,0,1,"26,001 lbs. or more",Truck Tractor/Semi-Trailer,Van/Enclosed Box,1,No Rollover,Disabling Damage,"Two-Way, Divided, Unprotected Median",Two lanes,75 MPH,Curve Right,Level,Dry,Interstate,Rural,Interstate,Dark - Not Lighted,Clear,2,0,4,Fatal Injury (K)