,STATENAME,ST_CASE,VEH_NO,VE_FORMS,NUMOCCS,MAN_COLLNAME,HIT_RUN,TOW_VEH,GVWRNAME,V_CONFIGNAME,CARGO_BTNAME,HAZ_INV,ROLLOVERNAME,DEFORMEDNAME,VTRAFWAYNAME,VNUM_LANNAME,VSPD_LIMNAME,VALIGNNAME,VPROFILENAME,VSURCONDNAME,ROUTENAME,RUR_URBNAME,FUNC_SYSNAME,LGT_CONDNAME,WEATHERNAME,FATALS,DRUNK_DR,INJ_SEV,INJ_SEVNAME
1571,Alabama,10736,2,2,1,Angle,0,1,"26,001 lbs. or more",Truck Tractor/Semi-Trailer,Grain/ Chips/ Gravel,1,No Rollover,Disabling Damage,"Two-Way, Not Divided",Two lanes,55 MPH,Straight,Level,Dry,County Road,Rural,Major Collector,Dark - Not Lighted,Cloudy,1,0,0,No Apparent Injury (O)
1583,Alabama,10739,3,3,1,Front-to-Rear,0,1,"26,001 lbs. or more",Truck Tractor/Semi-Trailer,Van/Enclosed Box,1,No Rollover,Minor Damage,"Two-Way,  Divided, Unprotected (Painted > 4 Feet ) Median",Three lanes,50 MPH,Straight,Level,Dry,State Highway,Urban,Principal Arterial - Other,Daylight,Clear,1,0,0,No Apparent Injury (O)
1589,Alabama,10744,1,1,1,Not a Collision with Motor Vehicle In-Transport,0,1,"26,001 lbs. or more",Truck Tractor/Semi-Trailer,Dump,1,No Rollover,Disabling Damage,"Two-Way, Not Divided",Two lanes,35 MPH,Curve Left,Downhill,Dry,County Road,Rural,Local,Daylight,Clear,1,0,4,Fatal Injury (K)
1599,Alabama,10749,2,2,1,Front-to-Rear,0,0,"26,001 lbs. or more",Single-Unit Truck (3 or more axles),Dump,1,No Rollover,Disabling Damage,"Two-Way,  Divided, Unprotected (Painted > 4 Feet ) Median",Two lanes,60 MPH,Straight,Level,Dry,State Highway,Rural,Principal Arterial - Other,Daylight,Clear,2,0,0,No Apparent Injury (O)
1623,Alabama,10762,1,6,1,Front-to-Rear,0,1,"26,001 lbs. or more",Truck Tractor/Semi-Trailer,Flatbed,1,No Rollover,Minor Damage,"Two-Way,  Divided, Positive  Median Barrier",Five lanes,50 MPH,Straight,Uphill,Dry,U.S. Highway,Urban,Principal Arterial - Other Freeways and Expressways,Daylight,Clear,1,0,0,No Apparent Injury (O)
1639,Alabama,10770,2,2,1,Front-to-Front,0,0,"26,001 lbs. or more",Single-Unit Truck (3 or more axles),Dump,1,No Rollover,Disabling Damage,"Two-Way, Not Divided",Two lanes,55 MPH,Straight,Level,Dry,State Highway,Rural,Principal Arterial - Other,Daylight,Clear,1,0,0,No Apparent Injury (O)
1641,Alabama,10772,1,1,2,Not a Collision with Motor Vehicle In-Transport,0,1,"26,001 lbs. or more",Truck Tractor/Semi-Trailer,Van/Enclosed Box,1,No Rollover,Minor Damage,"Two-Way,  Divided, Unprotected (Painted > 4 Feet ) Median",Two lanes,65 MPH,Straight,Level,Dry,U.S. Highway,Rural,Principal Arterial - Other,Dark - Not Lighted,Clear,1,0,0,No Apparent Injury (O)
1642,Alabama,10772,1,1,2,Not a Collision with Motor Vehicle In-Transport,0,1,"26,001 lbs. or more",Truck Tractor/Semi-Trailer,Van/Enclosed Box,1,No Rollover,Minor Damage,"Two-Way,  Divided, Unprotected (Painted > 4 Feet ) Median",Two lanes,65 MPH,Straight,Level,Dry,U.S. Highway,Rural,Principal Arterial - Other,Dark - Not Lighted,Clear,1,0,0,No Apparent Injury (O)
1690,Alabama,10797,2,2,1,Angle,0,1,"26,001 lbs. or more",Truck Tractor/Semi-Trailer,Dump,1,No Rollover,Minor Damage,"Two-Way, Not Divided",Two lanes,55 MPH,Straight,Level,Dry,State Highway,Rural,Minor Arterial,Dawn,"Fog, Smog, Smoke",1,0,0,No Apparent Injury (O)
1731,Alabama,10827,2,2,1,Sideswipe - Same Direction,0,1,"26,001 lbs. or more",Truck Tractor/Semi-Trailer,Van/Enclosed Box,1,No Rollover,Minor Damage,"Two-Way,  Divided, Unprotected (Painted > 4 Feet ) Median",Two lanes,70 MPH,Straight,Level,Dry,Interstate,Rural,Interstate,Daylight,Clear,1,0,0,No Apparent Injury (O)
1738,Alabama,10831,2,3,1,Front-to-Front,0,1,"26,001 lbs. or more",Truck Tractor/Semi-Trailer,Flatbed,1,No Rollover,Disabling Damage,"Two-Way, Not Divided",Two lanes,55 MPH,Straight,Downhill,Dry,U.S. Highway,Rural,Principal Arterial - Other,Daylight,Clear,1,0,0,No Apparent Injury (O)
1779,Alabama,10845,1,5,1,Front-to-Rear,0,1,"26,001 lbs. or more",Truck Tractor/Semi-Trailer,Van/Enclosed Box,1,No Rollover,Disabling Damage,"Two-Way,  Divided, Unprotected (Painted > 4 Feet ) Median",Two lanes,70 MPH,Straight,Uphill,Wet,Interstate,Rural,Interstate,Dark - Not Lighted,"Fog, Smog, Smoke",1,0,4,Fatal Injury (K)
1780,Alabama,10845,2,5,1,Front-to-Rear,0,1,"26,001 lbs. or more",Truck Tractor/Semi-Trailer,Van/Enclosed Box,1,No Rollover,Disabling Damage,"Two-Way,  Divided, Unprotected (Painted > 4 Feet ) Median",Two lanes,70 MPH,Straight,Uphill,Wet,Interstate,Rural,Interstate,Dark - Not Lighted,"Fog, Smog, Smoke",1,0,0,No Apparent Injury (O)
1781,Alabama,10845,3,5,1,Front-to-Rear,0,1,"26,001 lbs. or more",Truck Tractor/Semi-Trailer,Van/Enclosed Box,1,No Rollover,Minor Damage,"Two-Way,  Divided, Unprotected (Painted > 4 Feet ) Median",Two lanes,70 MPH,Straight,Uphill,Wet,Interstate,Rural,Interstate,Dark - Not Lighted,"Fog, Smog, Smoke",1,0,0,No Apparent Injury (O)
1786,Alabama,10846,2,2,1,Front-to-Rear,0,1,"26,001 lbs. or more",Truck Tractor/Semi-Trailer,Flatbed,1,No Rollover,Minor Damage,"Two-Way, Not Divided",Four lanes,45 MPH,Straight,Level,Dry,State Highway,Rural,Minor Arterial,Daylight,Clear,1,0,0,No Apparent Injury (O)
1787,Alabama,10847,1,1,1,Not a Collision with Motor Vehicle In-Transport,0,1,"26,001 lbs. or more",Truck Tractor/Semi-Trailer,Log,1,No Rollover,Disabling Damage,"Two-Way,  Divided, Positive  Median Barrier",Two lanes,65 MPH,Straight,Level,Dry,U.S. Highway,Rural,Principal Arterial - Other,Daylight,Clear,1,0,4,Fatal Injury (K)
1833,Alabama,10865,1,1,1,Not a Collision with Motor Vehicle In-Transport,0,1,"26,001 lbs. or more",Truck Tractor/Semi-Trailer,Cargo Tank,1,No Rollover,Functional Damage,One-Way Trafficway,Three lanes,45 MPH,Straight,Level,Wet,State Highway,Urban,Principal Arterial - Other,Dark - Lighted,Rain,1,0,0,No Apparent Injury (O)
1845,Alabama,10870,2,2,1,Front-to-Rear,0,1,"26,001 lbs. or more",Truck Tractor/Semi-Trailer,Van/Enclosed Box,1,No Rollover,Minor Damage,"Two-Way,  Divided, Unprotected (Painted > 4 Feet ) Median",Four lanes,55 MPH,Straight,Level,Dry,Local Street - Municipality,Urban,Principal Arterial - Other,Daylight,Clear,1,0,0,No Apparent Injury (O)
1849,Alabama,10872,2,2,1,Front-to-Front,0,0,"26,001 lbs. or more",Single-Unit Truck (3 or more axles),Dump,1,No Rollover,Minor Damage,"Two-Way, Not Divided",Two lanes,40 MPH,Straight,Level,Dry,County Road,Rural,Major Collector,Daylight,Cloudy,1,0,0,No Apparent Injury (O)
1857,Alabama,10876,2,2,1,Front-to-Rear,0,1,"26,001 lbs. or more",Truck Tractor/Semi-Trailer,Log,1,No Rollover,Disabling Damage,"Two-Way,  Divided, Positive  Median Barrier",Two lanes,55 MPH,Straight,Level,Dry,U.S. Highway,Rural,Principal Arterial - Other,Dark - Not Lighted,Clear,1,0,0,No Apparent Injury (O)
1859,Alabama,10878,1,5,2,Angle,0,1,"26,001 lbs. or more",Truck Tractor/Semi-Trailer,Van/Enclosed Box,1,No Rollover,Disabling Damage,"Two-Way, Not Divided",Seven or more lanes,50 MPH,Straight,Downhill,Dry,U.S. Highway,Urban,Principal Arterial - Other,Dark - Lighted,Cloudy,2,0,0,No Apparent Injury (O)
1860,Alabama,10878,1,5,2,Angle,0,1,"26,001 lbs. or more",Truck Tractor/Semi-Trailer,Van/Enclosed Box,1,No Rollover,Disabling Damage,"Two-Way, Not Divided",Seven or more lanes,50 MPH,Straight,Downhill,Dry,U.S. Highway,Urban,Principal Arterial - Other,Dark - Lighted,Cloudy,2,0,0,No Apparent Injury (O)
1892,Alabama,10890,2,3,1,Angle,0,0,"26,001 lbs. or more",Single-Unit Truck (3 or more axles),Dump,1,No Rollover,Disabling Damage,"Two-Way, Not Divided",Three lanes,35 MPH,Straight,Level,Dry,U.S. Highway,Rural,Major Collector,Daylight,Cloudy,1,0,0,No Apparent Injury (O)
1900,Alabama,10893,2,2,2,Angle,0,1,"26,001 lbs. or more",Truck Tractor/Semi-Trailer,Van/Enclosed Box,1,No Rollover,Disabling Damage,"Two-Way, Not Divided",Two lanes,30 MPH,Straight,Level,Dry,State Highway,Rural,Minor Arterial,Daylight,Clear,1,0,0,No Apparent Injury (O)
1901,Alabama,10893,2,2,2,Angle,0,1,"26,001 lbs. or more",Truck Tractor/Semi-Trailer,Van/Enclosed Box,1,No Rollover,Disabling Damage,"Two-Way, Not Divided",Two lanes,30 MPH,Straight,Level,Dry,State Highway,Rural,Minor Arterial,Daylight,Clear,1,0,0,No Apparent Injury (O)
1941,Alabama,10907,2,2,1,Angle,0,0,"26,001 lbs. or more",Single-Unit Truck (3 or more axles),Dump,1,"Rollover, Tripped by Object/Vehicle",Disabling Damage,"Two-Way,  Divided, Unprotected (Painted > 4 Feet ) Median",Two lanes,65 MPH,Straight,Uphill,Dry,State Highway,Rural,Principal Arterial - Other,Daylight,Clear,2,0,4,Fatal Injury (K)
1965,Alabama,10916,2,2,2,Front-to-Front,0,1,"26,001 lbs. or more",Truck Tractor/Semi-Trailer,Cargo Tank,1,No Rollover,Disabling Damage,"Two-Way, Not Divided",Two lanes,55 MPH,Straight,Level,Dry,U.S. Highway,Rural,Principal Arterial - Other,Dark - Not Lighted,Clear,1,1,0,No Apparent Injury (O)
1966,Alabama,10916,2,2,2,Front-to-Front,0,1,"26,001 lbs. or more",Truck Tractor/Semi-Trailer,Cargo Tank,1,No Rollover,Disabling Damage,"Two-Way, Not Divided",Two lanes,55 MPH,Straight,Level,Dry,U.S. Highway,Rural,Principal Arterial - Other,Dark - Not Lighted,Clear,1,1,0,No Apparent Injury (O)
1989,Alabama,10924,1,4,1,Front-to-Rear,0,1,"26,001 lbs. or more",Truck Tractor/Semi-Trailer,Flatbed,1,No Rollover,Disabling Damage,"Two-Way,  Divided, Unprotected (Painted > 4 Feet ) Median",Two lanes,50 MPH,Straight,Downhill,Dry,Interstate,Rural,Interstate,Daylight,Clear,1,0,4,Fatal Injury (K)
1991,Alabama,10924,3,4,1,Front-to-Rear,0,1,"26,001 lbs. or more",Truck Tractor/Semi-Trailer,Van/Enclosed Box,1,No Rollover,Disabling Damage,"Two-Way,  Divided, Unprotected (Painted > 4 Feet ) Median",Two lanes,50 MPH,Straight,Downhill,Dry,Interstate,Rural,Interstate,Daylight,Clear,1,0,0,No Apparent Injury (O)
2018,Alabama,10932,1,3,1,Not a Collision with Motor Vehicle In-Transport,0,1,"26,001 lbs. or more",Truck Tractor/Semi-Trailer,Log,1,"Rollover, Tripped by Object/Vehicle",Disabling Damage,"Two-Way, Not Divided",Two lanes,55 MPH,Curve Right,Uphill,Dry,State Highway,Rural,Minor Arterial,Daylight,Clear,1,0,0,No Apparent Injury (O)
2028,Alabama,10936,2,2,1,Front-to-Rear,0,1,"26,001 lbs. or more",Truck Tractor/Semi-Trailer,Log,1,No Rollover,Disabling Damage,"Two-Way, Not Divided",Two lanes,55 MPH,Straight,Downhill,Dry,U.S. Highway,Rural,Principal Arterial - Other,Dark - Not Lighted,Clear,1,0,0,No Apparent Injury (O)
2036,Alabama,10939,2,2,2,Front-to-Rear,0,0,"26,001 lbs. or more","Single-Unit Truck (2- axle and GVWR more than 10,000 lbs)",Dump,1,No Rollover,Disabling Damage,"Two-Way, Not Divided With a Continuous Left-Turn Lane",Three lanes,45 MPH,Straight,Level,Dry,County Road,Urban,Principal Arterial - Other,Dusk,Cloudy,1,1,1,Possible Injury (C)
2037,Alabama,10939,2,2,2,Front-to-Rear,0,0,"26,001 lbs. or more","Single-Unit Truck (2- axle and GVWR more than 10,000 lbs)",Dump,1,No Rollover,Disabling Damage,"Two-Way, Not Divided With a Continuous Left-Turn Lane",Three lanes,45 MPH,Straight,Level,Dry,County Road,Urban,Principal Arterial - Other,Dusk,Cloudy,1,1,0,No Apparent Injury (O)
2062,Alabama,10953,1,2,2,Angle,0,1,"26,001 lbs. or more",Truck Tractor/Semi-Trailer,Van/Enclosed Box,1,No Rollover,Disabling Damage,Non-Trafficway or Driveway Access,Non-Trafficway or Driveway Access,No Statutory Limit/Non-Trafficway or Driveway Access,Non-Trafficway or Driveway Access,Non-Trafficway or Driveway Access,Non-Trafficway or Driveway Access,U.S. Highway,Rural,Principal Arterial - Other,Daylight,Rain,1,0,0,No Apparent Injury (O)
2063,Alabama,10953,1,2,2,Angle,0,1,"26,001 lbs. or more",Truck Tractor/Semi-Trailer,Van/Enclosed Box,1,No Rollover,Disabling Damage,Non-Trafficway or Driveway Access,Non-Trafficway or Driveway Access,No Statutory Limit/Non-Trafficway or Driveway Access,Non-Trafficway or Driveway Access,Non-Trafficway or Driveway Access,Non-Trafficway or Driveway Access,U.S. Highway,Rural,Principal Arterial - Other,Daylight,Rain,1,0,0,No Apparent Injury (O)
2064,Alabama,10953,2,2,1,Angle,0,1,"26,001 lbs. or more",Truck Tractor/Semi-Trailer,Flatbed,1,No Rollover,Disabling Damage,"Two-Way,  Divided, Unprotected (Painted > 4 Feet ) Median",Two lanes,50 MPH,Straight,Level,Wet,U.S. Highway,Rural,Principal Arterial - Other,Daylight,Rain,1,0,4,Fatal Injury (K)
2083,Alabama,10961,2,2,1,Angle,0,1,"26,001 lbs. or more",Truck Tractor/Semi-Trailer,Flatbed,1,No Rollover,Minor Damage,"Two-Way, Not Divided",Two lanes,55 MPH,Straight,Uphill,Dry,State Highway,Rural,Major Collector,Daylight,Cloudy,1,0,0,No Apparent Injury (O)
2098,Alabama,10971,2,2,1,Angle,0,1,"26,001 lbs. or more",Truck Tractor/Semi-Trailer,Log,1,No Rollover,Minor Damage,"Two-Way,  Divided, Unprotected (Painted > 4 Feet ) Median",Two lanes,55 MPH,Straight,Level,Dry,U.S. Highway,Rural,Principal Arterial - Other,Daylight,Clear,1,0,0,No Apparent Injury (O)
2127,Alabama,10987,1,2,1,Front-to-Rear,0,1,"26,001 lbs. or more",Truck Tractor/Semi-Trailer,Log,1,No Rollover,No Damage,"Two-Way,  Divided, Unprotected (Painted > 4 Feet ) Median",Two lanes,70 MPH,Straight,Downhill,Dry,Interstate,Urban,Interstate,Dark - Not Lighted,Clear,1,1,0,No Apparent Injury (O)
2176,Alaska,20018,2,2,1,Sideswipe - Opposite Direction,0,2,"26,001 lbs. or more",Truck Tractor/Double,Van/Enclosed Box,1,No Rollover,Disabling Damage,"Two-Way, Not Divided",Two lanes,65 MPH,Straight,Level,Dry,State Highway,Rural,Interstate,Dark - Not Lighted,Clear,1,1,0,No Apparent Injury (O)
2181,Alaska,20023,1,1,1,Not a Collision with Motor Vehicle In-Transport,0,2,"26,001 lbs. or more",Truck Tractor/Double,Cargo Tank,1,No Rollover,Functional Damage,"Two-Way, Not Divided",Four lanes,55 MPH,Straight,Level,Dry,State Highway,Rural,Interstate,Daylight,Cloudy,1,0,0,No Apparent Injury (O)
2226,Alaska,20041,1,1,1,Not a Collision with Motor Vehicle In-Transport,0,0,"26,001 lbs. or more",Single-Unit Truck (3 or more axles),Garbage/Refuse,1,"Rollover, Tripped by Object/Vehicle",Disabling Damage,"Two-Way, Not Divided",Three lanes,55 MPH,Straight,Uphill,Wet,State Highway,Rural,Interstate,Daylight,Rain,1,0,4,Fatal Injury (K)
2400,Arizona,40037,1,2,2,Front-to-Rear,0,1,"26,001 lbs. or more",Truck Pulling Trailer(s),Flatbed,1,No Rollover,Disabling Damage,"Two-Way,  Divided, Unprotected (Painted > 4 Feet ) Median",Two lanes,75 MPH,Straight,Level,Dry,Interstate,Rural,Interstate,Daylight,Clear,1,0,2,Suspected Minor Injury (B)
2401,Arizona,40037,1,2,2,Front-to-Rear,0,1,"26,001 lbs. or more",Truck Pulling Trailer(s),Flatbed,1,No Rollover,Disabling Damage,"Two-Way,  Divided, Unprotected (Painted > 4 Feet ) Median",Two lanes,75 MPH,Straight,Level,Dry,Interstate,Rural,Interstate,Daylight,Clear,1,0,4,Fatal Injury (K)
2402,Arizona,40037,2,2,1,Front-to-Rear,0,1,"26,001 lbs. or more",Truck Tractor/Semi-Trailer,Van/Enclosed Box,1,No Rollover,Disabling Damage,"Two-Way,  Divided, Unprotected (Painted > 4 Feet ) Median",Two lanes,75 MPH,Straight,Level,Dry,Interstate,Rural,Interstate,Daylight,Clear,1,0,1,Possible Injury (C)
2531,Arizona,40095,2,2,1,Angle,0,1,"26,001 lbs. or more",Truck Tractor/Semi-Trailer,Flatbed,1,No Rollover,Disabling Damage,"Two-Way, Not Divided With a Continuous Left-Turn Lane",Three lanes,65 MPH,Straight,Level,Dry,U.S. Highway,Rural,Principal Arterial - Other,Daylight,Clear,2,0,0,No Apparent Injury (O)
2588,Arizona,40122,1,1,2,Not a Collision with Motor Vehicle In-Transport,0,1,"26,001 lbs. or more",Truck Tractor/Semi-Trailer,Van/Enclosed Box,1,"Rollover, Tripped by Object/Vehicle",Disabling Damage,"Two-Way,  Divided, Unprotected (Painted > 4 Feet ) Median",Two lanes,75 MPH,Curve Right,Level,Dry,Interstate,Rural,Interstate,Dark - Not Lighted,Clear,1,1,4,Fatal Injury (K)
2589,Arizona,40122,1,1,2,Not a Collision with Motor Vehicle In-Transport,0,1,"26,001 lbs. or more",Truck Tractor/Semi-Trailer,Van/Enclosed Box,1,"Rollover, Tripped by Object/Vehicle",Disabling Damage,"Two-Way,  Divided, Unprotected (Painted > 4 Feet ) Median",Two lanes,75 MPH,Curve Right,Level,Dry,Interstate,Rural,Interstate,Dark - Not Lighted,Clear,1,1,2,Suspected Minor Injury (B)
2596,Arizona,40127,1,1,2,Not a Collision with Motor Vehicle In-Transport,0,1,"26,001 lbs. or more",Truck Tractor/Semi-Trailer,Van/Enclosed Box,1,"Rollover, Tripped by Object/Vehicle",Disabling Damage,"Two-Way,  Divided, Unprotected (Painted > 4 Feet ) Median",Two lanes,65 MPH,Straight,Level,Dry,Interstate,Urban,Interstate,Dark - Not Lighted,Cloudy,2,1,4,Fatal Injury (K)
2597,Arizona,40127,1,1,2,Not a Collision with Motor Vehicle In-Transport,0,1,"26,001 lbs. or more",Truck Tractor/Semi-Trailer,Van/Enclosed Box,1,"Rollover, Tripped by Object/Vehicle",Disabling Damage,"Two-Way,  Divided, Unprotected (Painted > 4 Feet ) Median",Two lanes,65 MPH,Straight,Level,Dry,Interstate,Urban,Interstate,Dark - Not Lighted,Cloudy,2,1,4,Fatal Injury (K)
2695,Arizona,40166,2,2,1,Front-to-Front,0,1,"26,001 lbs. or more",Truck Tractor/Semi-Trailer,Van/Enclosed Box,1,No Rollover,Disabling Damage,"Two-Way, Not Divided",Two lanes,55 MPH,Straight,Level,Dry,State Highway,Rural,Major Collector,Dark - Not Lighted,Clear,1,0,0,No Apparent Injury (O)
2733,Arizona,40186,1,2,2,Not a Collision with Motor Vehicle In-Transport,0,1,"26,001 lbs. or more",Truck Tractor/Semi-Trailer,Van/Enclosed Box,1,"Rollover, Tripped by Object/Vehicle",Disabling Damage,"Two-Way,  Divided, Unprotected (Painted > 4 Feet ) Median",Two lanes,75 MPH,Straight,Level,Dry,Interstate,Rural,Interstate,Dark - Not Lighted,Clear,2,0,0,No Apparent Injury (O)
2734,Arizona,40186,1,2,2,Not a Collision with Motor Vehicle In-Transport,0,1,"26,001 lbs. or more",Truck Tractor/Semi-Trailer,Van/Enclosed Box,1,"Rollover, Tripped by Object/Vehicle",Disabling Damage,"Two-Way,  Divided, Unprotected (Painted > 4 Feet ) Median",Two lanes,75 MPH,Straight,Level,Dry,Interstate,Rural,Interstate,Dark - Not Lighted,Clear,2,0,0,No Apparent Injury (O)
2781,Arizona,40208,2,2,1,Angle,0,1,"26,001 lbs. or more",Truck Tractor/Semi-Trailer,Cargo Tank,1,No Rollover,Disabling Damage,"Two-Way, Not Divided",Two lanes,45 MPH,Straight,Level,Dry,Local Street - Township,Urban,Local,Daylight,Clear,1,0,0,No Apparent Injury (O)
2787,Arizona,40212,2,2,1,Not a Collision with Motor Vehicle In-Transport,0,0,"26,001 lbs. or more",Single-Unit Truck (3 or more axles),Garbage/Refuse,1,No Rollover,No Damage,Non-Trafficway or Driveway Access,Non-Trafficway or Driveway Access,No Statutory Limit/Non-Trafficway or Driveway Access,Non-Trafficway or Driveway Access,Non-Trafficway or Driveway Access,Non-Trafficway or Driveway Access,Local Street - Municipality,Urban,Principal Arterial - Other,Daylight,Clear,1,0,0,No Apparent Injury (O)
2926,Arizona,40275,1,2,1,Not a Collision with Motor Vehicle In-Transport,0,0,"26,001 lbs. or more",Single-Unit Truck (3 or more axles),Dump,1,No Rollover,Functional Damage,"Two-Way,  Divided, Unprotected (Painted > 4 Feet ) Median",Four lanes,45 MPH,Straight,Level,Dry,Local Street - Municipality,Urban,Principal Arterial - Other,Daylight,Clear,1,0,0,No Apparent Injury (O)
2966,Arizona,40293,1,1,1,Not a Collision with Motor Vehicle In-Transport,0,1,"26,001 lbs. or more",Truck Tractor/Semi-Trailer,Cargo Tank,1,No Rollover,Minor Damage,"Two-Way,  Divided, Unprotected (Painted > 4 Feet ) Median",Three lanes,75 MPH,Straight,Level,Dry,Interstate,Urban,Interstate,Dark - Not Lighted,Clear,1,0,0,No Apparent Injury (O)
2968,Arizona,40294,2,2,2,Front-to-Front,0,1,"26,001 lbs. or more",Truck Tractor/Semi-Trailer,Van/Enclosed Box,1,"Rollover, Tripped by Object/Vehicle",Disabling Damage,"Two-Way,  Divided, Unprotected (Painted > 4 Feet ) Median",Two lanes,75 MPH,Straight,Level,Dry,Interstate,Urban,Interstate,Dark - Not Lighted,Clear,1,1,2,Suspected Minor Injury (B)
2969,Arizona,40294,2,2,2,Front-to-Front,0,1,"26,001 lbs. or more",Truck Tractor/Semi-Trailer,Van/Enclosed Box,1,"Rollover, Tripped by Object/Vehicle",Disabling Damage,"Two-Way,  Divided, Unprotected (Painted > 4 Feet ) Median",Two lanes,75 MPH,Straight,Level,Dry,Interstate,Urban,Interstate,Dark - Not Lighted,Clear,1,1,2,Suspected Minor Injury (B)
2975,Arizona,40298,1,1,1,Not a Collision with Motor Vehicle In-Transport,0,1,"26,001 lbs. or more",Truck Tractor/Semi-Trailer,Cargo Tank,1,"Rollover, Tripped by Object/Vehicle",Disabling Damage,"Two-Way, Not Divided",Two lanes,40 MPH,Straight,Level,Dry,Local Street - Municipality,Rural,Local,Dark - Not Lighted,Clear,1,0,4,Fatal Injury (K)
2977,Arizona,40300,1,1,1,Not a Collision with Motor Vehicle In-Transport,0,1,"26,001 lbs. or more",Truck Tractor/Semi-Trailer,Van/Enclosed Box,1,"Rollover, Tripped by Object/Vehicle",Disabling Damage,"Two-Way,  Divided, Unprotected (Painted > 4 Feet ) Median",Two lanes,65 MPH,Curve Left,Level,Dry,U.S. Highway,Rural,Principal Arterial - Other,Dusk,Cloudy,1,0,4,Fatal Injury (K)
3026,Arizona,40321,2,2,1,Sideswipe - Opposite Direction,0,1,"26,001 lbs. or more",Truck Tractor/Semi-Trailer,Dump,2,No Rollover,Disabling Damage,"Two-Way, Not Divided",Two lanes,65 MPH,Straight,Level,Dry,U.S. Highway,Rural,Minor Arterial,Dark - Not Lighted,Clear,1,1,0,No Apparent Injury (O)
3038,Arizona,40326,2,2,1,Angle,0,0,"26,001 lbs. or more",Truck Tractor (Bobtail),No Cargo Body Type,1,No Rollover,Disabling Damage,"Two-Way,  Divided, Unprotected (Painted > 4 Feet ) Median",Four lanes,40 MPH,Straight,Level,Wet,Local Street - Municipality,Urban,Principal Arterial - Other,Dark - Lighted,Rain,1,0,2,Suspected Minor Injury (B)
3106,Arizona,40360,1,1,1,Not a Collision with Motor Vehicle In-Transport,0,1,"26,001 lbs. or more",Truck Tractor/Semi-Trailer,Flatbed,1,No Rollover,No Damage,"Two-Way, Not Divided",Five lanes,35 MPH,Straight,Level,Dry,Local Street - Municipality,Urban,Principal Arterial - Other,Daylight,Cloudy,1,0,0,No Apparent Injury (O)
3112,Arizona,40361,2,2,1,Front-to-Front,0,1,"26,001 lbs. or more",Truck Tractor/Semi-Trailer,Cargo Tank,1,No Rollover,Disabling Damage,"Two-Way, Not Divided",Two lanes,65 MPH,Curve Left,Uphill,Dry,U.S. Highway,Rural,Principal Arterial - Other,Daylight,Clear,2,0,2,Suspected Minor Injury (B)
3114,Arizona,40362,2,2,1,Front-to-Front,0,1,"26,001 lbs. or more",Truck Tractor/Semi-Trailer,Van/Enclosed Box,1,No Rollover,Disabling Damage,"Two-Way, Not Divided",Two lanes,65 MPH,Straight,Level,Dry,State Highway,Rural,Minor Arterial,Daylight,Clear,1,0,2,Suspected Minor Injury (B)
3139,Arizona,40373,1,4,1,Front-to-Rear,0,1,"26,001 lbs. or more",Truck Tractor/Semi-Trailer,Van/Enclosed Box,1,No Rollover,Disabling Damage,"Two-Way,  Divided, Unprotected (Painted > 4 Feet ) Median",Two lanes,75 MPH,Straight,Uphill,Dry,Interstate,Rural,Interstate,Dark - Not Lighted,Clear,2,0,0,No Apparent Injury (O)
3146,Arizona,40373,4,4,1,Front-to-Rear,0,1,"26,001 lbs. or more",Truck Tractor/Semi-Trailer,Flatbed,1,No Rollover,Disabling Damage,"Two-Way,  Divided, Unprotected (Painted > 4 Feet ) Median",Two lanes,75 MPH,Straight,Uphill,Dry,Interstate,Rural,Interstate,Dark - Not Lighted,Clear,2,0,0,No Apparent Injury (O)
3166,Arizona,40380,2,2,1,Front-to-Front,0,1,"26,001 lbs. or more",Truck Tractor/Semi-Trailer,Van/Enclosed Box,1,No Rollover,Disabling Damage,"Two-Way,  Divided, Unprotected (Painted > 4 Feet ) Median",Two lanes,75 MPH,Straight,Level,Dry,Interstate,Rural,Interstate,Dark - Not Lighted,Clear,1,1,1,Possible Injury (C)
3167,Arizona,40381,1,4,2,Not a Collision with Motor Vehicle In-Transport,0,1,"26,001 lbs. or more",Truck Tractor/Semi-Trailer,Van/Enclosed Box,1,"Rollover, Tripped by Object/Vehicle",Disabling Damage,"Two-Way, Not Divided",Two lanes,65 MPH,Curve Left,Downhill,Dry,State Highway,Rural,Major Collector,Daylight,Clear,2,0,0,No Apparent Injury (O)
3168,Arizona,40381,1,4,2,Not a Collision with Motor Vehicle In-Transport,0,1,"26,001 lbs. or more",Truck Tractor/Semi-Trailer,Van/Enclosed Box,1,"Rollover, Tripped by Object/Vehicle",Disabling Damage,"Two-Way, Not Divided",Two lanes,65 MPH,Curve Left,Downhill,Dry,State Highway,Rural,Major Collector,Daylight,Clear,2,0,2,Suspected Minor Injury (B)
3203,Arizona,40390,1,3,4,Front-to-Rear,0,1,"26,001 lbs. or more",Truck Tractor/Semi-Trailer,Van/Enclosed Box,1,No Rollover,Disabling Damage,"Two-Way,  Divided, Unprotected (Painted > 4 Feet ) Median",Two lanes,75 MPH,Straight,Level,Dry,Interstate,Rural,Interstate,Dark - Not Lighted,Clear,1,0,4,Fatal Injury (K)