,STATENAME,ST_CASE,VEH_NO,VE_FORMS,NUMOCCS,MAN_COLLNAME,HIT_RUN,TOW_VEH,GVWRNAME,V_CONFIGNAME,CARGO_BTNAME,HAZ_INV,ROLLOVERNAME,DEFORMEDNAME,VTRAFWAYNAME,VNUM_LANNAME,VSPD_LIMNAME,VALIGNNAME,VPROFILENAME,VSURCONDNAME,ROUTENAME,RUR_URBNAME,FUNC_SYSNAME,LGT_CONDNAME,WEATHERNAME,FATALS,DRUNK_DR,INJ_SEV,INJ_SEVNAME
22316,Florida,122950,2,3,2,Not a Collision with Motor Vehicle In-Transport,0,0,"26,001 lbs. or more",Single-Unit Truck (3 or more axles),Garbage/Refuse,1,No Rollover,Disabling Damage,"Two-Way,  Divided, Positive  Median Barrier",Four lanes,50 MPH,Straight,Level,Dry,U.S. Highway,Urban,Principal Arterial - Other,Dark - Lighted,Clear,1,1,2,Suspected Minor Injury (B)
22347,Florida,122972,2,2,1,Angle,0,1,"26,001 lbs. or more","Truck More Than 10,000 lbs, Cannot Classify",Cargo Tank,1,No Rollover,Functional Damage,"Two-Way,  Divided, Positive  Median Barrier",Five lanes,65 MPH,Straight,Level,Dry,Interstate,Urban,Interstate,Dark - Lighted,Clear,1,0,0,No Apparent Injury (O)
22359,Florida,122979,1,1,1,Not a Collision with Motor Vehicle In-Transport,0,1,"26,001 lbs. or more",Truck Tractor/Semi-Trailer,Van/Enclosed Box,1,No Rollover,No Damage,"Two-Way, Not Divided",Two lanes,35 MPH,Straight,Level,Dry,County Road,Urban,Major Collector,Daylight,Clear,1,0,0,No Apparent Injury (O)
22404,Florida,123005,1,1,1,Not a Collision with Motor Vehicle In-Transport,0,1,"26,001 lbs. or more",Truck Tractor/Semi-Trailer,Van/Enclosed Box,1,No Rollover,Minor Damage,"Two-Way,  Divided, Positive  Median Barrier",Six lanes,70 MPH,Straight,Hillcrest,Dry,Interstate,Urban,Interstate,Daylight,Clear,1,0,0,No Apparent Injury (O)
22537,Florida,123059,4,4,1,Front-to-Rear,0,1,"26,001 lbs. or more",Truck Tractor/Semi-Trailer,Van/Enclosed Box,1,No Rollover,Minor Damage,"Two-Way,  Divided, Positive  Median Barrier",Four lanes,55 MPH,Straight,Level,Dry,Interstate,Urban,Interstate,Dark - Not Lighted,Clear,1,0,0,No Apparent Injury (O)
22549,Florida,123062,8,8,1,Front-to-Rear,0,1,"26,001 lbs. or more",Truck Tractor/Semi-Trailer,Van/Enclosed Box,1,No Rollover,Minor Damage,"Two-Way,  Divided, Unprotected (Painted > 4 Feet ) Median",Six lanes,50 MPH,Straight,Level,Dry,Local Street - Township,Urban,Major Collector,Daylight,Clear,1,0,0,No Apparent Injury (O)
22613,Florida,123095,2,2,1,Other,0,1,"26,001 lbs. or more",Truck Tractor/Semi-Trailer,Pole-Trailer,1,No Rollover,No Damage,"Two-Way,  Divided, Positive  Median Barrier",Two lanes,45 MPH,Straight,Level,Wet,U.S. Highway,Urban,Principal Arterial - Other,Dark - Lighted,Clear,1,0,0,No Apparent Injury (O)
22721,Georgia,130026,1,1,1,Not a Collision with Motor Vehicle In-Transport,0,1,"26,001 lbs. or more",Truck Tractor/Semi-Trailer,Van/Enclosed Box,1,No Rollover,Disabling Damage,"Two-Way,  Divided, Positive  Median Barrier",Two lanes,70 MPH,Straight,Uphill,Dry,Interstate,Rural,Interstate,Daylight,Clear,1,0,4,Fatal Injury (K)
22778,Georgia,130058,2,2,1,Front-to-Rear,0,1,"26,001 lbs. or more",Truck Tractor/Semi-Trailer,Van/Enclosed Box,1,No Rollover,Functional Damage,"Two-Way,  Divided, Positive  Median Barrier",Four lanes,70 MPH,Straight,Level,Dry,Interstate,Urban,Interstate,Dark - Not Lighted,Clear,1,0,0,No Apparent Injury (O)
22783,Georgia,130061,1,1,2,Not a Collision with Motor Vehicle In-Transport,0,0,"26,001 lbs. or more","Single-Unit Truck (2- axle and GVWR more than 10,000 lbs)",Van/Enclosed Box,1,"Rollover, Tripped by Object/Vehicle",Disabling Damage,"Two-Way, Not Divided",Two lanes,55 MPH,Curve Right,Uphill,Dry,State Highway,Rural,Major Collector,Daylight,Clear,1,0,2,Suspected Minor Injury (B)
22784,Georgia,130061,1,1,2,Not a Collision with Motor Vehicle In-Transport,0,0,"26,001 lbs. or more","Single-Unit Truck (2- axle and GVWR more than 10,000 lbs)",Van/Enclosed Box,1,"Rollover, Tripped by Object/Vehicle",Disabling Damage,"Two-Way, Not Divided",Two lanes,55 MPH,Curve Right,Uphill,Dry,State Highway,Rural,Major Collector,Daylight,Clear,1,0,4,Fatal Injury (K)
22816,Georgia,130077,1,1,1,Not a Collision with Motor Vehicle In-Transport,0,1,"26,001 lbs. or more",Truck Tractor/Semi-Trailer,Van/Enclosed Box,1,No Rollover,Disabling Damage,"Two-Way,  Divided, Unprotected (Painted > 4 Feet ) Median",Four lanes,55 MPH,Straight,Level,Dry,State Highway,Rural,Principal Arterial - Other,Daylight,Clear,1,0,4,Fatal Injury (K)
22874,Georgia,130101,2,2,2,Front-to-Front,0,1,"26,001 lbs. or more",Truck Tractor/Semi-Trailer,Van/Enclosed Box,1,No Rollover,Disabling Damage,"Two-Way,  Divided, Positive  Median Barrier",Three lanes,70 MPH,Straight,Level,Dry,Interstate,Urban,Interstate,Dark - Not Lighted,Cloudy,1,1,0,No Apparent Injury (O)
22875,Georgia,130101,2,2,2,Front-to-Front,0,1,"26,001 lbs. or more",Truck Tractor/Semi-Trailer,Van/Enclosed Box,1,No Rollover,Disabling Damage,"Two-Way,  Divided, Positive  Median Barrier",Three lanes,70 MPH,Straight,Level,Dry,Interstate,Urban,Interstate,Dark - Not Lighted,Cloudy,1,1,2,Suspected Minor Injury (B)
22886,Georgia,130106,2,2,1,Front-to-Rear,0,1,"26,001 lbs. or more",Truck Tractor/Semi-Trailer,Van/Enclosed Box,1,No Rollover,Disabling Damage,"Two-Way,  Divided, Positive  Median Barrier",Two lanes,70 MPH,Straight,Level,Wet,Interstate,Rural,Interstate,Daylight,Cloudy,1,0,2,Suspected Minor Injury (B)
22934,Georgia,130128,2,3,2,Front-to-Rear,0,1,"26,001 lbs. or more",Truck Tractor/Semi-Trailer,Van/Enclosed Box,1,No Rollover,Minor Damage,"Two-Way,  Divided, Positive  Median Barrier",Three lanes,65 MPH,Straight,Level,Dry,Interstate,Urban,Interstate,Daylight,Clear,1,0,1,Possible Injury (C)
22935,Georgia,130128,2,3,2,Front-to-Rear,0,1,"26,001 lbs. or more",Truck Tractor/Semi-Trailer,Van/Enclosed Box,1,No Rollover,Minor Damage,"Two-Way,  Divided, Positive  Median Barrier",Three lanes,65 MPH,Straight,Level,Dry,Interstate,Urban,Interstate,Daylight,Clear,1,0,1,Possible Injury (C)
22960,Georgia,130136,1,2,1,Angle,0,1,"26,001 lbs. or more",Truck Tractor/Semi-Trailer,Van/Enclosed Box,1,No Rollover,Disabling Damage,"Two-Way, Not Divided",Two lanes,55 MPH,Straight,Hillcrest,Dry,State Highway,Rural,Minor Arterial,Daylight,Cloudy,1,0,0,No Apparent Injury (O)
22962,Georgia,130137,1,1,1,Not a Collision with Motor Vehicle In-Transport,0,0,"26,001 lbs. or more",Single-Unit Truck (3 or more axles),Van/Enclosed Box,1,"Rollover, Tripped by Object/Vehicle",Disabling Damage,"Two-Way, Not Divided",Four lanes,55 MPH,Straight,Level,Dry,U.S. Highway,Rural,Principal Arterial - Other,Daylight,Clear,1,0,4,Fatal Injury (K)
22974,Georgia,130143,2,2,1,Angle,0,0,"26,001 lbs. or more",Single-Unit Truck (3 or more axles),Dump,1,No Rollover,Functional Damage,"Two-Way, Not Divided",Two lanes,55 MPH,Straight,Level,Dry,State Highway,Rural,Major Collector,Daylight,Clear,1,0,0,No Apparent Injury (O)
23003,Georgia,130155,4,4,1,Front-to-Rear,0,1,"26,001 lbs. or more",Truck Tractor/Semi-Trailer,Van/Enclosed Box,1,No Rollover,Minor Damage,"Two-Way,  Divided, Positive  Median Barrier",Four lanes,65 MPH,Straight,Level,Dry,Interstate,Urban,Interstate,Dark - Not Lighted,Clear,1,0,0,No Apparent Injury (O)
23014,Georgia,130163,2,2,1,Angle,0,1,"26,001 lbs. or more",Truck Tractor/Semi-Trailer,Van/Enclosed Box,1,No Rollover,Disabling Damage,"Two-Way, Not Divided",Two lanes,55 MPH,Straight,Level,Wet,State Highway,Urban,Minor Arterial,Dark - Not Lighted,Cloudy,1,0,0,No Apparent Injury (O)
23031,Georgia,130170,1,1,2,Not a Collision with Motor Vehicle In-Transport,0,0,"26,001 lbs. or more",Truck Tractor (Bobtail),No Cargo Body Type,1,No Rollover,Minor Damage,"Two-Way,  Divided, Unprotected (Painted > 4 Feet ) Median",Three lanes,45 MPH,Straight,Level,Wet,State Highway,Urban,Principal Arterial - Other,Dark - Lighted,Rain,1,0,0,No Apparent Injury (O)
23032,Georgia,130170,1,1,2,Not a Collision with Motor Vehicle In-Transport,0,0,"26,001 lbs. or more",Truck Tractor (Bobtail),No Cargo Body Type,1,No Rollover,Minor Damage,"Two-Way,  Divided, Unprotected (Painted > 4 Feet ) Median",Three lanes,45 MPH,Straight,Level,Wet,State Highway,Urban,Principal Arterial - Other,Dark - Lighted,Rain,1,0,0,No Apparent Injury (O)
23053,Georgia,130178,2,3,1,Sideswipe - Opposite Direction,0,1,"26,001 lbs. or more",Truck Tractor/Semi-Trailer,Van/Enclosed Box,1,No Rollover,Disabling Damage,"Two-Way, Not Divided",Two lanes,55 MPH,Straight,Level,Dry,State Highway,Urban,Principal Arterial - Other,Daylight,Clear,1,0,1,Possible Injury (C)
23102,Georgia,130199,2,2,1,Angle,0,1,"26,001 lbs. or more",Truck Tractor/Semi-Trailer,Van/Enclosed Box,1,No Rollover,Minor Damage,"Two-Way,  Divided, Unprotected (Painted > 4 Feet ) Median",Three lanes,55 MPH,Straight,Level,Dry,State Highway,Rural,Principal Arterial - Other,Daylight,Clear,1,0,0,No Apparent Injury (O)
23111,Georgia,130205,2,2,1,Angle,0,1,"26,001 lbs. or more",Truck Tractor/Semi-Trailer,Dump,1,No Rollover,Disabling Damage,"Two-Way, Not Divided",Two lanes,55 MPH,Straight,Level,Dry,State Highway,Rural,Principal Arterial - Other,Daylight,Clear,1,0,1,Possible Injury (C)
23112,Georgia,130206,1,2,1,Angle,0,1,"26,001 lbs. or more",Truck Tractor/Semi-Trailer,Other,1,No Rollover,Disabling Damage,"Two-Way,  Divided, Unprotected (Painted > 4 Feet ) Median",Two lanes,55 MPH,Straight,Level,Dry,State Highway,Urban,Principal Arterial - Other,Daylight,Clear,1,0,0,No Apparent Injury (O)
23116,Georgia,130208,2,2,1,Front-to-Front,0,0,"26,001 lbs. or more",Single-Unit Truck (3 or more axles),Van/Enclosed Box,1,No Rollover,Disabling Damage,"Two-Way, Not Divided",Two lanes,35 MPH,Straight,Level,Dry,State Highway,Urban,Minor Arterial,Daylight,Cloudy,1,1,0,No Apparent Injury (O)
23170,Georgia,130231,2,2,1,Angle,0,0,"26,001 lbs. or more",Single-Unit Truck (3 or more axles),Garbage/Refuse,1,No Rollover,Functional Damage,"Two-Way, Not Divided",Two lanes,55 MPH,Straight,Level,Dry,County Road,Rural,Major Collector,Daylight,Clear,1,0,0,No Apparent Injury (O)
23172,Georgia,130232,2,3,1,Angle,0,0,"26,001 lbs. or more",Single-Unit Truck (3 or more axles),Cargo Tank,1,No Rollover,Disabling Damage,"Two-Way, Not Divided With a Continuous Left-Turn Lane",Five lanes,35 MPH,Straight,Level,Dry,U.S. Highway,Urban,Principal Arterial - Other,Daylight,Clear,1,0,0,No Apparent Injury (O)
23209,Georgia,130250,1,1,1,Not a Collision with Motor Vehicle In-Transport,0,1,"26,001 lbs. or more",Truck Tractor/Semi-Trailer,Van/Enclosed Box,1,No Rollover,Disabling Damage,"Two-Way,  Divided, Positive  Median Barrier",Three lanes,70 MPH,Straight,Level,Wet,Interstate,Urban,Interstate,Daylight,Rain,1,0,4,Fatal Injury (K)
23247,Georgia,130271,2,2,1,Angle,0,0,"26,001 lbs. or more",Single-Unit Truck (3 or more axles),Van/Enclosed Box,1,No Rollover,Disabling Damage,"Two-Way, Not Divided",Two lanes,55 MPH,Straight,Level,Dry,State Highway,Rural,Principal Arterial - Other,Daylight,Cloudy,1,0,0,No Apparent Injury (O)
23250,Georgia,130273,2,2,1,Not a Collision with Motor Vehicle In-Transport,0,1,"26,001 lbs. or more",Truck Tractor/Semi-Trailer,Cargo Tank,1,No Rollover,Minor Damage,"Two-Way, Not Divided With a Continuous Left-Turn Lane",Two lanes,30 MPH,Straight,"Grade, Unknown Slope",Dry,County Road,Urban,Local,Dark - Not Lighted,Clear,1,0,0,No Apparent Injury (O)
23262,Georgia,130277,4,4,2,Front-to-Rear,0,1,"26,001 lbs. or more",Truck Pulling Trailer(s),Van/Enclosed Box,1,No Rollover,Minor Damage,"Two-Way,  Divided, Positive  Median Barrier",Five lanes,65 MPH,Curve Left,Level,Dry,Interstate,Urban,Interstate,Dark - Not Lighted,Cloudy,1,0,0,No Apparent Injury (O)
23263,Georgia,130277,4,4,2,Front-to-Rear,0,1,"26,001 lbs. or more",Truck Pulling Trailer(s),Van/Enclosed Box,1,No Rollover,Minor Damage,"Two-Way,  Divided, Positive  Median Barrier",Five lanes,65 MPH,Curve Left,Level,Dry,Interstate,Urban,Interstate,Dark - Not Lighted,Cloudy,1,0,0,No Apparent Injury (O)
23290,Georgia,130291,1,2,1,Not a Collision with Motor Vehicle In-Transport,0,0,"26,001 lbs. or more",Single-Unit Truck (3 or more axles),Van/Enclosed Box,1,No Rollover,Functional Damage,"Two-Way, Not Divided",Two lanes,40 MPH,Curve Left,Level,Dry,State Highway,Rural,Principal Arterial - Other,Daylight,Cloudy,1,0,0,No Apparent Injury (O)
23312,Georgia,130300,2,2,1,Front-to-Front,0,0,"26,001 lbs. or more","Single-Unit Truck (2- axle and GVWR more than 10,000 lbs)",Van/Enclosed Box,1,No Rollover,Disabling Damage,"Two-Way, Not Divided",Two lanes,35 MPH,Curve Right,Level,Wet,County Road,Urban,Local,Daylight,Rain,1,0,0,No Apparent Injury (O)
23335,Georgia,130308,2,2,1,Front-to-Front,0,1,"26,001 lbs. or more",Truck Tractor/Semi-Trailer,Van/Enclosed Box,1,No Rollover,Disabling Damage,"Two-Way, Not Divided",Two lanes,55 MPH,Curve Left,Level,Dry,State Highway,Urban,Minor Arterial,Daylight,Clear,1,0,0,No Apparent Injury (O)
23346,Georgia,130315,1,3,1,Angle,0,1,"26,001 lbs. or more",Truck Tractor/Semi-Trailer,Van/Enclosed Box,1,No Rollover,Disabling Damage,"Two-Way, Not Divided",Two lanes,55 MPH,Straight,Uphill,Dry,State Highway,Urban,Local,Daylight,Clear,1,1,0,No Apparent Injury (O)
23439,Georgia,130358,2,2,1,Sideswipe - Same Direction,0,0,"26,001 lbs. or more",Truck Tractor (Bobtail),No Cargo Body Type,1,No Rollover,Functional Damage,Entrance/Exit Ramp,Two lanes,65 MPH,Straight,Level,Dry,Interstate,Urban,Interstate,Daylight,Clear,1,1,0,No Apparent Injury (O)
23451,Georgia,130363,1,1,1,Not a Collision with Motor Vehicle In-Transport,0,0,"26,001 lbs. or more",Single-Unit Truck (3 or more axles),Van/Enclosed Box,1,"Rollover, Tripped by Object/Vehicle",Disabling Damage,"Two-Way,  Divided, Unprotected (Painted > 4 Feet ) Median",Two lanes,65 MPH,Curve Left,Level,Dry,U.S. Highway,Rural,Principal Arterial - Other,Daylight,Clear,1,0,4,Fatal Injury (K)
23457,Georgia,130367,2,2,1,Angle,0,1,"26,001 lbs. or more",Truck Tractor/Semi-Trailer,Flatbed,1,No Rollover,Disabling Damage,"Two-Way, Not Divided With a Continuous Left-Turn Lane",Five lanes,50 MPH,Straight,Level,Dry,U.S. Highway,Rural,Principal Arterial - Other,Daylight,Clear,1,0,0,No Apparent Injury (O)
23465,Georgia,130370,1,2,1,Angle,0,1,"26,001 lbs. or more",Truck Tractor/Semi-Trailer,Flatbed,1,"Rollover, Tripped by Object/Vehicle",Disabling Damage,"Two-Way,  Divided, Unprotected (Painted > 4 Feet ) Median",Two lanes,60 MPH,Straight,Downhill,Dry,U.S. Highway,Urban,Principal Arterial - Other,Daylight,Cloudy,1,0,2,Suspected Minor Injury (B)
23470,Georgia,130373,1,1,1,Not a Collision with Motor Vehicle In-Transport,0,1,"26,001 lbs. or more",Truck Tractor/Semi-Trailer,Van/Enclosed Box,1,"Rollover, Tripped by Object/Vehicle",Disabling Damage,"Two-Way, Not Divided",Two lanes,55 MPH,Curve Right,Downhill,Dry,State Highway,Rural,Minor Arterial,Daylight,Clear,1,0,4,Fatal Injury (K)
23520,Georgia,130394,1,1,1,Not a Collision with Motor Vehicle In-Transport,0,0,"26,001 lbs. or more",Truck Tractor (Bobtail),No Cargo Body Type,1,No Rollover,Disabling Damage,"Two-Way,  Divided, Positive  Median Barrier",Four lanes,55 MPH,Straight,Level,Dry,Interstate,Urban,Interstate,Daylight,Clear,1,0,4,Fatal Injury (K)
23522,Georgia,130395,2,2,1,Angle,0,1,"26,001 lbs. or more",Truck Tractor/Semi-Trailer,Van/Enclosed Box,1,No Rollover,Disabling Damage,"Two-Way, Not Divided",Two lanes,55 MPH,Straight,Level,Dry,State Highway,Rural,Major Collector,Daylight,Clear,1,0,0,No Apparent Injury (O)
23524,Georgia,130396,2,2,3,Front-to-Rear,0,0,"26,001 lbs. or more","Single-Unit Truck (2- axle and GVWR more than 10,000 lbs)",Van/Enclosed Box,1,No Rollover,Disabling Damage,"Two-Way,  Divided, Positive  Median Barrier",Three lanes,70 MPH,Straight,Level,Dry,Interstate,Urban,Interstate,Dark - Not Lighted,Clear,1,0,0,No Apparent Injury (O)
23525,Georgia,130396,2,2,3,Front-to-Rear,0,0,"26,001 lbs. or more","Single-Unit Truck (2- axle and GVWR more than 10,000 lbs)",Van/Enclosed Box,1,No Rollover,Disabling Damage,"Two-Way,  Divided, Positive  Median Barrier",Three lanes,70 MPH,Straight,Level,Dry,Interstate,Urban,Interstate,Dark - Not Lighted,Clear,1,0,2,Suspected Minor Injury (B)
23526,Georgia,130396,2,2,3,Front-to-Rear,0,0,"26,001 lbs. or more","Single-Unit Truck (2- axle and GVWR more than 10,000 lbs)",Van/Enclosed Box,1,No Rollover,Disabling Damage,"Two-Way,  Divided, Positive  Median Barrier",Three lanes,70 MPH,Straight,Level,Dry,Interstate,Urban,Interstate,Dark - Not Lighted,Clear,1,0,2,Suspected Minor Injury (B)
23529,Georgia,130397,3,3,1,Front-to-Rear,0,1,"26,001 lbs. or more",Truck Tractor/Semi-Trailer,Van/Enclosed Box,1,No Rollover,Minor Damage,"Two-Way,  Divided, Positive  Median Barrier",Three lanes,70 MPH,Straight,Level,Dry,Interstate,Urban,Interstate,Dark - Not Lighted,Clear,1,0,0,No Apparent Injury (O)
23530,Georgia,130398,1,5,1,Front-to-Rear,0,1,"26,001 lbs. or more",Truck Tractor/Semi-Trailer,Van/Enclosed Box,1,No Rollover,Disabling Damage,"Two-Way,  Divided, Positive  Median Barrier",Three lanes,70 MPH,Straight,Uphill,Dry,Interstate,Rural,Interstate,Dark - Not Lighted,Clear,1,0,4,Fatal Injury (K)
23531,Georgia,130398,2,5,1,Front-to-Rear,0,1,"26,001 lbs. or more",Truck Tractor/Semi-Trailer,Van/Enclosed Box,1,No Rollover,Disabling Damage,"Two-Way,  Divided, Positive  Median Barrier",Three lanes,70 MPH,Straight,Uphill,Dry,Interstate,Rural,Interstate,Dark - Not Lighted,Clear,1,0,0,No Apparent Injury (O)
23535,Georgia,130398,4,5,1,Front-to-Rear,0,1,"26,001 lbs. or more",Truck Tractor/Semi-Trailer,Van/Enclosed Box,1,No Rollover,Minor Damage,"Two-Way,  Divided, Positive  Median Barrier",Three lanes,70 MPH,Straight,Uphill,Dry,Interstate,Rural,Interstate,Dark - Not Lighted,Clear,1,0,0,No Apparent Injury (O)
23536,Georgia,130398,5,5,2,Front-to-Rear,0,1,"26,001 lbs. or more",Truck Tractor/Semi-Trailer,Van/Enclosed Box,1,No Rollover,Minor Damage,"Two-Way,  Divided, Positive  Median Barrier",Three lanes,70 MPH,Straight,Uphill,Dry,Interstate,Rural,Interstate,Dark - Not Lighted,Clear,1,0,0,No Apparent Injury (O)
23537,Georgia,130398,5,5,2,Front-to-Rear,0,1,"26,001 lbs. or more",Truck Tractor/Semi-Trailer,Van/Enclosed Box,1,No Rollover,Minor Damage,"Two-Way,  Divided, Positive  Median Barrier",Three lanes,70 MPH,Straight,Uphill,Dry,Interstate,Rural,Interstate,Dark - Not Lighted,Clear,1,0,0,No Apparent Injury (O)
23552,Georgia,130406,2,3,1,Sideswipe - Same Direction,0,1,"26,001 lbs. or more",Truck Tractor/Semi-Trailer,Cargo Tank,1,No Rollover,Minor Damage,"Two-Way,  Divided, Positive  Median Barrier",Five lanes,65 MPH,Straight,Level,Dry,Interstate,Urban,Interstate,Dark - Lighted,Clear,1,0,0,No Apparent Injury (O)
23649,Georgia,130447,5,4,1,Not a Collision with Motor Vehicle In-Transport,0,0,"26,001 lbs. or more",Truck Tractor (Bobtail),No Cargo Body Type,1,No Rollover,Minor Damage,"Two-Way, Not Divided",Four lanes,45 MPH,Straight,Level,Dry,U.S. Highway,Urban,Minor Arterial,Daylight,Clear,1,0,0,No Apparent Injury (O)
23660,Georgia,130451,2,2,1,Front-to-Rear,0,1,"26,001 lbs. or more",Truck Tractor/Semi-Trailer,Van/Enclosed Box,1,No Rollover,Functional Damage,"Two-Way,  Divided, Unprotected (Painted > 4 Feet ) Median",Two lanes,70 MPH,Straight,Level,Dry,Interstate,Rural,Interstate,Daylight,Clear,1,0,0,No Apparent Injury (O)
23688,Georgia,130464,2,2,1,Angle,0,1,"26,001 lbs. or more",Truck Tractor/Semi-Trailer,Van/Enclosed Box,1,No Rollover,Disabling Damage,"Two-Way, Not Divided",Four lanes,55 MPH,Straight,Level,Dry,U.S. Highway,Urban,Minor Arterial,Dark - Not Lighted,Clear,1,1,2,Suspected Minor Injury (B)
23697,Georgia,130470,2,2,1,Front-to-Front,0,1,"26,001 lbs. or more",Truck Tractor/Semi-Trailer,Van/Enclosed Box,1,No Rollover,Disabling Damage,"Two-Way, Not Divided",Four lanes,35 MPH,Curve Left,Downhill,Dry,Local Street - Municipality,Urban,Principal Arterial - Other,Dark - Not Lighted,Clear,2,0,1,Possible Injury (C)
23778,Georgia,130508,1,1,1,Not a Collision with Motor Vehicle In-Transport,0,1,"26,001 lbs. or more",Truck Tractor/Semi-Trailer,Van/Enclosed Box,1,"Rollover, Tripped by Object/Vehicle",Disabling Damage,"Two-Way, Not Divided",Two lanes,55 MPH,Straight,Level,Dry,State Highway,Rural,Principal Arterial - Other,Daylight,Clear,1,0,4,Fatal Injury (K)
23806,Georgia,130516,1,2,1,Not a Collision with Motor Vehicle In-Transport,0,1,"26,001 lbs. or more",Truck Tractor/Semi-Trailer,Van/Enclosed Box,1,No Rollover,Functional Damage,"Two-Way,  Divided, Positive  Median Barrier",Three lanes,70 MPH,Straight,Level,Dry,Interstate,Urban,Interstate,Dark - Not Lighted,Clear,1,0,0,No Apparent Injury (O)
23819,Georgia,130522,2,2,1,Angle,0,6,"26,001 lbs. or more",Single-Unit Truck (3 or more axles),Van/Enclosed Box,1,No Rollover,Minor Damage,"Two-Way, Not Divided",Two lanes,45 MPH,Straight,Downhill,Dry,State Highway,Urban,Minor Arterial,Daylight,Clear,1,0,0,No Apparent Injury (O)
23821,Georgia,130523,2,2,1,Angle,0,1,"26,001 lbs. or more",Truck Tractor/Semi-Trailer,Van/Enclosed Box,1,No Rollover,Functional Damage,"Two-Way, Not Divided With a Continuous Left-Turn Lane",Four lanes,45 MPH,Curve Right,Downhill,Dry,State Highway,Rural,Principal Arterial - Other,Daylight,Clear,1,0,0,No Apparent Injury (O)
23863,Georgia,130544,1,1,1,Not a Collision with Motor Vehicle In-Transport,0,1,"26,001 lbs. or more",Truck Tractor/Semi-Trailer,Van/Enclosed Box,1,"Rollover, Tripped by Object/Vehicle",Disabling Damage,"Two-Way,  Divided, Positive  Median Barrier",Five lanes,65 MPH,Straight,"Grade, Unknown Slope",Dry,Interstate,Urban,Interstate,Daylight,Clear,1,0,4,Fatal Injury (K)
23870,Georgia,130549,2,2,1,Angle,0,1,"26,001 lbs. or more",Truck Tractor/Semi-Trailer,Van/Enclosed Box,1,No Rollover,Functional Damage,"Two-Way,  Divided, Unprotected (Painted > 4 Feet ) Median",Three lanes,45 MPH,Straight,Level,Dry,State Highway,Urban,Principal Arterial - Other,Daylight,Clear,1,0,0,No Apparent Injury (O)
23945,Georgia,130589,1,1,1,Not a Collision with Motor Vehicle In-Transport,0,0,"26,001 lbs. or more",Single-Unit Truck (3 or more axles),Dump,1,No Rollover,Minor Damage,"Two-Way, Not Divided With a Continuous Left-Turn Lane",Five lanes,35 MPH,Straight,Level,Dry,Local Street - Municipality,Urban,Principal Arterial - Other,Daylight,Clear,1,0,0,No Apparent Injury (O)
23967,Georgia,130598,1,2,1,Front-to-Front,0,0,"26,001 lbs. or more",Single-Unit Truck (3 or more axles),Van/Enclosed Box,1,No Rollover,Disabling Damage,"Two-Way, Not Divided",Two lanes,45 MPH,Straight,Level,Dry,State Highway,Urban,Principal Arterial - Other,Dark - Not Lighted,Clear,1,0,0,No Apparent Injury (O)
23978,Georgia,130602,2,3,1,Front-to-Rear,0,1,"26,001 lbs. or more",Truck Tractor/Semi-Trailer,Van/Enclosed Box,1,No Rollover,Functional Damage,"Two-Way,  Divided, Positive  Median Barrier",Three lanes,70 MPH,Straight,Level,Dry,Interstate,Rural,Interstate,Dark - Not Lighted,Cloudy,1,1,0,No Apparent Injury (O)
23987,Georgia,130606,2,2,1,Front-to-Front,0,1,"26,001 lbs. or more",Truck Tractor/Semi-Trailer,Van/Enclosed Box,1,No Rollover,Disabling Damage,"Two-Way, Not Divided",Two lanes,55 MPH,Straight,Level,Dry,U.S. Highway,Rural,Minor Arterial,Daylight,Clear,1,0,3,Suspected Serious Injury (A)
24043,Georgia,130631,3,3,1,Sideswipe - Same Direction,0,1,"26,001 lbs. or more",Truck Tractor/Semi-Trailer,Van/Enclosed Box,1,No Rollover,Disabling Damage,"Two-Way, Not Divided",Two lanes,55 MPH,Straight,Level,Dry,U.S. Highway,Rural,Principal Arterial - Other,Daylight,Clear,1,0,4,Fatal Injury (K)
24112,Georgia,130661,1,1,1,Not a Collision with Motor Vehicle In-Transport,0,1,"26,001 lbs. or more",Truck Tractor/Semi-Trailer,Van/Enclosed Box,1,No Rollover,Functional Damage,"Two-Way, Not Divided",Two lanes,55 MPH,Straight,Level,Dry,State Highway,Rural,Principal Arterial - Other,Dark - Not Lighted,Clear,1,0,0,No Apparent Injury (O)
24123,Georgia,130664,1,1,1,Not a Collision with Motor Vehicle In-Transport,0,1,"26,001 lbs. or more",Truck Tractor/Semi-Trailer,Log,1,No Rollover,Minor Damage,"Two-Way, Not Divided",Two lanes,55 MPH,Straight,Level,Dry,Local Street - Municipality,Rural,Local,Dark - Not Lighted,Clear,1,0,0,No Apparent Injury (O)
24134,Georgia,130669,2,2,1,Angle,0,1,"26,001 lbs. or more",Truck Tractor/Semi-Trailer,Flatbed,1,No Rollover,Functional Damage,"Two-Way,  Divided, Positive  Median Barrier",Six lanes,70 MPH,Straight,Level,Dry,Interstate,Urban,Interstate,Daylight,Clear,2,0,2,Suspected Minor Injury (B)