,STATENAME,ST_CASE,VEH_NO,VE_FORMS,NUMOCCS,MAN_COLLNAME,HIT_RUN,TOW_VEH,GVWRNAME,V_CONFIGNAME,CARGO_BTNAME,HAZ_INV,ROLLOVERNAME,DEFORMEDNAME,VTRAFWAYNAME,VNUM_LANNAME,VSPD_LIMNAME,VALIGNNAME,VPROFILENAME,VSURCONDNAME,ROUTENAME,RUR_URBNAME,FUNC_SYSNAME,LGT_CONDNAME,WEATHERNAME,FATALS,DRUNK_DR,INJ_SEV,INJ_SEVNAME
32537,Kentucky,210110,2,2,1,Front-to-Front,0,1,"26,001 lbs. or more",Truck Tractor/Semi-Trailer,Dump,1,No Rollover,Disabling Damage,"Two-Way, Not Divided",Two lanes,55 MPH,Curve - Unknown Direction,Level,Dry,U.S. Highway,Rural,Minor Arterial,Daylight,Clear,1,1,0,No Apparent Injury (O)
32546,Kentucky,210115,2,2,1,Front-to-Front,0,1,"26,001 lbs. or more",Truck Tractor/Semi-Trailer,Van/Enclosed Box,1,No Rollover,Functional Damage,"Two-Way, Not Divided",Two lanes,55 MPH,Straight,"Grade, Unknown Slope",Dry,U.S. Highway,Rural,Major Collector,Daylight,Clear,1,0,0,No Apparent Injury (O)
32571,Kentucky,210123,1,3,1,Sideswipe - Opposite Direction,1,1,"26,001 lbs. or more",Truck Tractor/Semi-Trailer,Dump,1,No Rollover,Disabling Damage,"Two-Way, Not Divided",Three lanes,55 MPH,Curve - Unknown Direction,"Grade, Unknown Slope",Dry,U.S. Highway,Rural,Principal Arterial - Other,Daylight,Clear,2,0,0,No Apparent Injury (O)
32601,Kentucky,210138,1,4,1,Sideswipe - Same Direction,0,5,"26,001 lbs. or more",Truck Pulling Trailer(s),Vehicle Towing Another Motor Vehicle,1,No Rollover,Disabling Damage,"Two-Way,  Divided, Positive  Median Barrier",Three lanes,65 MPH,Straight,"Grade, Unknown Slope",Dry,Interstate,Urban,Interstate,Daylight,Clear,1,0,0,No Apparent Injury (O)
32625,Kentucky,210149,2,2,1,Sideswipe - Opposite Direction,0,1,"26,001 lbs. or more",Truck Tractor/Semi-Trailer,Flatbed,1,No Rollover,Disabling Damage,"Two-Way, Not Divided",Three lanes,55 MPH,Curve - Unknown Direction,"Grade, Unknown Slope",Wet,U.S. Highway,Rural,Principal Arterial - Other,Daylight,Cloudy,1,0,0,No Apparent Injury (O)
32711,Kentucky,210182,1,2,1,Front-to-Rear,0,0,"26,001 lbs. or more",Single-Unit Truck (3 or more axles),Dump,1,No Rollover,Functional Damage,"Two-Way,  Divided, Unprotected (Painted > 4 Feet ) Median",Two lanes,70 MPH,Straight,"Grade, Unknown Slope",Dry,State Highway,Rural,Principal Arterial - Other Freeways and Expressways,Daylight,Clear,2,0,0,No Apparent Injury (O)
32734,Kentucky,210190,1,2,1,Front-to-Rear,0,1,"26,001 lbs. or more",Truck Tractor/Semi-Trailer,Van/Enclosed Box,1,No Rollover,Disabling Damage,"Two-Way,  Divided, Unprotected (Painted > 4 Feet ) Median",Two lanes,65 MPH,Straight,Level,Dry,U.S. Highway,Rural,Principal Arterial - Other,Daylight,Cloudy,1,1,0,No Apparent Injury (O)
32776,Kentucky,210210,2,2,1,Front-to-Rear,0,1,"26,001 lbs. or more",Truck Tractor/Semi-Trailer,Van/Enclosed Box,1,No Rollover,Minor Damage,"Two-Way, Not Divided With a Continuous Left-Turn Lane",Three lanes,55 MPH,Straight,"Grade, Unknown Slope",Wet,State Highway,Rural,Principal Arterial - Other,Daylight,Clear,1,0,0,No Apparent Injury (O)
32781,Kentucky,210213,2,2,3,Angle,0,0,"26,001 lbs. or more","Single-Unit Truck (2- axle and GVWR more than 10,000 lbs)",Other,1,No Rollover,Disabling Damage,"Two-Way,  Divided, Unprotected (Painted > 4 Feet ) Median",Two lanes,45 MPH,Straight,"Grade, Unknown Slope",Wet,Local Street - Township,Urban,Local,Daylight,Cloudy,1,0,2,Suspected Minor Injury (B)
32782,Kentucky,210213,2,2,3,Angle,0,0,"26,001 lbs. or more","Single-Unit Truck (2- axle and GVWR more than 10,000 lbs)",Other,1,No Rollover,Disabling Damage,"Two-Way,  Divided, Unprotected (Painted > 4 Feet ) Median",Two lanes,45 MPH,Straight,"Grade, Unknown Slope",Wet,Local Street - Township,Urban,Local,Daylight,Cloudy,1,0,2,Suspected Minor Injury (B)
32783,Kentucky,210213,2,2,3,Angle,0,0,"26,001 lbs. or more","Single-Unit Truck (2- axle and GVWR more than 10,000 lbs)",Other,1,No Rollover,Disabling Damage,"Two-Way,  Divided, Unprotected (Painted > 4 Feet ) Median",Two lanes,45 MPH,Straight,"Grade, Unknown Slope",Wet,Local Street - Township,Urban,Local,Daylight,Cloudy,1,0,0,No Apparent Injury (O)
32786,Kentucky,210215,2,2,1,Angle,0,1,"26,001 lbs. or more",Truck Tractor/Semi-Trailer,Van/Enclosed Box,1,No Rollover,Disabling Damage,"Two-Way, Not Divided",Four lanes,55 MPH,Straight,Level,Dry,U.S. Highway,Rural,Principal Arterial - Other,Daylight,Clear,1,0,0,No Apparent Injury (O)
32813,Kentucky,210225,2,2,1,Front-to-Front,0,1,"26,001 lbs. or more",Truck Tractor/Semi-Trailer,Flatbed,1,"Rollover, Untripped",Disabling Damage,"Two-Way,  Divided, Unprotected (Painted > 4 Feet ) Median",Two lanes,70 MPH,Straight,Level,Dry,State Highway,Rural,Principal Arterial - Other,Daylight,Clear,1,1,2,Suspected Minor Injury (B)
32851,Kentucky,210245,3,3,1,Rear-to-Side,0,0,"26,001 lbs. or more",Single-Unit Truck (3 or more axles),Flatbed,1,No Rollover,Functional Damage,"Two-Way, Not Divided",Two lanes,55 MPH,Straight,"Grade, Unknown Slope",Dry,U.S. Highway,Rural,Minor Arterial,Daylight,Cloudy,1,0,0,No Apparent Injury (O)
32923,Kentucky,210275,2,2,1,Front-to-Rear,0,2,"26,001 lbs. or more",Truck Tractor/Double,Cargo Tank,2,No Rollover,Functional Damage,"Two-Way,  Divided, Unprotected (Painted > 4 Feet ) Median",Two lanes,70 MPH,Straight,"Grade, Unknown Slope",Dry,State Highway,Rural,Principal Arterial - Other Freeways and Expressways,Daylight,Clear,1,0,0,No Apparent Injury (O)
32925,Kentucky,210276,2,2,1,Front-to-Front,0,1,"26,001 lbs. or more",Truck Tractor/Semi-Trailer,Van/Enclosed Box,1,No Rollover,Disabling Damage,"Two-Way, Not Divided",Two lanes,55 MPH,Straight,"Grade, Unknown Slope",Dry,U.S. Highway,Rural,Minor Arterial,Dark - Not Lighted,"Fog, Smog, Smoke",1,1,0,No Apparent Injury (O)
33000,Kentucky,210304,1,2,1,Front-to-Rear,0,2,"26,001 lbs. or more",Truck Tractor/Double,Van/Enclosed Box,1,No Rollover,Disabling Damage,"Two-Way,  Divided, Unprotected (Painted > 4 Feet ) Median",Two lanes,55 MPH,Straight,"Grade, Unknown Slope",Dry,U.S. Highway,Urban,Principal Arterial - Other,Daylight,Clear,1,0,0,No Apparent Injury (O)
33008,Kentucky,210307,2,2,1,Angle,0,1,"26,001 lbs. or more",Truck Tractor/Semi-Trailer,Van/Enclosed Box,1,No Rollover,Functional Damage,"Two-Way, Not Divided With a Continuous Left-Turn Lane",Five lanes,45 MPH,Straight,"Grade, Unknown Slope",Dry,U.S. Highway,Urban,Principal Arterial - Other,Daylight,Cloudy,1,0,0,No Apparent Injury (O)
33026,Kentucky,210315,3,3,1,Front-to-Front,0,1,"26,001 lbs. or more",Truck Tractor/Semi-Trailer,Cargo Tank,1,No Rollover,Disabling Damage,"Two-Way, Not Divided With a Continuous Left-Turn Lane",Five lanes,45 MPH,Straight,Level,Dry,U.S. Highway,Urban,Principal Arterial - Other,Daylight,Clear,1,0,0,No Apparent Injury (O)
33065,Kentucky,210327,3,3,1,Front-to-Front,0,0,"26,001 lbs. or more",Single-Unit Truck (3 or more axles),Flatbed,1,No Rollover,Disabling Damage,"Two-Way, Not Divided",Two lanes,55 MPH,Curve - Unknown Direction,Level,Wet,U.S. Highway,Rural,Minor Arterial,Daylight,Cloudy,1,0,0,No Apparent Injury (O)
33076,Kentucky,210336,2,2,1,Angle,0,1,"26,001 lbs. or more",Truck Tractor/Semi-Trailer,Van/Enclosed Box,1,No Rollover,Disabling Damage,"Two-Way, Not Divided",Two lanes,55 MPH,Straight,"Grade, Unknown Slope",Dry,State Highway,Rural,Minor Collector,Daylight,Clear,1,0,0,No Apparent Injury (O)
33084,Kentucky,210341,2,2,1,Not a Collision with Motor Vehicle In-Transport,0,0,"26,001 lbs. or more",Single-Unit Truck (3 or more axles),Garbage/Refuse,1,"Rollover, Tripped by Object/Vehicle",Disabling Damage,"Two-Way,  Divided, Unprotected (Painted > 4 Feet ) Median",Four lanes,55 MPH,Straight,"Grade, Unknown Slope",Dry,U.S. Highway,Urban,Minor Arterial,Daylight,Clear,1,0,1,Possible Injury (C)
33130,Kentucky,210362,2,2,2,Front-to-Rear,0,1,"26,001 lbs. or more",Truck Tractor/Semi-Trailer,Van/Enclosed Box,1,No Rollover,Disabling Damage,"Two-Way,  Divided, Positive  Median Barrier",Two lanes,70 MPH,Curve - Unknown Direction,"Grade, Unknown Slope",Dry,Interstate,Rural,Interstate,Dark - Not Lighted,Cloudy,1,1,0,No Apparent Injury (O)
33131,Kentucky,210362,2,2,2,Front-to-Rear,0,1,"26,001 lbs. or more",Truck Tractor/Semi-Trailer,Van/Enclosed Box,1,No Rollover,Disabling Damage,"Two-Way,  Divided, Positive  Median Barrier",Two lanes,70 MPH,Curve - Unknown Direction,"Grade, Unknown Slope",Dry,Interstate,Rural,Interstate,Dark - Not Lighted,Cloudy,1,1,0,No Apparent Injury (O)
33193,Kentucky,210390,1,1,1,Not a Collision with Motor Vehicle In-Transport,0,0,"26,001 lbs. or more","Single-Unit Truck (2- axle and GVWR more than 10,000 lbs)",Cargo Tank,2,"Rollover, Untripped",Disabling Damage,"Two-Way, Not Divided",Two lanes,55 MPH,Curve Left,Downhill,Dry,State Highway,Rural,Minor Collector,Daylight,Clear,1,0,4,Fatal Injury (K)
33199,Kentucky,210392,1,3,1,Angle,0,1,"26,001 lbs. or more",Truck Tractor/Semi-Trailer,Intermodal Container Chassis,1,No Rollover,Functional Damage,"Two-Way,  Divided, Unprotected (Painted > 4 Feet ) Median",Two lanes,55 MPH,Straight,"Grade, Unknown Slope",Dry,U.S. Highway,Rural,Principal Arterial - Other,Daylight,Clear,1,0,0,No Apparent Injury (O)
33202,Kentucky,210393,1,1,1,Not a Collision with Motor Vehicle In-Transport,0,1,"26,001 lbs. or more",Truck Tractor/Semi-Trailer,Dump,1,"Rollover, Tripped by Object/Vehicle",Disabling Damage,"Two-Way, Not Divided",Two lanes,55 MPH,Straight,"Grade, Unknown Slope",Wet,State Highway,Rural,Major Collector,Daylight,Rain,1,0,4,Fatal Injury (K)
33263,Kentucky,210415,1,2,1,Not a Collision with Motor Vehicle In-Transport,0,1,"26,001 lbs. or more",Truck Tractor/Semi-Trailer,Van/Enclosed Box,1,No Rollover,Minor Damage,"Two-Way, Not Divided",Two lanes,55 MPH,Straight,Level,Dry,U.S. Highway,Rural,Major Collector,Daylight,Clear,1,0,0,No Apparent Injury (O)
33270,Kentucky,210418,1,2,2,Front-to-Rear,0,1,"26,001 lbs. or more",Truck Tractor/Semi-Trailer,Van/Enclosed Box,1,No Rollover,Functional Damage,"Two-Way,  Divided, Unprotected (Painted > 4 Feet ) Median",Two lanes,70 MPH,Straight,Level,Dry,Interstate,Rural,Interstate,Dark - Lighted,Clear,1,0,0,No Apparent Injury (O)
33271,Kentucky,210418,1,2,2,Front-to-Rear,0,1,"26,001 lbs. or more",Truck Tractor/Semi-Trailer,Van/Enclosed Box,1,No Rollover,Functional Damage,"Two-Way,  Divided, Unprotected (Painted > 4 Feet ) Median",Two lanes,70 MPH,Straight,Level,Dry,Interstate,Rural,Interstate,Dark - Lighted,Clear,1,0,0,No Apparent Injury (O)
33281,Kentucky,210423,2,2,1,Angle,0,1,"26,001 lbs. or more",Truck Tractor/Semi-Trailer,Van/Enclosed Box,1,"Rollover, Tripped by Object/Vehicle",Disabling Damage,"Two-Way,  Divided, Positive  Median Barrier",Two lanes,55 MPH,Straight,Level,Dry,Interstate,Rural,Interstate,Daylight,Clear,1,0,4,Fatal Injury (K)
33289,Kentucky,210425,2,3,1,Front-to-Rear,0,1,"26,001 lbs. or more",Truck Tractor/Semi-Trailer,Flatbed,1,No Rollover,Disabling Damage,"Two-Way,  Divided, Positive  Median Barrier",Three lanes,45 MPH,Straight,"Grade, Unknown Slope",Dry,Interstate,Urban,Interstate,Daylight,Clear,1,1,0,No Apparent Injury (O)
33291,Kentucky,210426,1,2,1,Front-to-Rear,0,1,"26,001 lbs. or more",Truck Tractor/Semi-Trailer,Van/Enclosed Box,1,No Rollover,Disabling Damage,"Two-Way,  Divided, Unprotected (Painted > 4 Feet ) Median",Two lanes,70 MPH,Straight,"Grade, Unknown Slope",Dry,Interstate,Rural,Interstate,Daylight,Clear,2,0,0,No Apparent Injury (O)
33309,Kentucky,210435,2,2,1,Front-to-Rear,0,1,"26,001 lbs. or more",Truck Tractor/Semi-Trailer,Van/Enclosed Box,1,No Rollover,Minor Damage,"Two-Way,  Divided, Unprotected (Painted > 4 Feet ) Median",Three lanes,70 MPH,Straight,Level,Dry,Interstate,Rural,Interstate,Dark - Not Lighted,Clear,1,0,0,No Apparent Injury (O)
33365,Kentucky,210459,2,2,1,Angle,0,1,"26,001 lbs. or more",Truck Tractor/Semi-Trailer,Van/Enclosed Box,1,No Rollover,Functional Damage,"Two-Way,  Divided, Positive  Median Barrier",Three lanes,65 MPH,Straight,"Grade, Unknown Slope",Dry,Interstate,Urban,Interstate,Daylight,Clear,1,0,0,No Apparent Injury (O)
33447,Kentucky,210489,2,2,1,Angle,0,1,"26,001 lbs. or more",Truck Tractor/Semi-Trailer,Grain/ Chips/ Gravel,1,No Rollover,Functional Damage,"Two-Way, Not Divided",Four lanes,45 MPH,Straight,Level,Dry,State Highway,Urban,Minor Arterial,Daylight,Clear,1,0,0,No Apparent Injury (O)
33466,Kentucky,210497,1,3,1,Front-to-Front,0,0,"26,001 lbs. or more",Single-Unit Truck (3 or more axles),Garbage/Refuse,1,"Rollover, Tripped by Object/Vehicle",Disabling Damage,"Two-Way, Not Divided",Two lanes,55 MPH,Straight,Hillcrest,Dry,U.S. Highway,Urban,Minor Collector,Daylight,Clear,1,0,1,Possible Injury (C)
33467,Kentucky,210497,2,3,1,Front-to-Front,0,0,"26,001 lbs. or more",Single-Unit Truck (3 or more axles),Garbage/Refuse,1,No Rollover,Disabling Damage,"Two-Way, Not Divided",Two lanes,55 MPH,Straight,Hillcrest,Dry,U.S. Highway,Urban,Minor Collector,Daylight,Clear,1,0,1,Possible Injury (C)
33503,Kentucky,210516,2,2,1,Sideswipe - Same Direction,0,1,"26,001 lbs. or more",Truck Tractor/Semi-Trailer,Cargo Tank,1,No Rollover,Minor Damage,"Two-Way,  Divided, Unprotected (Painted > 4 Feet ) Median",Two lanes,55 MPH,Straight,Level,Dry,Interstate,Rural,Interstate,Daylight,Clear,1,0,0,No Apparent Injury (O)
33634,Kentucky,210574,2,2,1,Not a Collision with Motor Vehicle In-Transport,0,0,"26,001 lbs. or more","Single-Unit Truck (2- axle and GVWR more than 10,000 lbs)",Garbage/Refuse,1,No Rollover,Minor Damage,"Two-Way, Not Divided",Two lanes,55 MPH,Straight,Hillcrest,Wet,U.S. Highway,Rural,Major Collector,Dark - Not Lighted,Rain,1,0,0,No Apparent Injury (O)
33638,Kentucky,210576,2,2,1,Front-to-Rear,0,1,"26,001 lbs. or more",Truck Tractor/Semi-Trailer,Van/Enclosed Box,1,No Rollover,Functional Damage,"Two-Way,  Divided, Positive  Median Barrier",Four lanes,55 MPH,Straight,Level,Dry,Interstate,Urban,Interstate,Dark - Lighted,Cloudy,1,0,0,No Apparent Injury (O)
33655,Kentucky,210583,2,2,1,Angle,0,1,"26,001 lbs. or more",Truck Tractor/Semi-Trailer,Van/Enclosed Box,1,No Rollover,Disabling Damage,"Two-Way, Not Divided",Six lanes,55 MPH,Straight,"Grade, Unknown Slope",Dry,U.S. Highway,Rural,Major Collector,Dark - Lighted,Clear,1,1,1,Possible Injury (C)
33692,Kentucky,210597,1,1,1,Not a Collision with Motor Vehicle In-Transport,0,1,"26,001 lbs. or more",Truck Tractor/Semi-Trailer,Van/Enclosed Box,1,"Rollover, Tripped by Object/Vehicle",Disabling Damage,"Two-Way,  Divided, Unprotected (Painted > 4 Feet ) Median",Two lanes,70 MPH,Straight,Level,Dry,Interstate,Urban,Interstate,Dark - Not Lighted,Cloudy,1,0,4,Fatal Injury (K)
33725,Kentucky,210612,2,2,1,Not a Collision with Motor Vehicle In-Transport,0,0,"26,001 lbs. or more","Single-Unit Truck (2- axle and GVWR more than 10,000 lbs)",Log,1,No Rollover,Disabling Damage,"Two-Way, Not Divided",Two lanes,55 MPH,Curve Right,"Grade, Unknown Slope",Dry,State Highway,Rural,Major Collector,Daylight,Clear,1,0,0,No Apparent Injury (O)
33732,Kentucky,210616,1,1,2,Not a Collision with Motor Vehicle In-Transport,0,1,"26,001 lbs. or more",Truck Tractor/Semi-Trailer,Flatbed,1,No Rollover,Disabling Damage,"Two-Way,  Divided, Unprotected (Painted > 4 Feet ) Median",Two lanes,70 MPH,Straight,Level,Dry,Interstate,Rural,Interstate,Dark - Not Lighted,Clear,1,0,0,No Apparent Injury (O)
33733,Kentucky,210616,1,1,2,Not a Collision with Motor Vehicle In-Transport,0,1,"26,001 lbs. or more",Truck Tractor/Semi-Trailer,Flatbed,1,No Rollover,Disabling Damage,"Two-Way,  Divided, Unprotected (Painted > 4 Feet ) Median",Two lanes,70 MPH,Straight,Level,Dry,Interstate,Rural,Interstate,Dark - Not Lighted,Clear,1,0,4,Fatal Injury (K)
33760,Kentucky,210633,2,2,1,Angle,0,0,"26,001 lbs. or more",Single-Unit Truck (3 or more axles),Flatbed,1,No Rollover,Disabling Damage,"Two-Way, Not Divided",Four lanes,55 MPH,Straight,Level,Dry,U.S. Highway,Rural,Principal Arterial - Other,Dawn,Clear,2,0,1,Possible Injury (C)
33820,Kentucky,210651,2,2,1,Front-to-Rear,0,1,"26,001 lbs. or more",Truck Tractor/Semi-Trailer,Van/Enclosed Box,1,No Rollover,Minor Damage,"Two-Way,  Divided, Unprotected (Painted > 4 Feet ) Median",Two lanes,70 MPH,Straight,Level,Dry,Interstate,Urban,Interstate,Daylight,Clear,1,0,0,No Apparent Injury (O)
33850,Kentucky,210663,2,2,1,Angle,0,0,"26,001 lbs. or more",Single-Unit Truck (3 or more axles),Log,1,No Rollover,Disabling Damage,"Two-Way, Not Divided",Two lanes,35 MPH,Curve Left,Level,Dry,State Highway,Rural,Minor Collector,Daylight,Clear,1,0,0,No Apparent Injury (O)
33858,Kentucky,210668,2,2,1,Angle,0,0,"26,001 lbs. or more",Single-Unit Truck (3 or more axles),Concrete Mixer,1,No Rollover,Disabling Damage,"Two-Way, Not Divided",Two lanes,35 MPH,Straight,"Grade, Unknown Slope",Wet,State Highway,Urban,Minor Collector,Daylight,Cloudy,1,0,0,No Apparent Injury (O)
33894,Kentucky,210679,2,2,1,Sideswipe - Opposite Direction,0,0,"26,001 lbs. or more",Single-Unit Truck (3 or more axles),Dump,1,No Rollover,Disabling Damage,"Two-Way, Not Divided",Two lanes,55 MPH,Straight,Level,Wet,State Highway,Rural,Minor Arterial,Daylight,Clear,1,0,0,No Apparent Injury (O)
33913,Kentucky,210688,1,1,1,Not a Collision with Motor Vehicle In-Transport,0,0,"26,001 lbs. or more",Single-Unit Truck (3 or more axles),Dump,1,"Rollover, Tripped by Object/Vehicle",Disabling Damage,"Two-Way, Not Divided",Two lanes,55 MPH,Curve Right,"Grade, Unknown Slope",Dry,State Highway,Rural,Minor Collector,Daylight,Clear,1,0,4,Fatal Injury (K)
33927,Kentucky,210696,1,1,1,Not a Collision with Motor Vehicle In-Transport,0,1,"26,001 lbs. or more",Truck Tractor/Semi-Trailer,Van/Enclosed Box,1,No Rollover,Minor Damage,"Two-Way,  Divided, Positive  Median Barrier",Two lanes,55 MPH,Straight,"Grade, Unknown Slope",Dry,Interstate,Urban,Interstate,Dark - Not Lighted,Clear,1,0,0,No Apparent Injury (O)
33948,Kentucky,210705,1,2,1,Front-to-Front,0,0,"26,001 lbs. or more",Single-Unit Truck (3 or more axles),Dump,1,"Rollover, Tripped by Object/Vehicle",Disabling Damage,"Two-Way, Not Divided",Two lanes,55 MPH,Straight,Level,Dry,State Highway,Rural,Minor Arterial,Daylight,Clear,1,0,2,Suspected Minor Injury (B)
33957,Kentucky,210709,2,2,1,Angle,0,1,"26,001 lbs. or more",Truck Tractor/Semi-Trailer,Van/Enclosed Box,1,No Rollover,Disabling Damage,"Two-Way,  Divided, Unprotected (Painted > 4 Feet ) Median",Two lanes,70 MPH,Straight,Level,Dry,Interstate,Rural,Interstate,Daylight,Cloudy,1,1,0,No Apparent Injury (O)
33968,Kentucky,210715,1,1,1,Not a Collision with Motor Vehicle In-Transport,0,0,"26,001 lbs. or more","Single-Unit Truck (2- axle and GVWR more than 10,000 lbs)",Dump,1,No Rollover,No Damage,"Two-Way, Not Divided",Two lanes,20 MPH,Straight,Level,Dry,Local Street - Township,Rural,Local,Daylight,Cloudy,1,0,0,No Apparent Injury (O)
33977,Kentucky,210720,2,2,1,Angle,0,1,"26,001 lbs. or more",Truck Tractor/Semi-Trailer,Grain/ Chips/ Gravel,1,"Rollover, Tripped by Object/Vehicle",Disabling Damage,"Two-Way,  Divided, Unprotected (Painted > 4 Feet ) Median",Three lanes,70 MPH,Straight,Level,Dry,Interstate,Urban,Interstate,Daylight,Cloudy,1,1,0,No Apparent Injury (O)
33983,Kentucky,210721,2,2,1,Angle,0,1,"26,001 lbs. or more",Truck Tractor/Semi-Trailer,Van/Enclosed Box,1,No Rollover,Disabling Damage,"Two-Way,  Divided, Unprotected (Painted > 4 Feet ) Median",Two lanes,70 MPH,Straight,"Grade, Unknown Slope",Dry,Interstate,Urban,Interstate,Dusk,Cloudy,1,0,0,No Apparent Injury (O)
33994,Kentucky,210726,2,2,1,Front-to-Rear,0,1,"26,001 lbs. or more",Truck Tractor/Semi-Trailer,Log,1,No Rollover,Functional Damage,"Two-Way,  Divided, Unprotected (Painted > 4 Feet ) Median",Two lanes,65 MPH,Straight,Level,Dry,State Highway,Rural,Principal Arterial - Other Freeways and Expressways,Dark - Not Lighted,Clear,1,0,0,No Apparent Injury (O)
34009,Kentucky,210732,2,2,1,Front-to-Rear,0,0,"26,001 lbs. or more","Single-Unit Truck (2- axle and GVWR more than 10,000 lbs)",Dump,1,No Rollover,Functional Damage,"Two-Way, Not Divided",Four lanes,55 MPH,Straight,Level,Dry,U.S. Highway,Rural,Principal Arterial - Other,Daylight,Cloudy,1,0,0,No Apparent Injury (O)
34026,Kentucky,210740,1,1,1,Not a Collision with Motor Vehicle In-Transport,0,1,"26,001 lbs. or more",Truck Tractor/Semi-Trailer,Van/Enclosed Box,1,No Rollover,Disabling Damage,"Two-Way,  Divided, Unprotected (Painted > 4 Feet ) Median",Two lanes,45 MPH,Straight,Level,Dry,State Highway,Rural,Major Collector,Daylight,Clear,1,0,4,Fatal Injury (K)
34051,Kentucky,210747,4,4,1,Front-to-Front,0,1,"26,001 lbs. or more",Truck Tractor/Semi-Trailer,Cargo Tank,1,No Rollover,Disabling Damage,"Two-Way,  Divided, Unprotected (Painted > 4 Feet ) Median",Two lanes,50 MPH,Straight,Level,Wet,State Highway,Urban,Principal Arterial - Other,Daylight,Rain,1,0,0,No Apparent Injury (O)
34088,Louisiana,220001,1,1,1,Not a Collision with Motor Vehicle In-Transport,0,1,"26,001 lbs. or more",Truck Tractor/Semi-Trailer,Log,1,"Rollover, Tripped by Object/Vehicle",Disabling Damage,"Two-Way, Not Divided",Two lanes,55 MPH,Curve Left,Level,Dry,State Highway,Rural,Major Collector,Daylight,Cloudy,1,0,4,Fatal Injury (K)
34101,Louisiana,220008,5,5,1,Front-to-Rear,0,1,"26,001 lbs. or more",Truck Tractor/Semi-Trailer,Van/Enclosed Box,1,No Rollover,Disabling Damage,"Two-Way,  Divided, Positive  Median Barrier",Four lanes,65 MPH,Straight,Level,Dry,Interstate,Urban,Interstate,Dark - Lighted,Clear,1,0,1,Possible Injury (C)
34179,Louisiana,220043,3,4,1,Angle,0,1,"26,001 lbs. or more",Truck Tractor/Semi-Trailer,Van/Enclosed Box,1,No Rollover,Disabling Damage,"Two-Way,  Divided, Unprotected (Painted > 4 Feet ) Median",Two lanes,70 MPH,Straight,Level,Wet,Interstate,Rural,Interstate,Daylight,Rain,1,0,1,Possible Injury (C)
34192,Louisiana,220049,2,2,1,Front-to-Rear,0,0,"26,001 lbs. or more",Single-Unit Truck (3 or more axles),Dump,1,No Rollover,Functional Damage,"Two-Way,  Divided, Unprotected (Painted > 4 Feet ) Median",Three lanes,40 MPH,Straight,Level,Wet,U.S. Highway,Urban,Principal Arterial - Other,Daylight,Cloudy,1,1,1,Possible Injury (C)
34278,Louisiana,220087,2,2,1,Angle,0,1,"26,001 lbs. or more",Truck Tractor/Semi-Trailer,Cargo Tank,1,No Rollover,Functional Damage,"Two-Way,  Divided, Unprotected (Painted > 4 Feet ) Median",Two lanes,55 MPH,Straight,Level,Dry,U.S. Highway,Rural,Principal Arterial - Other,Dark - Not Lighted,Clear,1,0,0,No Apparent Injury (O)
34298,Louisiana,220096,2,2,1,Front-to-Front,0,0,"26,001 lbs. or more",Truck Tractor (Bobtail),No Cargo Body Type,1,No Rollover,Disabling Damage,"Two-Way, Not Divided",Two lanes,45 MPH,Straight,Level,Ice/Frost,U.S. Highway,Rural,Minor Arterial,Daylight,Clear,1,0,1,Possible Injury (C)
34343,Louisiana,220121,3,3,1,Not a Collision with Motor Vehicle In-Transport,0,1,"26,001 lbs. or more",Truck Tractor/Semi-Trailer,Van/Enclosed Box,1,No Rollover,Disabling Damage,"Two-Way,  Divided, Unprotected (Painted > 4 Feet ) Median",Two lanes,70 MPH,Straight,Level,Dry,Interstate,Urban,Interstate,Dark - Not Lighted,Clear,1,1,1,Possible Injury (C)
34402,Louisiana,220143,2,2,1,Not a Collision with Motor Vehicle In-Transport,0,0,"26,001 lbs. or more",Single-Unit Truck (3 or more axles),Garbage/Refuse,1,No Rollover,Functional Damage,"Two-Way, Not Divided",Two lanes,55 MPH,Straight,Level,Dry,State Highway,Urban,Major Collector,Daylight,Clear,1,0,0,No Apparent Injury (O)
34405,Louisiana,220144,2,2,1,Sideswipe - Opposite Direction,0,0,"26,001 lbs. or more",Single-Unit Truck (3 or more axles),Dump,1,"Rollover, Tripped by Object/Vehicle",Disabling Damage,"Two-Way, Not Divided",Two lanes,40 MPH,Curve Left,Level,Dry,State Highway,Urban,Principal Arterial - Other,Daylight,Cloudy,1,0,2,Suspected Minor Injury (B)
34407,Louisiana,220145,2,2,1,Front-to-Front,0,0,"26,001 lbs. or more",Single-Unit Truck (3 or more axles),Dump,1,"Rollover, Tripped by Object/Vehicle",Disabling Damage,"Two-Way, Not Divided",Two lanes,55 MPH,Straight,Level,Dry,State Highway,Rural,Minor Collector,Daylight,Clear,1,1,0,No Apparent Injury (O)
34413,Louisiana,220150,1,2,1,Angle,0,0,"26,001 lbs. or more",Single-Unit Truck (3 or more axles),Concrete Mixer,1,"Rollover, Tripped by Object/Vehicle",Disabling Damage,"Two-Way, Not Divided",Two lanes,55 MPH,Straight,Level,Dry,State Highway,Rural,Major Collector,Daylight,Clear,1,0,0,No Apparent Injury (O)