,STATENAME,ST_CASE,VEH_NO,VE_FORMS,NUMOCCS,MAN_COLLNAME,HIT_RUN,TOW_VEH,GVWRNAME,V_CONFIGNAME,CARGO_BTNAME,HAZ_INV,ROLLOVERNAME,DEFORMEDNAME,VTRAFWAYNAME,VNUM_LANNAME,VSPD_LIMNAME,VALIGNNAME,VPROFILENAME,VSURCONDNAME,ROUTENAME,RUR_URBNAME,FUNC_SYSNAME,LGT_CONDNAME,WEATHERNAME,FATALS,DRUNK_DR,INJ_SEV,INJ_SEVNAME
36058,Maryland,240025,2,2,1,Other,0,1,"26,001 lbs. or more",Truck Tractor/Semi-Trailer,Van/Enclosed Box,1,No Rollover,Disabling Damage,"Two-Way,  Divided, Positive  Median Barrier",Four lanes,55 MPH,Straight,Level,Dry,Interstate,Urban,Interstate,Dark - Lighted,Clear,1,0,0,No Apparent Injury (O)
36072,Maryland,240032,2,2,1,Angle,0,1,"26,001 lbs. or more",Truck Tractor/Semi-Trailer,Cargo Tank,2,No Rollover,Functional Damage,"Two-Way, Not Divided",Two lanes,50 MPH,Curve Left,Level,Wet,U.S. Highway,Rural,Principal Arterial - Other,Daylight,Clear,2,1,0,No Apparent Injury (O)
36097,Maryland,240043,1,1,1,Not a Collision with Motor Vehicle In-Transport,0,1,"26,001 lbs. or more",Truck Tractor/Semi-Trailer,Van/Enclosed Box,1,"Rollover, Tripped by Object/Vehicle",Functional Damage,"Two-Way,  Divided, Positive  Median Barrier",Three lanes,55 MPH,Straight,Level,Dry,U.S. Highway,Urban,Principal Arterial - Other Freeways and Expressways,Dark - Lighted,Clear,1,0,4,Fatal Injury (K)
36144,Maryland,240060,3,3,1,Not a Collision with Motor Vehicle In-Transport,0,1,"26,001 lbs. or more",Truck Tractor/Semi-Trailer,Van/Enclosed Box,1,"Rollover, Untripped",Disabling Damage,"Two-Way,  Divided, Positive  Median Barrier",Two lanes,65 MPH,Straight,Downhill,Dry,Interstate,Rural,Interstate,Dark - Not Lighted,Clear,1,0,2,Suspected Minor Injury (B)
36180,Maryland,240080,2,2,1,Front-to-Rear,0,0,"26,001 lbs. or more","Single-Unit Truck (2- axle and GVWR more than 10,000 lbs)",Van/Enclosed Box,1,No Rollover,Functional Damage,One-Way Trafficway,Two lanes,50 MPH,Straight,Level,Dry,U.S. Highway,Urban,Principal Arterial - Other,Dark - Not Lighted,Clear,1,1,0,No Apparent Injury (O)
36203,Maryland,240091,1,1,3,Not a Collision with Motor Vehicle In-Transport,0,0,"26,001 lbs. or more","Single-Unit Truck (2- axle and GVWR more than 10,000 lbs)",Garbage/Refuse,1,No Rollover,No Damage,"Two-Way,  Divided, Unprotected (Painted > 4 Feet ) Median",Two lanes,30 MPH,Straight,Level,Dry,Local Street - Municipality,Urban,Minor Arterial,Daylight,Clear,1,0,0,No Apparent Injury (O)
36204,Maryland,240091,1,1,3,Not a Collision with Motor Vehicle In-Transport,0,0,"26,001 lbs. or more","Single-Unit Truck (2- axle and GVWR more than 10,000 lbs)",Garbage/Refuse,1,No Rollover,No Damage,"Two-Way,  Divided, Unprotected (Painted > 4 Feet ) Median",Two lanes,30 MPH,Straight,Level,Dry,Local Street - Municipality,Urban,Minor Arterial,Daylight,Clear,1,0,0,No Apparent Injury (O)
36205,Maryland,240091,1,1,3,Not a Collision with Motor Vehicle In-Transport,0,0,"26,001 lbs. or more","Single-Unit Truck (2- axle and GVWR more than 10,000 lbs)",Garbage/Refuse,1,No Rollover,No Damage,"Two-Way,  Divided, Unprotected (Painted > 4 Feet ) Median",Two lanes,30 MPH,Straight,Level,Dry,Local Street - Municipality,Urban,Minor Arterial,Daylight,Clear,1,0,0,No Apparent Injury (O)
36238,Maryland,240112,1,1,1,Not a Collision with Motor Vehicle In-Transport,0,1,"26,001 lbs. or more",Truck Tractor/Semi-Trailer,Flatbed,1,"Rollover, Untripped",Disabling Damage,"Two-Way,  Divided, Unprotected (Painted > 4 Feet ) Median",Two lanes,40 MPH,Curve Left,Downhill,Dry,State Highway,Urban,Major Collector,Dark - Not Lighted,Clear,1,0,4,Fatal Injury (K)
36250,Maryland,240120,2,2,1,Angle,0,0,"26,001 lbs. or more",Single-Unit Truck (3 or more axles),Dump,1,No Rollover,Disabling Damage,"Two-Way, Not Divided",Two lanes,35 MPH,Curve Right,Downhill,Wet,State Highway,Rural,Major Collector,Daylight,Cloudy,1,1,0,No Apparent Injury (O)
36356,Maryland,240160,1,1,1,Not a Collision with Motor Vehicle In-Transport,0,0,"26,001 lbs. or more","Single-Unit Truck (2- axle and GVWR more than 10,000 lbs)",Dump,1,No Rollover,Minor Damage,"Two-Way,  Divided, Positive  Median Barrier",Two lanes,35 MPH,Curve Right,Downhill,Dry,State Highway,Urban,Principal Arterial - Other,Daylight,Clear,1,0,0,No Apparent Injury (O)
36383,Maryland,240174,2,2,1,Angle,0,1,"26,001 lbs. or more",Truck Tractor/Semi-Trailer,Van/Enclosed Box,1,No Rollover,Disabling Damage,"Two-Way, Not Divided",Two lanes,50 MPH,Straight,Level,Dry,State Highway,Rural,Major Collector,Daylight,Clear,3,0,0,No Apparent Injury (O)
36384,Maryland,240175,1,1,3,Not a Collision with Motor Vehicle In-Transport,0,0,"26,001 lbs. or more",Single-Unit Truck (3 or more axles),Garbage/Refuse,1,No Rollover,No Damage,"Two-Way, Not Divided",Two lanes,25 MPH,Straight,Level,Dry,County Road,Urban,Local,Daylight,Clear,1,0,0,No Apparent Injury (O)
36385,Maryland,240175,1,1,3,Not a Collision with Motor Vehicle In-Transport,0,0,"26,001 lbs. or more",Single-Unit Truck (3 or more axles),Garbage/Refuse,1,No Rollover,No Damage,"Two-Way, Not Divided",Two lanes,25 MPH,Straight,Level,Dry,County Road,Urban,Local,Daylight,Clear,1,0,0,No Apparent Injury (O)
36386,Maryland,240175,1,1,3,Not a Collision with Motor Vehicle In-Transport,0,0,"26,001 lbs. or more",Single-Unit Truck (3 or more axles),Garbage/Refuse,1,No Rollover,No Damage,"Two-Way, Not Divided",Two lanes,25 MPH,Straight,Level,Dry,County Road,Urban,Local,Daylight,Clear,1,0,0,No Apparent Injury (O)
36428,Maryland,240194,2,3,1,Angle,0,2,"26,001 lbs. or more",Truck Tractor/Double,Van/Enclosed Box,1,No Rollover,Disabling Damage,"Two-Way,  Divided, Positive  Median Barrier",Four lanes,55 MPH,Curve Right,Level,Dry,Interstate,Urban,Interstate,Dark - Not Lighted,Clear,1,0,0,No Apparent Injury (O)
36430,Maryland,240195,1,7,1,Front-to-Rear,0,0,"26,001 lbs. or more",Single-Unit Truck (3 or more axles),Garbage/Refuse,1,No Rollover,Disabling Damage,"Two-Way,  Divided, Positive  Median Barrier",Three lanes,45 MPH,Straight,Level,Dry,State Highway,Urban,Principal Arterial - Other,Daylight,Clear,1,0,3,Suspected Serious Injury (A)
36443,Maryland,240198,1,3,1,Front-to-Rear,0,1,"26,001 lbs. or more",Truck Tractor/Semi-Trailer,Van/Enclosed Box,1,No Rollover,Disabling Damage,"Two-Way,  Divided, Positive  Median Barrier",Four lanes,55 MPH,Straight,Uphill,Dry,Interstate,Urban,Interstate,Daylight,Clear,1,0,2,Suspected Minor Injury (B)
36464,Maryland,240205,1,1,1,Not a Collision with Motor Vehicle In-Transport,0,1,"26,001 lbs. or more",Truck Tractor/Semi-Trailer,Van/Enclosed Box,1,"Rollover, Tripped by Object/Vehicle",Disabling Damage,"Two-Way,  Divided, Positive  Median Barrier",Two lanes,70 MPH,Curve Left,Downhill,Dry,Interstate,Rural,Interstate,Dawn,Clear,1,0,4,Fatal Injury (K)
36465,Maryland,240206,1,2,1,Front-to-Rear,0,1,"26,001 lbs. or more",Truck Tractor/Semi-Trailer,Van/Enclosed Box,1,No Rollover,Functional Damage,"Two-Way,  Divided, Positive  Median Barrier",Three lanes,65 MPH,Straight,Level,Dry,Interstate,Urban,Interstate,Dark - Lighted,Clear,1,0,0,No Apparent Injury (O)
36466,Maryland,240206,2,2,1,Front-to-Rear,0,1,"26,001 lbs. or more",Truck Tractor/Semi-Trailer,Van/Enclosed Box,1,No Rollover,Disabling Damage,"Two-Way,  Divided, Positive  Median Barrier",Three lanes,65 MPH,Straight,Level,Dry,Interstate,Urban,Interstate,Dark - Lighted,Clear,1,0,4,Fatal Injury (K)
36550,Maryland,240250,3,3,1,Front-to-Front,0,1,"26,001 lbs. or more",Truck Tractor/Semi-Trailer,Cargo Tank,2,No Rollover,Functional Damage,"Two-Way,  Divided, Unprotected (Painted > 4 Feet ) Median",Four lanes,65 MPH,Straight,Level,Dry,Interstate,Urban,Interstate,Daylight,Clear,1,0,1,Possible Injury (C)
36577,Maryland,240262,2,2,1,Angle,0,0,"26,001 lbs. or more",Single-Unit Truck (3 or more axles),Dump,1,No Rollover,Disabling Damage,"Two-Way, Not Divided",Two lanes,50 MPH,Curve Left,Level,Dry,State Highway,Urban,Minor Arterial,Daylight,Clear,1,0,0,No Apparent Injury (O)
36589,Maryland,240266,2,3,1,Front-to-Front,0,1,"26,001 lbs. or more",Truck Tractor/Semi-Trailer,Van/Enclosed Box,1,No Rollover,Disabling Damage,"Two-Way,  Divided, Positive  Median Barrier",Three lanes,55 MPH,Straight,Level,Dry,State Highway,Urban,Principal Arterial - Other Freeways and Expressways,Dark - Lighted,Clear,1,1,0,No Apparent Injury (O)
36633,Maryland,240286,2,2,1,Not a Collision with Motor Vehicle In-Transport,0,1,"26,001 lbs. or more",Truck Tractor/Semi-Trailer,Van/Enclosed Box,2,No Rollover,Functional Damage,"Two-Way,  Divided, Unprotected (Painted > 4 Feet ) Median",Two lanes,65 MPH,Straight,Level,Dry,Interstate,Urban,Interstate,Daylight,Clear,1,0,0,No Apparent Injury (O)
36637,Maryland,240289,1,4,2,Front-to-Rear,0,1,"26,001 lbs. or more",Truck Tractor/Semi-Trailer,Van/Enclosed Box,2,No Rollover,Disabling Damage,"Two-Way,  Divided, Positive  Median Barrier",Two lanes,70 MPH,Curve Right,Downhill,Wet,Interstate,Rural,Interstate,Dark - Not Lighted,Rain,1,0,0,No Apparent Injury (O)
36638,Maryland,240289,1,4,2,Front-to-Rear,0,1,"26,001 lbs. or more",Truck Tractor/Semi-Trailer,Van/Enclosed Box,2,No Rollover,Disabling Damage,"Two-Way,  Divided, Positive  Median Barrier",Two lanes,70 MPH,Curve Right,Downhill,Wet,Interstate,Rural,Interstate,Dark - Not Lighted,Rain,1,0,2,Suspected Minor Injury (B)
36640,Maryland,240289,3,4,1,Front-to-Rear,0,1,"26,001 lbs. or more",Truck Tractor/Semi-Trailer,Van/Enclosed Box,2,No Rollover,Disabling Damage,"Two-Way,  Divided, Positive  Median Barrier",Two lanes,70 MPH,Curve Right,Downhill,Wet,Interstate,Rural,Interstate,Dark - Not Lighted,Rain,1,0,0,No Apparent Injury (O)
36649,Maryland,240295,2,2,1,Angle,0,0,"26,001 lbs. or more",Single-Unit Truck (3 or more axles),Garbage/Refuse,2,No Rollover,No Damage,"Two-Way, Not Divided",Two lanes,40 MPH,Straight,Level,Dry,State Highway,Urban,Major Collector,Daylight,Clear,1,0,0,No Apparent Injury (O)
36670,Maryland,240304,1,7,1,Front-to-Rear,0,2,"26,001 lbs. or more",Truck Tractor/Double,Van/Enclosed Box,1,No Rollover,Disabling Damage,"Two-Way,  Divided, Positive  Median Barrier",Three lanes,60 MPH,Straight,Level,Dry,Interstate,Rural,Interstate,Daylight,Clear,1,0,0,No Apparent Injury (O)
36684,Maryland,240307,2,2,1,Front-to-Front,0,0,"26,001 lbs. or more",Single-Unit Truck (3 or more axles),Flatbed,1,No Rollover,Functional Damage,"Two-Way,  Divided, Unprotected (Painted > 4 Feet ) Median",Two lanes,25 MPH,Curve Right,Level,Dry,State Highway,Urban,Major Collector,Daylight,Clear,1,0,1,Possible Injury (C)
36699,Maryland,240315,1,2,1,Front-to-Rear,0,1,"26,001 lbs. or more",Truck Tractor/Semi-Trailer,Van/Enclosed Box,1,No Rollover,Disabling Damage,"Two-Way,  Divided, Positive  Median Barrier",Four lanes,55 MPH,Straight,Level,Wet,Interstate,Urban,Interstate,Dark - Not Lighted,Rain,1,0,0,No Apparent Injury (O)
36725,Maryland,240330,2,2,1,Front-to-Rear,0,1,"26,001 lbs. or more",Truck Tractor/Semi-Trailer,Van/Enclosed Box,1,No Rollover,Disabling Damage,"Two-Way,  Divided, Positive  Median Barrier",Three lanes,70 MPH,Straight,Uphill,Dry,Interstate,Urban,Interstate,Dark - Not Lighted,Clear,1,0,0,No Apparent Injury (O)
36759,Maryland,240349,2,2,1,Front-to-Rear,0,0,"26,001 lbs. or more",Single-Unit Truck (3 or more axles),Dump,1,No Rollover,Functional Damage,"Two-Way,  Divided, Positive  Median Barrier",Four lanes,30 MPH,Straight,Level,Dry,State Highway,Urban,Principal Arterial - Other,Daylight,Clear,1,0,0,No Apparent Injury (O)
36767,Maryland,240356,2,2,1,Angle,0,0,"26,001 lbs. or more",Single-Unit Truck (3 or more axles),Garbage/Refuse,1,"Rollover, Tripped by Object/Vehicle",Disabling Damage,"Two-Way,  Divided, Unprotected (Painted > 4 Feet ) Median",Two lanes,25 MPH,Straight,Level,Dry,State Highway,Urban,Principal Arterial - Other,Dark - Not Lighted,Clear,1,1,2,Suspected Minor Injury (B)
36839,Maryland,240388,2,2,1,Sideswipe - Opposite Direction,0,0,"26,001 lbs. or more",Single-Unit Truck (3 or more axles),Flatbed,1,No Rollover,Functional Damage,"Two-Way,  Divided, Positive  Median Barrier",Four lanes,65 MPH,Straight,Level,Wet,Interstate,Urban,Interstate,Daylight,Rain,1,0,0,No Apparent Injury (O)
36868,Maryland,240403,1,4,1,Front-to-Rear,0,1,"26,001 lbs. or more",Truck Tractor/Semi-Trailer,Van/Enclosed Box,1,No Rollover,Disabling Damage,"Two-Way,  Divided, Positive  Median Barrier",Five lanes,65 MPH,Straight,Level,Dry,Interstate,Urban,Interstate,Dark - Lighted,Clear,1,0,0,No Apparent Injury (O)
36906,Maryland,240420,1,3,1,Other,0,1,"26,001 lbs. or more",Truck Tractor/Semi-Trailer,Cargo Tank,1,No Rollover,Functional Damage,"Two-Way,  Divided, Unprotected (Painted > 4 Feet ) Median",Four lanes,65 MPH,Curve Right,Level,Wet,Interstate,Urban,Interstate,Dark - Not Lighted,Cloudy,1,0,1,Possible Injury (C)
36953,Maryland,240446,3,3,4,Angle,0,1,"26,001 lbs. or more",Truck Tractor/Semi-Trailer,Van/Enclosed Box,1,No Rollover,Disabling Damage,"Two-Way,  Divided, Unprotected (Painted > 4 Feet ) Median",Two lanes,25 MPH,Straight,Level,Dry,U.S. Highway,Urban,Principal Arterial - Other,Dark - Not Lighted,Clear,2,1,0,No Apparent Injury (O)
36954,Maryland,240446,3,3,4,Angle,0,1,"26,001 lbs. or more",Truck Tractor/Semi-Trailer,Van/Enclosed Box,1,No Rollover,Disabling Damage,"Two-Way,  Divided, Unprotected (Painted > 4 Feet ) Median",Two lanes,25 MPH,Straight,Level,Dry,U.S. Highway,Urban,Principal Arterial - Other,Dark - Not Lighted,Clear,2,1,0,No Apparent Injury (O)
36955,Maryland,240446,3,3,4,Angle,0,1,"26,001 lbs. or more",Truck Tractor/Semi-Trailer,Van/Enclosed Box,1,No Rollover,Disabling Damage,"Two-Way,  Divided, Unprotected (Painted > 4 Feet ) Median",Two lanes,25 MPH,Straight,Level,Dry,U.S. Highway,Urban,Principal Arterial - Other,Dark - Not Lighted,Clear,2,1,0,No Apparent Injury (O)
36956,Maryland,240446,3,3,4,Angle,0,1,"26,001 lbs. or more",Truck Tractor/Semi-Trailer,Van/Enclosed Box,1,No Rollover,Disabling Damage,"Two-Way,  Divided, Unprotected (Painted > 4 Feet ) Median",Two lanes,25 MPH,Straight,Level,Dry,U.S. Highway,Urban,Principal Arterial - Other,Dark - Not Lighted,Clear,2,1,0,No Apparent Injury (O)
37001,Maryland,240463,2,2,1,Front-to-Front,0,0,"26,001 lbs. or more",Single-Unit Truck (3 or more axles),Other,1,No Rollover,Disabling Damage,"Two-Way, Not Divided",Two lanes,35 MPH,Curve Right,Downhill,Dry,County Road,Urban,Major Collector,Daylight,Clear,1,0,0,No Apparent Injury (O)
37205,Massachusetts,250074,2,2,1,Front-to-Rear,0,0,"26,001 lbs. or more",Single-Unit Truck (3 or more axles),Dump,1,No Rollover,Functional Damage,"Two-Way,  Divided, Positive  Median Barrier",Three lanes,55 MPH,Straight,Uphill,Dry,Interstate,Urban,Interstate,Dark - Not Lighted,Clear,1,0,0,No Apparent Injury (O)
37253,Massachusetts,250099,1,1,1,Not a Collision with Motor Vehicle In-Transport,0,0,"26,001 lbs. or more",Single-Unit Truck (3 or more axles),Van/Enclosed Box,1,No Rollover,Functional Damage,"Two-Way, Not Divided",Two lanes,30 MPH,Straight,Level,Dry,State Highway,Urban,Principal Arterial - Other,Daylight,Clear,1,0,0,No Apparent Injury (O)
37267,Massachusetts,250108,1,1,1,Not a Collision with Motor Vehicle In-Transport,0,0,"26,001 lbs. or more",Single-Unit Truck (3 or more axles),Dump,1,No Rollover,No Damage,"Two-Way, Not Divided",Two lanes,30 MPH,Straight,Level,Wet,Other,Urban,Principal Arterial - Other,Daylight,Clear,1,0,0,No Apparent Injury (O)
37311,Massachusetts,250131,1,2,1,Not a Collision with Motor Vehicle In-Transport,0,1,"26,001 lbs. or more",Truck Pulling Trailer(s),Grain/ Chips/ Gravel,1,"Rollover, Untripped",Disabling Damage,"Two-Way,  Divided, Positive  Median Barrier",Three lanes,65 MPH,Straight,Level,Dry,Interstate,Urban,Interstate,Daylight,Clear,1,0,4,Fatal Injury (K)
37354,Massachusetts,250150,2,2,1,Front-to-Front,0,0,"26,001 lbs. or more",Single-Unit Truck (3 or more axles),Van/Enclosed Box,1,No Rollover,Disabling Damage,"Two-Way, Not Divided",Two lanes,50 MPH,Straight,Level,Dry,Other,Urban,Minor Arterial,Dawn,Clear,1,0,0,No Apparent Injury (O)
37356,Massachusetts,250152,1,2,1,Front-to-Front,0,0,"26,001 lbs. or more",Single-Unit Truck (3 or more axles),Dump,1,No Rollover,Disabling Damage,"Two-Way,  Divided, Unprotected (Painted > 4 Feet ) Median",Two lanes,45 MPH,Straight,Level,Dry,State Highway,Urban,Principal Arterial - Other,Daylight,Clear,1,0,1,Possible Injury (C)
37368,Massachusetts,250158,2,2,1,Angle,0,1,"26,001 lbs. or more",Truck Tractor/Semi-Trailer,Van/Enclosed Box,1,No Rollover,Disabling Damage,"Two-Way, Not Divided",Two lanes,30 MPH,Straight,Level,Dry,Other,Urban,Minor Arterial,Daylight,Clear,1,0,0,No Apparent Injury (O)
37414,Massachusetts,250178,1,1,1,Not a Collision with Motor Vehicle In-Transport,0,1,"26,001 lbs. or more",Truck Pulling Trailer(s),Other,1,No Rollover,Functional Damage,"Two-Way, Not Divided",Two lanes,30 MPH,Straight,Level,Dry,State Highway,Urban,Principal Arterial - Other,Daylight,Cloudy,1,0,0,No Apparent Injury (O)
37438,Massachusetts,250189,1,2,1,Front-to-Rear,0,0,"26,001 lbs. or more","Single-Unit Truck (2- axle and GVWR more than 10,000 lbs)",Dump,1,No Rollover,Functional Damage,"Two-Way,  Divided, Unprotected (Painted > 4 Feet ) Median",Two lanes,30 MPH,Straight,Level,Dry,State Highway,Urban,Minor Arterial,Daylight,Clear,1,0,0,No Apparent Injury (O)
37489,Massachusetts,250215,2,2,1,Front-to-Front,0,0,"26,001 lbs. or more","Single-Unit Truck (2- axle and GVWR more than 10,000 lbs)",Dump,1,No Rollover,Disabling Damage,"Two-Way, Not Divided",Two lanes,45 MPH,Straight,Level,Dry,Other,Urban,Minor Arterial,Daylight,Clear,1,0,0,No Apparent Injury (O)
37576,Massachusetts,250256,1,1,1,Not a Collision with Motor Vehicle In-Transport,0,0,"26,001 lbs. or more",Single-Unit Truck (3 or more axles),Dump,1,No Rollover,No Damage,"Two-Way, Not Divided",Two lanes,30 MPH,Straight,Level,Dry,Other,Urban,Local,Daylight,Cloudy,1,0,0,No Apparent Injury (O)
37601,Massachusetts,250268,1,1,3,Not a Collision with Motor Vehicle In-Transport,0,0,"26,001 lbs. or more",Single-Unit Truck (3 or more axles),Flatbed,1,No Rollover,No Damage,"Two-Way,  Divided, Positive  Median Barrier",Three lanes,40 MPH,Straight,Level,Wet,State Highway,Urban,Principal Arterial - Other,Daylight,Cloudy,1,0,0,No Apparent Injury (O)
37602,Massachusetts,250268,1,1,3,Not a Collision with Motor Vehicle In-Transport,0,0,"26,001 lbs. or more",Single-Unit Truck (3 or more axles),Flatbed,1,No Rollover,No Damage,"Two-Way,  Divided, Positive  Median Barrier",Three lanes,40 MPH,Straight,Level,Wet,State Highway,Urban,Principal Arterial - Other,Daylight,Cloudy,1,0,0,No Apparent Injury (O)
37603,Massachusetts,250268,1,1,3,Not a Collision with Motor Vehicle In-Transport,0,0,"26,001 lbs. or more",Single-Unit Truck (3 or more axles),Flatbed,1,No Rollover,No Damage,"Two-Way,  Divided, Positive  Median Barrier",Three lanes,40 MPH,Straight,Level,Wet,State Highway,Urban,Principal Arterial - Other,Daylight,Cloudy,1,0,0,No Apparent Injury (O)
37626,Massachusetts,250281,3,4,1,Front-to-Front,0,0,"26,001 lbs. or more",Single-Unit Truck (3 or more axles),Dump,1,No Rollover,Disabling Damage,"Two-Way, Not Divided",Two lanes,50 MPH,Straight,Level,Dry,State Highway,Urban,Principal Arterial - Other,Dark - Not Lighted,Clear,1,0,0,No Apparent Injury (O)
37845,Michigan,260018,2,2,1,Front-to-Front,0,1,"26,001 lbs. or more",Truck Tractor/Semi-Trailer,Van/Enclosed Box,1,No Rollover,Disabling Damage,"Two-Way,  Divided, Unprotected (Painted > 4 Feet ) Median",Two lanes,70 MPH,Straight,Level,Wet,Interstate,Rural,Interstate,Daylight,Cloudy,1,0,0,No Apparent Injury (O)
37862,Michigan,260025,2,2,1,Angle,0,1,"26,001 lbs. or more",Truck Tractor/Semi-Trailer,Van/Enclosed Box,1,No Rollover,Functional Damage,"Two-Way, Not Divided",Two lanes,55 MPH,Curve Right,Level,Ice/Frost,County Road,Rural,Major Collector,Daylight,Cloudy,1,0,0,No Apparent Injury (O)
38069,Michigan,260111,2,2,1,Angle,0,1,"26,001 lbs. or more",Truck Tractor/Semi-Trailer,Cargo Tank,2,No Rollover,Functional Damage,"Two-Way, Not Divided With a Continuous Left-Turn Lane",Five lanes,45 MPH,Straight,Level,Wet,U.S. Highway,Rural,Principal Arterial - Other,Daylight,Clear,1,0,0,No Apparent Injury (O)
38110,Michigan,260130,1,1,1,Not a Collision with Motor Vehicle In-Transport,0,1,"26,001 lbs. or more",Truck Tractor/Semi-Trailer,Cargo Tank,1,"Rollover, Tripped by Object/Vehicle",Minor Damage,"Two-Way, Not Divided",Two lanes,55 MPH,Straight,Level,Dry,U.S. Highway,Rural,Principal Arterial - Other,Daylight,Clear,1,0,4,Fatal Injury (K)
38307,Michigan,260219,2,2,1,Front-to-Rear,0,1,"26,001 lbs. or more",Truck Tractor/Semi-Trailer,Van/Enclosed Box,1,No Rollover,Functional Damage,"Two-Way,  Divided, Positive  Median Barrier",Two lanes,70 MPH,Straight,Level,Dry,Interstate,Rural,Interstate,Dark - Not Lighted,Clear,1,1,0,No Apparent Injury (O)
38371,Michigan,260248,2,2,1,Front-to-Rear,0,1,"26,001 lbs. or more",Truck Tractor/Semi-Trailer,Van/Enclosed Box,1,No Rollover,Minor Damage,"Two-Way, Not Divided",Three lanes,55 MPH,Straight,Level,Dry,U.S. Highway,Urban,Principal Arterial - Other,Daylight,Clear,1,0,0,No Apparent Injury (O)
38376,Michigan,260250,1,1,1,Not a Collision with Motor Vehicle In-Transport,0,1,"26,001 lbs. or more",Truck Tractor/Semi-Trailer,Van/Enclosed Box,1,No Rollover,No Damage,"Two-Way,  Divided, Unprotected (Painted > 4 Feet ) Median",Four lanes,45 MPH,Straight,Level,Dry,State Highway,Rural,Minor Arterial,Daylight,Clear,1,0,0,No Apparent Injury (O)
38412,Michigan,260263,2,2,1,Front-to-Front,0,1,"26,001 lbs. or more",Truck Tractor/Semi-Trailer,Van/Enclosed Box,1,No Rollover,Disabling Damage,"Two-Way, Not Divided",Two lanes,55 MPH,Straight,Level,Dry,County Road,Rural,Minor Arterial,Dusk,Clear,1,0,1,Possible Injury (C)
38484,Michigan,260296,2,2,1,Angle,0,1,"26,001 lbs. or more",Truck Tractor/Semi-Trailer,Van/Enclosed Box,1,No Rollover,Functional Damage,"Two-Way, Not Divided",Two lanes,55 MPH,Straight,Level,Dry,State Highway,Rural,Principal Arterial - Other,Dark - Not Lighted,Clear,1,0,0,No Apparent Injury (O)
38557,Michigan,260326,2,2,2,Front-to-Rear,0,1,"26,001 lbs. or more",Truck Tractor/Semi-Trailer,Van/Enclosed Box,1,No Rollover,Functional Damage,"Two-Way,  Divided, Positive  Median Barrier",Four lanes,55 MPH,Straight,Level,Dry,Interstate,Urban,Interstate,Daylight,Clear,1,0,0,No Apparent Injury (O)
38558,Michigan,260326,2,2,2,Front-to-Rear,0,1,"26,001 lbs. or more",Truck Tractor/Semi-Trailer,Van/Enclosed Box,1,No Rollover,Functional Damage,"Two-Way,  Divided, Positive  Median Barrier",Four lanes,55 MPH,Straight,Level,Dry,Interstate,Urban,Interstate,Daylight,Clear,1,0,1,Possible Injury (C)
38579,Michigan,260334,1,5,1,Front-to-Rear,0,1,"26,001 lbs. or more",Truck Tractor/Semi-Trailer,Van/Enclosed Box,1,No Rollover,Disabling Damage,"Two-Way,  Divided, Positive  Median Barrier",Three lanes,65 MPH,Straight,Level,Dry,Interstate,Urban,Interstate,Dark - Not Lighted,Clear,1,0,4,Fatal Injury (K)
38580,Michigan,260334,2,5,1,Front-to-Rear,0,1,"26,001 lbs. or more",Truck Tractor/Semi-Trailer,Van/Enclosed Box,1,No Rollover,Disabling Damage,"Two-Way,  Divided, Positive  Median Barrier",Three lanes,65 MPH,Straight,Level,Dry,Interstate,Urban,Interstate,Dark - Not Lighted,Clear,1,0,0,No Apparent Injury (O)
38584,Michigan,260334,5,5,1,Front-to-Rear,0,1,"26,001 lbs. or more",Truck Tractor/Semi-Trailer,Van/Enclosed Box,1,No Rollover,Minor Damage,"Two-Way,  Divided, Positive  Median Barrier",Three lanes,65 MPH,Straight,Level,Dry,Interstate,Urban,Interstate,Dark - Not Lighted,Clear,1,0,0,No Apparent Injury (O)
38634,Michigan,260361,2,2,1,Front-to-Rear,0,1,"26,001 lbs. or more",Truck Tractor/Semi-Trailer,Van/Enclosed Box,1,No Rollover,Disabling Damage,"Two-Way,  Divided, Positive  Median Barrier",Two lanes,70 MPH,Straight,Hillcrest,Dry,Interstate,Rural,Interstate,Daylight,Clear,1,1,0,No Apparent Injury (O)
38641,Michigan,260364,1,1,1,Not a Collision with Motor Vehicle In-Transport,0,1,"26,001 lbs. or more",Truck Tractor/Semi-Trailer,Other,1,No Rollover,Minor Damage,"Two-Way, Not Divided",Six lanes,35 MPH,Straight,Level,Dry,Local Street - Municipality,Urban,Principal Arterial - Other,Daylight,Clear,1,0,0,No Apparent Injury (O)
38718,Michigan,260395,1,1,1,Not a Collision with Motor Vehicle In-Transport,0,1,"26,001 lbs. or more",Truck Tractor/Semi-Trailer,Grain/ Chips/ Gravel,1,No Rollover,Minor Damage,"Two-Way, Not Divided",Four lanes,55 MPH,Straight,Level,Dry,State Highway,Rural,Minor Arterial,Dark - Not Lighted,Clear,1,0,0,No Apparent Injury (O)