,STATENAME,ST_CASE,VEH_NO,VE_FORMS,NUMOCCS,MAN_COLLNAME,HIT_RUN,TOW_VEH,GVWRNAME,V_CONFIGNAME,CARGO_BTNAME,HAZ_INV,ROLLOVERNAME,DEFORMEDNAME,VTRAFWAYNAME,VNUM_LANNAME,VSPD_LIMNAME,VALIGNNAME,VPROFILENAME,VSURCONDNAME,ROUTENAME,RUR_URBNAME,FUNC_SYSNAME,LGT_CONDNAME,WEATHERNAME,FATALS,DRUNK_DR,INJ_SEV,INJ_SEVNAME
38824,Michigan,260441,2,2,1,Angle,0,1,"26,001 lbs. or more",Truck Tractor/Semi-Trailer,Flatbed,1,No Rollover,Functional Damage,"Two-Way, Not Divided",Two lanes,55 MPH,Straight,Level,Dry,County Road,Urban,Major Collector,Daylight,Clear,1,0,0,No Apparent Injury (O)
38856,Michigan,260452,2,2,1,Angle,0,1,"26,001 lbs. or more",Truck Tractor/Semi-Trailer,Flatbed,1,No Rollover,Disabling Damage,"Two-Way, Not Divided",Four lanes,40 MPH,Straight,"Grade, Unknown Slope",Dry,Local Street - Municipality,Urban,Minor Arterial,Daylight,Clear,1,0,0,No Apparent Injury (O)
38893,Michigan,260469,1,2,1,Angle,0,1,"26,001 lbs. or more",Truck Tractor/Semi-Trailer,Cargo Tank,1,No Rollover,Minor Damage,"Two-Way, Not Divided",Five lanes,45 MPH,Straight,"Grade, Unknown Slope",Dry,Local Street - Municipality,Urban,Principal Arterial - Other,Daylight,Clear,1,0,0,No Apparent Injury (O)
38901,Michigan,260474,1,3,1,Front-to-Rear,0,1,"26,001 lbs. or more",Truck Tractor/Semi-Trailer,Van/Enclosed Box,1,No Rollover,Disabling Damage,"Two-Way,  Divided, Positive  Median Barrier",Two lanes,60 MPH,Straight,Level,Dry,Interstate,Urban,Interstate,Daylight,Clear,1,0,4,Fatal Injury (K)
38902,Michigan,260474,2,3,1,Front-to-Rear,0,1,"26,001 lbs. or more",Truck Tractor/Semi-Trailer,Van/Enclosed Box,1,No Rollover,Disabling Damage,"Two-Way,  Divided, Positive  Median Barrier",Two lanes,60 MPH,Straight,Level,Dry,Interstate,Urban,Interstate,Daylight,Clear,1,0,0,No Apparent Injury (O)
38903,Michigan,260474,3,3,1,Front-to-Rear,0,1,"26,001 lbs. or more",Truck Tractor/Semi-Trailer,Cargo Tank,1,No Rollover,Minor Damage,"Two-Way,  Divided, Positive  Median Barrier",Two lanes,60 MPH,Straight,Level,Dry,Interstate,Urban,Interstate,Daylight,Clear,1,0,0,No Apparent Injury (O)
38943,Michigan,260493,2,2,1,Sideswipe - Same Direction,0,1,"26,001 lbs. or more",Truck Tractor/Semi-Trailer,Van/Enclosed Box,1,No Rollover,Minor Damage,"Two-Way,  Divided, Positive  Median Barrier",Three lanes,60 MPH,Straight,Level,Dry,Interstate,Urban,Interstate,Daylight,Clear,1,0,0,No Apparent Injury (O)
38976,Michigan,260505,2,2,1,Front-to-Rear,0,1,"26,001 lbs. or more",Truck Tractor/Semi-Trailer,Van/Enclosed Box,1,No Rollover,Minor Damage,"Two-Way,  Divided, Unprotected (Painted > 4 Feet ) Median",Three lanes,65 MPH,Straight,Level,Dry,U.S. Highway,Rural,Principal Arterial - Other,Daylight,Clear,2,1,0,No Apparent Injury (O)
38993,Michigan,260514,2,2,1,Angle,0,1,"26,001 lbs. or more",Truck Tractor/Semi-Trailer,Dump,1,No Rollover,Functional Damage,"Two-Way, Not Divided With a Continuous Left-Turn Lane",Five lanes,35 MPH,Straight,Level,Dry,Local Street - Municipality,Urban,Minor Arterial,Daylight,Clear,1,0,0,No Apparent Injury (O)
39073,Michigan,260552,2,2,1,Angle,0,1,"26,001 lbs. or more",Truck Tractor/Semi-Trailer,Van/Enclosed Box,1,No Rollover,Minor Damage,"Two-Way, Not Divided With a Continuous Left-Turn Lane",Five lanes,45 MPH,Straight,Level,Dry,Local Street - Municipality,Urban,Principal Arterial - Other,Daylight,Clear,2,0,0,No Apparent Injury (O)
39237,Michigan,260623,2,3,2,Front-to-Front,0,1,"26,001 lbs. or more",Truck Tractor/Semi-Trailer,Flatbed,1,No Rollover,Disabling Damage,"Two-Way, Not Divided",Two lanes,55 MPH,Straight,Level,Dry,U.S. Highway,Urban,Principal Arterial - Other,Daylight,Clear,1,0,0,No Apparent Injury (O)
39238,Michigan,260623,2,3,2,Front-to-Front,0,1,"26,001 lbs. or more",Truck Tractor/Semi-Trailer,Flatbed,1,No Rollover,Disabling Damage,"Two-Way, Not Divided",Two lanes,55 MPH,Straight,Level,Dry,U.S. Highway,Urban,Principal Arterial - Other,Daylight,Clear,1,0,0,No Apparent Injury (O)
39266,Michigan,260631,2,2,1,Sideswipe - Opposite Direction,0,1,"26,001 lbs. or more",Truck Pulling Trailer(s),Log,1,No Rollover,Minor Damage,"Two-Way, Not Divided",Two lanes,55 MPH,Straight,Level,Dry,County Road,Rural,Local,Daylight,Clear,1,0,0,No Apparent Injury (O)
39302,Michigan,260649,1,4,1,Front-to-Rear,0,1,"26,001 lbs. or more",Truck Tractor/Semi-Trailer,Cargo Tank,1,No Rollover,Functional Damage,"Two-Way, Not Divided",Two lanes,55 MPH,Straight,Level,Dry,U.S. Highway,Rural,Principal Arterial - Other,Daylight,Clear,1,0,1,Possible Injury (C)
39339,Michigan,260662,3,3,1,Front-to-Rear,0,1,"26,001 lbs. or more",Truck Tractor/Semi-Trailer,Flatbed,1,No Rollover,Functional Damage,"Two-Way, Not Divided",Two lanes,55 MPH,Straight,Level,Wet,State Highway,Rural,Minor Arterial,Daylight,Rain,1,0,0,No Apparent Injury (O)
39381,Michigan,260684,1,3,1,Angle,0,2,"26,001 lbs. or more",Truck Tractor/Double,Grain/ Chips/ Gravel,1,No Rollover,Disabling Damage,"Two-Way, Not Divided",Four lanes,35 MPH,Straight,Level,Wet,State Highway,Urban,Minor Arterial,Daylight,Rain,1,0,0,No Apparent Injury (O)
39393,Michigan,260687,2,2,1,Angle,0,1,"26,001 lbs. or more",Truck Tractor/Semi-Trailer,Cargo Tank,1,No Rollover,Disabling Damage,"Two-Way, Not Divided",Four lanes,55 MPH,Straight,Level,Dry,County Road,Rural,Minor Arterial,Daylight,Clear,1,0,0,No Apparent Injury (O)
39478,Michigan,260730,1,2,1,Front-to-Rear,0,1,"26,001 lbs. or more",Truck Tractor/Semi-Trailer,Van/Enclosed Box,1,No Rollover,Functional Damage,"Two-Way,  Divided, Unprotected (Painted > 4 Feet ) Median",Two lanes,70 MPH,Straight,Level,Dry,Interstate,Rural,Interstate,Daylight,Clear,1,0,0,No Apparent Injury (O)
39567,Michigan,260770,1,1,1,Not a Collision with Motor Vehicle In-Transport,0,1,"26,001 lbs. or more",Truck Tractor/Semi-Trailer,Dump,1,No Rollover,Disabling Damage,"Two-Way, Not Divided",Two lanes,35 MPH,Curve Left,Level,Dry,County Road,Rural,Minor Arterial,Daylight,Clear,1,0,4,Fatal Injury (K)
39589,Michigan,260781,1,2,1,Sideswipe - Opposite Direction,0,2,"26,001 lbs. or more",Truck Tractor/Double,Dump,1,"Rollover, Tripped by Object/Vehicle",Disabling Damage,"Two-Way, Not Divided",Two lanes,45 MPH,Straight,"Grade, Unknown Slope",Dry,County Road,Urban,Minor Arterial,Daylight,Clear,1,0,2,Suspected Minor Injury (B)
39590,Michigan,260781,2,2,1,Sideswipe - Opposite Direction,0,2,"26,001 lbs. or more",Truck Tractor/Double,Dump,1,No Rollover,Disabling Damage,"Two-Way, Not Divided",Two lanes,45 MPH,Straight,"Grade, Unknown Slope",Dry,County Road,Urban,Minor Arterial,Daylight,Clear,1,0,4,Fatal Injury (K)
39638,Michigan,260802,1,2,1,Angle,0,1,"26,001 lbs. or more",Truck Tractor/Semi-Trailer,Van/Enclosed Box,1,No Rollover,Disabling Damage,"Two-Way,  Divided, Unprotected (Painted > 4 Feet ) Median",Four lanes,50 MPH,Straight,Level,Dry,Local Street - Municipality,Urban,Principal Arterial - Other,Dark - Lighted,Clear,1,0,0,No Apparent Injury (O)
39641,Michigan,260803,2,3,1,Angle,0,1,"26,001 lbs. or more",Truck Tractor/Semi-Trailer,Grain/ Chips/ Gravel,1,No Rollover,Minor Damage,"Two-Way, Not Divided",Two lanes,55 MPH,Curve - Unknown Direction,"Grade, Unknown Slope",Dry,County Road,Rural,Minor Arterial,Daylight,Clear,1,0,0,No Apparent Injury (O)
39668,Michigan,260812,2,2,1,Angle,0,1,"26,001 lbs. or more",Truck Tractor/Semi-Trailer,Dump,1,No Rollover,Disabling Damage,"Two-Way, Not Divided",Two lanes,55 MPH,Straight,Level,Dry,State Highway,Rural,Minor Arterial,Daylight,Clear,1,0,3,Suspected Serious Injury (A)
39672,Michigan,260815,1,5,1,Front-to-Rear,0,1,"26,001 lbs. or more",Truck Tractor/Semi-Trailer,Van/Enclosed Box,1,No Rollover,Disabling Damage,"Two-Way,  Divided, Positive  Median Barrier",Two lanes,70 MPH,Straight,"Grade, Unknown Slope",Dry,Interstate,Rural,Interstate,Daylight,Clear,2,0,3,Suspected Serious Injury (A)
39683,Michigan,260819,1,1,1,Not a Collision with Motor Vehicle In-Transport,0,1,"26,001 lbs. or more",Truck Tractor/Semi-Trailer,Cargo Tank,1,No Rollover,Functional Damage,"Two-Way,  Divided, Positive  Median Barrier",Three lanes,70 MPH,Curve Left,Level,Dry,Interstate,Urban,Interstate,Dark - Not Lighted,Clear,1,0,0,No Apparent Injury (O)
39719,Michigan,260838,2,2,1,Angle,0,2,"26,001 lbs. or more",Truck Tractor/Double,Grain/ Chips/ Gravel,1,No Rollover,Disabling Damage,"Two-Way, Not Divided",Two lanes,55 MPH,Straight,Level,Dry,State Highway,Rural,Minor Arterial,Dark - Not Lighted,"Fog, Smog, Smoke",1,0,0,No Apparent Injury (O)
39760,Michigan,260859,2,2,1,Angle,0,1,"26,001 lbs. or more",Truck Tractor/Semi-Trailer,Cargo Tank,2,"Rollover, Tripped by Object/Vehicle",Disabling Damage,"Two-Way, Not Divided",Four lanes,55 MPH,Straight,Level,Wet,U.S. Highway,Rural,Principal Arterial - Other,Daylight,Cloudy,2,0,4,Fatal Injury (K)
39779,Michigan,260868,2,2,1,Angle,0,1,"26,001 lbs. or more",Truck Tractor/Semi-Trailer,Van/Enclosed Box,1,No Rollover,Minor Damage,"Two-Way, Not Divided",Two lanes,55 MPH,Straight,"Grade, Unknown Slope",Snow,County Road,Rural,Major Collector,Daylight,Snow,1,0,0,No Apparent Injury (O)
39890,Michigan,260926,2,2,1,Front-to-Front,0,1,"26,001 lbs. or more",Truck Tractor/Semi-Trailer,Van/Enclosed Box,1,No Rollover,Disabling Damage,"Two-Way, Not Divided With a Continuous Left-Turn Lane",Five lanes,50 MPH,Straight,Level,Snow,State Highway,Urban,Principal Arterial - Other,Dark - Lighted,Clear,1,1,1,Possible Injury (C)
39910,Michigan,260933,2,2,1,Front-to-Rear,0,1,"26,001 lbs. or more",Truck Tractor/Semi-Trailer,Van/Enclosed Box,1,No Rollover,No Damage,"Two-Way,  Divided, Unprotected (Painted > 4 Feet ) Median",Two lanes,70 MPH,Straight,Level,Dry,Interstate,Urban,Interstate,Daylight,Cloudy,1,0,0,No Apparent Injury (O)
39939,Michigan,260947,2,2,1,Angle,0,1,"26,001 lbs. or more",Truck Tractor/Semi-Trailer,Van/Enclosed Box,1,No Rollover,Disabling Damage,"Two-Way, Not Divided",Two lanes,55 MPH,Straight,Level,Snow,U.S. Highway,Rural,Principal Arterial - Other,Dark - Not Lighted,Snow,1,0,0,No Apparent Injury (O)
40031,Michigan,260985,3,3,1,Angle,0,1,"26,001 lbs. or more",Truck Tractor/Semi-Trailer,Van/Enclosed Box,1,No Rollover,No Damage,"Two-Way, Not Divided With a Continuous Left-Turn Lane",Five lanes,45 MPH,Straight,Level,Snow,Local Street - Municipality,Urban,Minor Arterial,Daylight,Snow,1,0,0,No Apparent Injury (O)
40064,Minnesota,270002,2,2,1,Angle,0,1,"26,001 lbs. or more",Truck Tractor/Semi-Trailer,Flatbed,1,No Rollover,Disabling Damage,"Two-Way,  Divided, Unprotected (Painted > 4 Feet ) Median",Two lanes,45 MPH,Straight,Level,Dry,U.S. Highway,Urban,Principal Arterial - Other,Daylight,Clear,1,0,0,No Apparent Injury (O)
40086,Minnesota,270010,2,2,1,Angle,0,1,"26,001 lbs. or more",Truck Tractor/Semi-Trailer,Grain/ Chips/ Gravel,1,"Rollover, Tripped by Object/Vehicle",Disabling Damage,"Two-Way, Not Divided",Two lanes,60 MPH,Straight,Level,Dry,State Highway,Rural,Minor Arterial,Dark - Not Lighted,Clear,1,1,3,Suspected Serious Injury (A)
40090,Minnesota,270011,2,2,2,Front-to-Rear,0,1,"26,001 lbs. or more",Truck Tractor/Semi-Trailer,Van/Enclosed Box,1,No Rollover,Minor Damage,"Two-Way,  Divided, Unprotected (Painted > 4 Feet ) Median",Four lanes,70 MPH,Straight,Level,Dry,Interstate,Rural,Interstate,Dawn,Clear,1,0,0,No Apparent Injury (O)
40091,Minnesota,270011,2,2,2,Front-to-Rear,0,1,"26,001 lbs. or more",Truck Tractor/Semi-Trailer,Van/Enclosed Box,1,No Rollover,Minor Damage,"Two-Way,  Divided, Unprotected (Painted > 4 Feet ) Median",Four lanes,70 MPH,Straight,Level,Dry,Interstate,Rural,Interstate,Dawn,Clear,1,0,0,No Apparent Injury (O)
40138,Minnesota,270031,1,1,1,Not a Collision with Motor Vehicle In-Transport,0,1,"26,001 lbs. or more",Truck Tractor/Semi-Trailer,Van/Enclosed Box,1,No Rollover,Disabling Damage,"Two-Way,  Divided, Positive  Median Barrier",Three lanes,70 MPH,Curve Left,Level,Dry,Interstate,Urban,Interstate,Daylight,Clear,1,0,4,Fatal Injury (K)
40157,Minnesota,270040,1,2,1,Angle,0,1,"26,001 lbs. or more",Truck Tractor/Semi-Trailer,Van/Enclosed Box,1,No Rollover,Functional Damage,"Two-Way, Not Divided",Two lanes,55 MPH,Straight,Level,Ice/Frost,U.S. Highway,Rural,Principal Arterial - Other,Daylight,Blowing Snow,1,0,0,No Apparent Injury (O)
40168,Minnesota,270047,2,2,1,Front-to-Front,0,1,"26,001 lbs. or more",Truck Tractor/Semi-Trailer,Intermodal Container Chassis,1,No Rollover,Disabling Damage,"Two-Way, Not Divided",Two lanes,55 MPH,Straight,Level,Dry,State Highway,Rural,Minor Arterial,Daylight,Clear,1,0,0,No Apparent Injury (O)
40207,Minnesota,270069,5,5,1,Angle,0,1,"26,001 lbs. or more",Truck Tractor/Semi-Trailer,Dump,1,No Rollover,Minor Damage,"Two-Way,  Divided, Unprotected (Painted > 4 Feet ) Median",Two lanes,50 MPH,Straight,Level,Dry,County Road,Urban,Minor Arterial,Daylight,Clear,1,1,0,No Apparent Injury (O)
40277,Minnesota,270096,2,2,1,Front-to-Front,0,1,"26,001 lbs. or more",Truck Tractor/Semi-Trailer,Other,1,No Rollover,Functional Damage,"Two-Way,  Divided, Unprotected (Painted > 4 Feet ) Median",Two lanes,55 MPH,Straight,Level,Dry,County Road,Urban,Minor Arterial,Daylight,Clear,1,0,0,No Apparent Injury (O)
40304,Minnesota,270110,1,1,1,Not a Collision with Motor Vehicle In-Transport,0,0,"26,001 lbs. or more",Single-Unit Truck (3 or more axles),Dump,1,No Rollover,Minor Damage,"Two-Way,  Divided, Positive  Median Barrier",Three lanes,55 MPH,Straight,Level,Dry,Interstate,Urban,Interstate,Daylight,Clear,1,0,0,No Apparent Injury (O)
40324,Minnesota,270123,1,2,2,Front-to-Front,0,1,"26,001 lbs. or more",Truck Tractor/Semi-Trailer,Van/Enclosed Box,1,No Rollover,Disabling Damage,"Two-Way, Not Divided",Two lanes,60 MPH,Straight,Level,Dry,U.S. Highway,Rural,Principal Arterial - Other,Dark - Not Lighted,Clear,1,0,2,Suspected Minor Injury (B)
40325,Minnesota,270123,1,2,2,Front-to-Front,0,1,"26,001 lbs. or more",Truck Tractor/Semi-Trailer,Van/Enclosed Box,1,No Rollover,Disabling Damage,"Two-Way, Not Divided",Two lanes,60 MPH,Straight,Level,Dry,U.S. Highway,Rural,Principal Arterial - Other,Dark - Not Lighted,Clear,1,0,2,Suspected Minor Injury (B)
40354,Minnesota,270136,2,2,1,Front-to-Front,0,1,"26,001 lbs. or more",Truck Tractor/Semi-Trailer,Intermodal Container Chassis,1,No Rollover,Disabling Damage,"Two-Way, Not Divided",Two lanes,60 MPH,Curve Left,Downhill,Dry,State Highway,Rural,Principal Arterial - Other,Dark - Not Lighted,Cloudy,1,0,0,No Apparent Injury (O)
40364,Minnesota,270143,1,2,1,Angle,0,1,"26,001 lbs. or more",Truck Tractor/Semi-Trailer,Other,1,No Rollover,Disabling Damage,"Two-Way, Not Divided",Two lanes,55 MPH,Straight,Level,Dry,County Road,Rural,Major Collector,Daylight,Clear,2,0,0,No Apparent Injury (O)
40371,Minnesota,270148,1,2,1,Angle,0,0,"26,001 lbs. or more",Single-Unit Truck (3 or more axles),Dump,1,No Rollover,Disabling Damage,"Two-Way, Not Divided",Two lanes,55 MPH,Straight,Level,Dry,County Road,Rural,Minor Arterial,Daylight,Clear,1,0,0,No Apparent Injury (O)
40386,Minnesota,270151,1,2,1,Front-to-Front,0,1,"26,001 lbs. or more",Truck Tractor/Semi-Trailer,Van/Enclosed Box,1,No Rollover,Disabling Damage,"Two-Way, Not Divided",Two lanes,60 MPH,Straight,Level,Dry,U.S. Highway,Rural,Principal Arterial - Other,Dark - Not Lighted,Clear,1,1,2,Suspected Minor Injury (B)
40430,Minnesota,270167,1,1,1,Not a Collision with Motor Vehicle In-Transport,0,0,"26,001 lbs. or more","Truck More Than 10,000 lbs, Cannot Classify",Dump,1,No Rollover,Disabling Damage,"Two-Way, Not Divided",Two lanes,55 MPH,Curve Left,Level,Dry,Local Street - Township,Rural,Local,Daylight,Clear,1,0,4,Fatal Injury (K)
40460,Minnesota,270184,2,2,1,Angle,0,1,"26,001 lbs. or more",Truck Tractor/Semi-Trailer,Grain/ Chips/ Gravel,1,No Rollover,Disabling Damage,"Two-Way, Not Divided",Two lanes,55 MPH,Straight,Level,Dry,State Highway,Rural,Minor Arterial,Daylight,Clear,3,0,2,Suspected Minor Injury (B)
40470,Minnesota,270189,1,2,1,Front-to-Rear,0,1,"26,001 lbs. or more",Truck Tractor/Semi-Trailer,Dump,1,No Rollover,Disabling Damage,"Two-Way,  Divided, Unprotected (Painted > 4 Feet ) Median",Two lanes,65 MPH,Straight,Uphill,Dry,U.S. Highway,Rural,Principal Arterial - Other,Daylight,Clear,1,0,0,No Apparent Injury (O)
40471,Minnesota,270189,2,2,1,Front-to-Rear,0,1,"26,001 lbs. or more",Truck Tractor/Semi-Trailer,Dump,1,No Rollover,Disabling Damage,"Two-Way,  Divided, Unprotected (Painted > 4 Feet ) Median",Two lanes,65 MPH,Straight,Uphill,Dry,U.S. Highway,Rural,Principal Arterial - Other,Daylight,Clear,1,0,4,Fatal Injury (K)
40498,Minnesota,270202,2,2,1,Angle,0,1,"26,001 lbs. or more",Truck Tractor/Semi-Trailer,Van/Enclosed Box,1,No Rollover,Disabling Damage,"Two-Way, Not Divided",Two lanes,55 MPH,Straight,Level,Dry,U.S. Highway,Rural,Minor Arterial,Dark - Not Lighted,Clear,1,1,2,Suspected Minor Injury (B)
40508,Minnesota,270206,1,2,1,Front-to-Front,0,1,"26,001 lbs. or more",Truck Tractor/Semi-Trailer,Dump,1,No Rollover,Disabling Damage,"Two-Way, Not Divided",Two lanes,55 MPH,Curve Left,Level,Dry,County Road,Rural,Minor Arterial,Daylight,Cloudy,1,0,0,No Apparent Injury (O)
40525,Minnesota,270212,1,1,1,Not a Collision with Motor Vehicle In-Transport,0,1,"26,001 lbs. or more",Truck Pulling Trailer(s),Dump,1,No Rollover,Disabling Damage,"Two-Way, Not Divided",Four lanes,35 MPH,Straight,Level,Dry,County Road,Urban,Minor Arterial,Daylight,Clear,1,0,1,Possible Injury (C)
40532,Minnesota,270220,1,1,9,Not a Collision with Motor Vehicle In-Transport,0,0,"26,001 lbs. or more","Single-Unit Truck (2- axle and GVWR more than 10,000 lbs)",Van/Enclosed Box,1,"Rollover, Tripped by Object/Vehicle",Disabling Damage,"Two-Way,  Divided, Positive  Median Barrier",Two lanes,70 MPH,Curve Left,Level,Dry,Interstate,Rural,Interstate,Daylight,Clear,2,0,2,Suspected Minor Injury (B)
40533,Minnesota,270220,1,1,9,Not a Collision with Motor Vehicle In-Transport,0,0,"26,001 lbs. or more","Single-Unit Truck (2- axle and GVWR more than 10,000 lbs)",Van/Enclosed Box,1,"Rollover, Tripped by Object/Vehicle",Disabling Damage,"Two-Way,  Divided, Positive  Median Barrier",Two lanes,70 MPH,Curve Left,Level,Dry,Interstate,Rural,Interstate,Daylight,Clear,2,0,3,Suspected Serious Injury (A)
40534,Minnesota,270220,1,1,9,Not a Collision with Motor Vehicle In-Transport,0,0,"26,001 lbs. or more","Single-Unit Truck (2- axle and GVWR more than 10,000 lbs)",Van/Enclosed Box,1,"Rollover, Tripped by Object/Vehicle",Disabling Damage,"Two-Way,  Divided, Positive  Median Barrier",Two lanes,70 MPH,Curve Left,Level,Dry,Interstate,Rural,Interstate,Daylight,Clear,2,0,4,Fatal Injury (K)
40535,Minnesota,270220,1,1,9,Not a Collision with Motor Vehicle In-Transport,0,0,"26,001 lbs. or more","Single-Unit Truck (2- axle and GVWR more than 10,000 lbs)",Van/Enclosed Box,1,"Rollover, Tripped by Object/Vehicle",Disabling Damage,"Two-Way,  Divided, Positive  Median Barrier",Two lanes,70 MPH,Curve Left,Level,Dry,Interstate,Rural,Interstate,Daylight,Clear,2,0,4,Fatal Injury (K)
40536,Minnesota,270220,1,1,9,Not a Collision with Motor Vehicle In-Transport,0,0,"26,001 lbs. or more","Single-Unit Truck (2- axle and GVWR more than 10,000 lbs)",Van/Enclosed Box,1,"Rollover, Tripped by Object/Vehicle",Disabling Damage,"Two-Way,  Divided, Positive  Median Barrier",Two lanes,70 MPH,Curve Left,Level,Dry,Interstate,Rural,Interstate,Daylight,Clear,2,0,3,Suspected Serious Injury (A)
40537,Minnesota,270220,1,1,9,Not a Collision with Motor Vehicle In-Transport,0,0,"26,001 lbs. or more","Single-Unit Truck (2- axle and GVWR more than 10,000 lbs)",Van/Enclosed Box,1,"Rollover, Tripped by Object/Vehicle",Disabling Damage,"Two-Way,  Divided, Positive  Median Barrier",Two lanes,70 MPH,Curve Left,Level,Dry,Interstate,Rural,Interstate,Daylight,Clear,2,0,3,Suspected Serious Injury (A)
40538,Minnesota,270220,1,1,9,Not a Collision with Motor Vehicle In-Transport,0,0,"26,001 lbs. or more","Single-Unit Truck (2- axle and GVWR more than 10,000 lbs)",Van/Enclosed Box,1,"Rollover, Tripped by Object/Vehicle",Disabling Damage,"Two-Way,  Divided, Positive  Median Barrier",Two lanes,70 MPH,Curve Left,Level,Dry,Interstate,Rural,Interstate,Daylight,Clear,2,0,3,Suspected Serious Injury (A)
40539,Minnesota,270220,1,1,9,Not a Collision with Motor Vehicle In-Transport,0,0,"26,001 lbs. or more","Single-Unit Truck (2- axle and GVWR more than 10,000 lbs)",Van/Enclosed Box,1,"Rollover, Tripped by Object/Vehicle",Disabling Damage,"Two-Way,  Divided, Positive  Median Barrier",Two lanes,70 MPH,Curve Left,Level,Dry,Interstate,Rural,Interstate,Daylight,Clear,2,0,3,Suspected Serious Injury (A)
40540,Minnesota,270220,1,1,9,Not a Collision with Motor Vehicle In-Transport,0,0,"26,001 lbs. or more","Single-Unit Truck (2- axle and GVWR more than 10,000 lbs)",Van/Enclosed Box,1,"Rollover, Tripped by Object/Vehicle",Disabling Damage,"Two-Way,  Divided, Positive  Median Barrier",Two lanes,70 MPH,Curve Left,Level,Dry,Interstate,Rural,Interstate,Daylight,Clear,2,0,3,Suspected Serious Injury (A)
40547,Minnesota,270224,2,2,1,Angle,0,0,"26,001 lbs. or more","Single-Unit Truck (2- axle and GVWR more than 10,000 lbs)",Van/Enclosed Box,1,No Rollover,Functional Damage,"Two-Way, Not Divided",Four lanes,35 MPH,Straight,Level,Dry,County Road,Urban,Minor Arterial,Daylight,Clear,1,1,0,No Apparent Injury (O)
40564,Minnesota,270231,1,2,1,Front-to-Rear,0,1,"26,001 lbs. or more",Truck Tractor/Semi-Trailer,Van/Enclosed Box,1,No Rollover,Disabling Damage,"Two-Way,  Divided, Unprotected (Painted > 4 Feet ) Median",Two lanes,45 MPH,Straight,Level,Dry,County Road,Urban,Major Collector,Dark - Lighted,Cloudy,1,0,0,No Apparent Injury (O)
40595,Minnesota,270244,2,2,1,Angle,0,1,"26,001 lbs. or more",Truck Tractor/Semi-Trailer,Flatbed,1,No Rollover,Functional Damage,"Two-Way, Not Divided",Two lanes,55 MPH,Straight,Level,Dry,County Road,Rural,Minor Arterial,Dark - Not Lighted,Clear,1,1,0,No Apparent Injury (O)
40598,Minnesota,270246,2,2,1,Front-to-Front,0,1,"26,001 lbs. or more",Truck Tractor/Semi-Trailer,Dump,1,No Rollover,Disabling Damage,"Two-Way, Not Divided",Two lanes,55 MPH,Curve Left,Level,Dry,County Road,Rural,Minor Collector,Daylight,Cloudy,1,0,1,Possible Injury (C)
40620,Minnesota,270257,3,2,1,Not a Collision with Motor Vehicle In-Transport,0,1,"26,001 lbs. or more",Truck Tractor/Semi-Trailer,Grain/ Chips/ Gravel,1,No Rollover,Disabling Damage,"Two-Way,  Divided, Unprotected (Painted > 4 Feet ) Median",Two lanes,70 MPH,Straight,Level,Dry,Interstate,Rural,Interstate,Dark - Not Lighted,Clear,2,0,2,Suspected Minor Injury (B)
40633,Minnesota,270263,2,2,1,Angle,0,0,"26,001 lbs. or more","Single-Unit Truck (2- axle and GVWR more than 10,000 lbs)",Van/Enclosed Box,1,No Rollover,Minor Damage,"Two-Way, Not Divided",Two lanes,30 MPH,Straight,Level,Dry,State Highway,Urban,Minor Arterial,Daylight,Clear,1,0,0,No Apparent Injury (O)
40634,Minnesota,270264,1,2,1,Angle,0,1,"26,001 lbs. or more",Truck Tractor/Semi-Trailer,Van/Enclosed Box,1,No Rollover,Disabling Damage,"Two-Way,  Divided, Unprotected (Painted > 4 Feet ) Median",One lane,55 MPH,Straight,Level,Dry,U.S. Highway,Rural,Principal Arterial - Other,Daylight,Cloudy,1,0,0,No Apparent Injury (O)
40674,Minnesota,270283,1,2,1,Front-to-Front,0,1,"26,001 lbs. or more",Truck Tractor/Semi-Trailer,Van/Enclosed Box,1,"Rollover, Tripped by Object/Vehicle",Disabling Damage,"Two-Way,  Divided, Unprotected (Painted > 4 Feet ) Median",Two lanes,70 MPH,Curve Right,Downhill,Dry,Interstate,Rural,Interstate,Daylight,Clear,2,0,4,Fatal Injury (K)
40675,Minnesota,270283,2,2,1,Front-to-Front,0,1,"26,001 lbs. or more",Truck Tractor/Semi-Trailer,Van/Enclosed Box,1,"Rollover, Tripped by Object/Vehicle",Disabling Damage,"Two-Way,  Divided, Unprotected (Painted > 4 Feet ) Median",Two lanes,70 MPH,Curve Left,Uphill,Dry,Interstate,Rural,Interstate,Daylight,Clear,2,0,4,Fatal Injury (K)
40677,Minnesota,270285,2,2,1,Front-to-Front,0,1,"26,001 lbs. or more",Truck Tractor/Semi-Trailer,Dump,1,No Rollover,Disabling Damage,"Two-Way, Not Divided",Two lanes,55 MPH,Curve Left,Sag (Bottom),Dry,State Highway,Rural,Minor Arterial,Dark - Not Lighted,Cloudy,1,0,0,No Apparent Injury (O)
40704,Minnesota,270297,2,2,1,Angle,0,1,"26,001 lbs. or more",Truck Tractor/Semi-Trailer,Van/Enclosed Box,1,"Rollover, Untripped",Disabling Damage,"Two-Way, Not Divided",Two lanes,60 MPH,Straight,Level,Wet,U.S. Highway,Rural,Principal Arterial - Other,Daylight,Cloudy,1,0,1,Possible Injury (C)