,STATENAME,ST_CASE,VEH_NO,VE_FORMS,NUMOCCS,MAN_COLLNAME,HIT_RUN,TOW_VEH,GVWRNAME,V_CONFIGNAME,CARGO_BTNAME,HAZ_INV,ROLLOVERNAME,DEFORMEDNAME,VTRAFWAYNAME,VNUM_LANNAME,VSPD_LIMNAME,VALIGNNAME,VPROFILENAME,VSURCONDNAME,ROUTENAME,RUR_URBNAME,FUNC_SYSNAME,LGT_CONDNAME,WEATHERNAME,FATALS,DRUNK_DR,INJ_SEV,INJ_SEVNAME
40770,Minnesota,270327,1,2,1,Angle,0,1,"26,001 lbs. or more",Truck Tractor/Semi-Trailer,Log,1,No Rollover,Disabling Damage,"Two-Way, Not Divided",Two lanes,60 MPH,Straight,Level,Slush,U.S. Highway,Rural,Principal Arterial - Other,Dusk,Snow,2,0,2,Suspected Minor Injury (B)
40784,Minnesota,270335,2,2,1,Angle,0,1,"26,001 lbs. or more",Truck Tractor/Semi-Trailer,Van/Enclosed Box,1,No Rollover,Functional Damage,"Two-Way, Not Divided",Two lanes,55 MPH,Straight,Level,Dry,State Highway,Rural,Major Collector,Daylight,Cloudy,1,0,2,Suspected Minor Injury (B)
40803,Minnesota,270343,2,2,1,Angle,0,1,"26,001 lbs. or more",Truck Tractor/Semi-Trailer,Van/Enclosed Box,1,No Rollover,Disabling Damage,"Two-Way, Not Divided",Two lanes,55 MPH,Curve Left,Hillcrest,Snow,State Highway,Rural,Minor Arterial,Dusk,Snow,1,1,0,No Apparent Injury (O)
40811,Minnesota,270348,2,2,1,Angle,0,1,"26,001 lbs. or more",Truck Tractor/Semi-Trailer,Flatbed,1,No Rollover,Disabling Damage,"Two-Way, Not Divided",Two lanes,55 MPH,Straight,Level,Snow,State Highway,Urban,Principal Arterial - Other,Daylight,Cloudy,1,0,0,No Apparent Injury (O)
40835,Minnesota,270358,2,2,1,Angle,0,1,"26,001 lbs. or more",Truck Tractor/Semi-Trailer,Cargo Tank,1,"Rollover, Tripped by Object/Vehicle",Disabling Damage,"Two-Way, Not Divided",Two lanes,55 MPH,Straight,Level,Dry,County Road,Rural,Major Collector,Daylight,Clear,2,0,1,Possible Injury (C)
40840,Minnesota,270360,2,2,1,Front-to-Front,0,1,"26,001 lbs. or more",Truck Tractor/Semi-Trailer,Van/Enclosed Box,1,No Rollover,Disabling Damage,"Two-Way, Not Divided",Two lanes,55 MPH,Straight,Level,Ice/Frost,U.S. Highway,Rural,Minor Arterial,Dark - Not Lighted,Clear,1,1,0,No Apparent Injury (O)
40841,Minnesota,270361,1,1,1,Not a Collision with Motor Vehicle In-Transport,1,1,"26,001 lbs. or more",Truck Tractor/Semi-Trailer,Other,1,No Rollover,Functional Damage,"Two-Way,  Divided, Positive  Median Barrier",Four lanes,60 MPH,Curve Right,Level,Dry,Interstate,Urban,Interstate,Dark - Lighted,Clear,1,0,0,No Apparent Injury (O)
40870,Mississippi,280001,2,2,1,Front-to-Rear,0,0,"26,001 lbs. or more",Truck Tractor (Bobtail),No Cargo Body Type,1,No Rollover,Disabling Damage,"Two-Way,  Divided, Positive  Median Barrier",Four lanes,70 MPH,Straight,Level,Slush,Interstate,Rural,Interstate,Dark - Not Lighted,Clear,1,0,1,Possible Injury (C)
40886,Mississippi,280013,2,2,1,Angle,0,1,"26,001 lbs. or more",Truck Tractor/Semi-Trailer,Cargo Tank,1,No Rollover,Disabling Damage,"Two-Way,  Divided, Unprotected (Painted > 4 Feet ) Median",Three lanes,55 MPH,Straight,Level,Dry,U.S. Highway,Rural,Principal Arterial - Other,Dark - Lighted,Clear,1,0,0,No Apparent Injury (O)
40902,Mississippi,280021,1,2,1,Angle,0,1,"26,001 lbs. or more",Truck Tractor/Semi-Trailer,Dump,1,No Rollover,Minor Damage,"Two-Way, Not Divided",Two lanes,55 MPH,Straight,Level,Dry,State Highway,Rural,Minor Arterial,Daylight,Clear,1,0,0,No Apparent Injury (O)
40942,Mississippi,280038,2,2,1,Front-to-Front,0,0,"26,001 lbs. or more",Truck Tractor (Bobtail),No Cargo Body Type,1,No Rollover,Disabling Damage,"Two-Way, Not Divided",Two lanes,55 MPH,Straight,Level,Dry,State Highway,Rural,Minor Arterial,Dark - Not Lighted,Cloudy,1,0,0,No Apparent Injury (O)
40981,Mississippi,280051,1,2,1,Angle,0,1,"26,001 lbs. or more",Truck Tractor/Semi-Trailer,Van/Enclosed Box,1,No Rollover,Disabling Damage,"Two-Way,  Divided, Positive  Median Barrier",Four lanes,65 MPH,Straight,Level,Dry,U.S. Highway,Rural,Principal Arterial - Other,Dark - Not Lighted,Clear,1,0,0,No Apparent Injury (O)
41022,Mississippi,280072,1,2,1,Front-to-Front,0,1,"26,001 lbs. or more",Truck Tractor/Semi-Trailer,Van/Enclosed Box,1,No Rollover,Disabling Damage,"Two-Way, Not Divided",Two lanes,55 MPH,Straight,Hillcrest,Wet,State Highway,Rural,Minor Arterial,Daylight,Rain,2,0,4,Fatal Injury (K)
41030,Mississippi,280075,2,2,1,Angle,0,1,"26,001 lbs. or more",Truck Tractor/Semi-Trailer,Dump,1,No Rollover,Disabling Damage,"Two-Way, Not Divided",Two lanes,55 MPH,Straight,Level,Dry,State Highway,Rural,Major Collector,Daylight,Cloudy,1,0,0,No Apparent Injury (O)
41037,Mississippi,280079,2,2,1,Front-to-Rear,0,1,"26,001 lbs. or more",Truck Tractor/Semi-Trailer,Grain/ Chips/ Gravel,1,No Rollover,Disabling Damage,"Two-Way,  Divided, Positive  Median Barrier",Four lanes,65 MPH,Straight,"Grade, Unknown Slope",Dry,U.S. Highway,Rural,Principal Arterial - Other,Dark - Not Lighted,Clear,1,1,0,No Apparent Injury (O)
41043,Mississippi,280082,1,2,1,Not a Collision with Motor Vehicle In-Transport,0,1,"26,001 lbs. or more",Truck Tractor/Semi-Trailer,Van/Enclosed Box,1,"Rollover, Tripped by Object/Vehicle",Disabling Damage,Entrance/Exit Ramp,Two lanes,55 MPH,Straight,Level,Dry,U.S. Highway,Rural,Principal Arterial - Other,Dawn,Clear,1,0,4,Fatal Injury (K)
41051,Mississippi,280085,1,2,1,Angle,0,1,"26,001 lbs. or more",Truck Tractor/Semi-Trailer,Cargo Tank,1,No Rollover,Disabling Damage,"Two-Way, Not Divided With a Continuous Left-Turn Lane",Five lanes,55 MPH,Straight,Level,Dry,U.S. Highway,Rural,Principal Arterial - Other,Daylight,Clear,1,0,0,No Apparent Injury (O)
41074,Mississippi,280094,2,3,1,Sideswipe - Opposite Direction,0,2,"26,001 lbs. or more",Truck Tractor/Double,Van/Enclosed Box,1,No Rollover,Disabling Damage,"Two-Way, Not Divided",Two lanes,55 MPH,Straight,Hillcrest,Dry,State Highway,Rural,Principal Arterial - Other,Dark - Not Lighted,Clear,1,0,0,No Apparent Injury (O)
41077,Mississippi,280095,2,2,1,Front-to-Rear,0,1,"26,001 lbs. or more",Truck Tractor/Semi-Trailer,Intermodal Container Chassis,1,No Rollover,Minor Damage,"Two-Way, Not Divided With a Continuous Left-Turn Lane",Five lanes,50 MPH,Straight,Level,Wet,U.S. Highway,Urban,Principal Arterial - Other,Dark - Lighted,Rain,1,0,0,No Apparent Injury (O)
41108,Mississippi,280110,1,2,2,Angle,0,0,"26,001 lbs. or more",Single-Unit Truck (3 or more axles),Van/Enclosed Box,1,No Rollover,Disabling Damage,"Two-Way,  Divided, Unprotected (Painted > 4 Feet ) Median",Four lanes,55 MPH,Straight,Level,Dry,U.S. Highway,Rural,Principal Arterial - Other,Daylight,Clear,1,0,4,Fatal Injury (K)
41109,Mississippi,280110,1,2,2,Angle,0,0,"26,001 lbs. or more",Single-Unit Truck (3 or more axles),Van/Enclosed Box,1,No Rollover,Disabling Damage,"Two-Way,  Divided, Unprotected (Painted > 4 Feet ) Median",Four lanes,55 MPH,Straight,Level,Dry,U.S. Highway,Rural,Principal Arterial - Other,Daylight,Clear,1,0,2,Suspected Minor Injury (B)
41110,Mississippi,280110,2,2,1,Angle,0,0,"26,001 lbs. or more",Single-Unit Truck (3 or more axles),Dump,1,No Rollover,Disabling Damage,"Two-Way,  Divided, Unprotected (Painted > 4 Feet ) Median",Four lanes,55 MPH,Straight,Level,Dry,U.S. Highway,Rural,Principal Arterial - Other,Daylight,Clear,1,0,2,Suspected Minor Injury (B)
41183,Mississippi,280143,2,3,1,Sideswipe - Same Direction,0,1,"26,001 lbs. or more",Truck Tractor/Semi-Trailer,Van/Enclosed Box,1,No Rollover,Minor Damage,"Two-Way,  Divided, Positive  Median Barrier",Four lanes,70 MPH,Straight,Level,Wet,U.S. Highway,Urban,Principal Arterial - Other Freeways and Expressways,Dark - Not Lighted,Rain,1,0,0,No Apparent Injury (O)
41184,Mississippi,280143,3,3,1,Sideswipe - Same Direction,0,2,"26,001 lbs. or more",Truck Tractor/Double,Van/Enclosed Box,1,No Rollover,Disabling Damage,"Two-Way,  Divided, Positive  Median Barrier",Four lanes,70 MPH,Straight,Level,Wet,U.S. Highway,Urban,Principal Arterial - Other Freeways and Expressways,Dark - Not Lighted,Rain,1,0,0,No Apparent Injury (O)
41216,Mississippi,280156,1,2,1,Front-to-Rear,0,1,"26,001 lbs. or more",Truck Tractor/Semi-Trailer,Log,1,No Rollover,Minor Damage,"Two-Way, Not Divided",Two lanes,45 MPH,Straight,Level,Dry,U.S. Highway,Rural,Major Collector,Dark - Not Lighted,Clear,1,0,0,No Apparent Injury (O)
41222,Mississippi,280160,1,1,2,Not a Collision with Motor Vehicle In-Transport,0,1,"26,001 lbs. or more",Truck Tractor/Semi-Trailer,Van/Enclosed Box,1,No Rollover,Disabling Damage,"Two-Way,  Divided, Positive  Median Barrier",Four lanes,70 MPH,Straight,Level,Dry,Interstate,Rural,Interstate,Dark - Not Lighted,Clear,1,0,1,Possible Injury (C)
41223,Mississippi,280160,1,1,2,Not a Collision with Motor Vehicle In-Transport,0,1,"26,001 lbs. or more",Truck Tractor/Semi-Trailer,Van/Enclosed Box,1,No Rollover,Disabling Damage,"Two-Way,  Divided, Positive  Median Barrier",Four lanes,70 MPH,Straight,Level,Dry,Interstate,Rural,Interstate,Dark - Not Lighted,Clear,1,0,0,No Apparent Injury (O)
41233,Mississippi,280163,2,2,1,Front-to-Front,0,1,"26,001 lbs. or more",Truck Tractor/Semi-Trailer,Van/Enclosed Box,1,No Rollover,Disabling Damage,"Two-Way, Not Divided",Two lanes,55 MPH,Straight,Level,Wet,State Highway,Rural,Minor Arterial,Daylight,Clear,1,0,0,No Apparent Injury (O)
41237,Mississippi,280166,1,4,1,Front-to-Rear,0,1,"26,001 lbs. or more",Truck Tractor/Semi-Trailer,Intermodal Container Chassis,1,No Rollover,Disabling Damage,"Two-Way,  Divided, Unprotected (Painted > 4 Feet ) Median",Four lanes,60 MPH,Straight,Level,Dry,Interstate,Rural,Interstate,Dark - Not Lighted,Clear,2,0,0,No Apparent Injury (O)
41243,Mississippi,280166,3,4,1,Front-to-Rear,0,1,"26,001 lbs. or more",Truck Tractor/Semi-Trailer,Intermodal Container Chassis,1,No Rollover,Disabling Damage,"Two-Way,  Divided, Unprotected (Painted > 4 Feet ) Median",Four lanes,60 MPH,Straight,Level,Dry,Interstate,Rural,Interstate,Dark - Not Lighted,Clear,2,0,0,No Apparent Injury (O)
41246,Mississippi,280167,1,2,1,Front-to-Rear,0,1,"26,001 lbs. or more",Truck Tractor/Semi-Trailer,Cargo Tank,2,No Rollover,Minor Damage,"Two-Way,  Divided, Unprotected (Painted > 4 Feet ) Median",Four lanes,65 MPH,Straight,Level,Dry,U.S. Highway,Rural,Principal Arterial - Other,Daylight,Clear,1,0,0,No Apparent Injury (O)
41248,Mississippi,280168,1,3,1,Front-to-Rear,0,1,"26,001 lbs. or more",Truck Tractor/Semi-Trailer,Other,1,No Rollover,Disabling Damage,"Two-Way,  Divided, Positive  Median Barrier",Four lanes,60 MPH,Straight,Level,Dry,Interstate,Rural,Interstate,Daylight,Clear,2,0,0,No Apparent Injury (O)
41251,Mississippi,280168,3,3,1,Front-to-Rear,0,1,"26,001 lbs. or more",Truck Tractor/Semi-Trailer,Other,1,No Rollover,Disabling Damage,"Two-Way,  Divided, Positive  Median Barrier",Four lanes,60 MPH,Straight,Level,Dry,Interstate,Rural,Interstate,Daylight,Clear,2,0,0,No Apparent Injury (O)
41256,Mississippi,280172,1,3,1,Front-to-Front,0,1,"26,001 lbs. or more",Truck Tractor/Semi-Trailer,Log,1,No Rollover,Disabling Damage,"Two-Way, Not Divided",Two lanes,55 MPH,Straight,Level,Dry,State Highway,Rural,Major Collector,Daylight,Clear,1,0,0,No Apparent Injury (O)
41298,Mississippi,280194,1,3,1,Sideswipe - Same Direction,0,1,"26,001 lbs. or more",Truck Tractor/Semi-Trailer,Cargo Tank,1,No Rollover,Minor Damage,"Two-Way,  Divided, Positive  Median Barrier",Four lanes,70 MPH,Straight,Level,Dry,Interstate,Rural,Interstate,Daylight,Clear,1,0,0,No Apparent Injury (O)
41309,Mississippi,280200,1,2,1,Front-to-Rear,0,2,"26,001 lbs. or more",Truck Tractor/Double,Van/Enclosed Box,1,No Rollover,Disabling Damage,"Two-Way,  Divided, Unprotected (Painted > 4 Feet ) Median",Four lanes,70 MPH,Straight,Level,Dry,Interstate,Rural,Interstate,Daylight,Clear,1,0,0,No Apparent Injury (O)
41340,Mississippi,280213,1,2,1,Angle,0,1,"26,001 lbs. or more",Truck Tractor/Semi-Trailer,Cargo Tank,1,No Rollover,Minor Damage,"Two-Way,  Divided, Unprotected (Painted > 4 Feet ) Median",Four lanes,45 MPH,Straight,Level,Dry,State Highway,Rural,Minor Arterial,Daylight,Clear,1,1,0,No Apparent Injury (O)
41368,Mississippi,280226,1,2,1,Front-to-Front,0,0,"26,001 lbs. or more",Single-Unit Truck (3 or more axles),Dump,1,No Rollover,Disabling Damage,"Two-Way, Not Divided",Two lanes,55 MPH,Straight,Level,Dry,State Highway,Rural,Minor Arterial,Daylight,Clear,1,0,1,Possible Injury (C)
41400,Mississippi,280244,2,2,1,Angle,0,1,"26,001 lbs. or more",Truck Tractor/Semi-Trailer,Van/Enclosed Box,1,No Rollover,Disabling Damage,"Two-Way,  Divided, Unprotected (Painted > 4 Feet ) Median",Four lanes,55 MPH,Straight,Level,Dry,U.S. Highway,Rural,Principal Arterial - Other,Daylight,Clear,1,0,0,No Apparent Injury (O)
41429,Mississippi,280259,1,2,1,Angle,0,1,"26,001 lbs. or more",Truck Tractor/Semi-Trailer,Van/Enclosed Box,1,No Rollover,Minor Damage,"Two-Way, Not Divided",Four lanes,50 MPH,Straight,Level,Dry,County Road,Urban,Major Collector,Dark - Lighted,Clear,1,0,0,No Apparent Injury (O)
41438,Mississippi,280264,1,2,1,Front-to-Front,0,1,"26,001 lbs. or more",Truck Tractor/Semi-Trailer,Grain/ Chips/ Gravel,1,No Rollover,Disabling Damage,"Two-Way, Not Divided",Two lanes,55 MPH,Straight,"Grade, Unknown Slope",Wet,State Highway,Rural,Minor Arterial,Daylight,Cloudy,1,0,2,Suspected Minor Injury (B)
41466,Mississippi,280276,1,1,1,Not a Collision with Motor Vehicle In-Transport,0,0,"26,001 lbs. or more","Single-Unit Truck (2- axle and GVWR more than 10,000 lbs)",Dump,1,"Rollover, Tripped by Object/Vehicle",Disabling Damage,"Two-Way, Not Divided",Two lanes,55 MPH,Straight,Level,Dry,State Highway,Rural,Minor Arterial,Daylight,Clear,1,0,4,Fatal Injury (K)
41468,Mississippi,280278,1,2,1,Angle,0,1,"26,001 lbs. or more",Truck Tractor/Semi-Trailer,Grain/ Chips/ Gravel,1,No Rollover,Disabling Damage,"Two-Way,  Divided, Positive  Median Barrier",Four lanes,65 MPH,Straight,Level,Dry,U.S. Highway,Rural,Principal Arterial - Other,Daylight,Clear,1,0,1,Possible Injury (C)
41489,Mississippi,280289,1,2,1,Angle,0,1,"26,001 lbs. or more",Truck Tractor/Semi-Trailer,Flatbed,1,No Rollover,Minor Damage,"Two-Way, Not Divided",Two lanes,40 MPH,Straight,Level,Dry,County Road,Rural,Local,Daylight,Clear,1,0,0,No Apparent Injury (O)
41491,Mississippi,280290,1,2,1,Front-to-Front,0,0,"26,001 lbs. or more",Truck Tractor (Bobtail),No Cargo Body Type,1,No Rollover,Disabling Damage,"Two-Way, Not Divided",Two lanes,55 MPH,Straight,Level,Dry,State Highway,Rural,Minor Arterial,Daylight,Clear,1,0,1,Possible Injury (C)
41514,Mississippi,280300,1,2,1,Front-to-Front,0,1,"26,001 lbs. or more",Truck Tractor/Semi-Trailer,Van/Enclosed Box,1,No Rollover,Disabling Damage,"Two-Way, Not Divided",Two lanes,55 MPH,Straight,Level,Dry,State Highway,Rural,Minor Arterial,Daylight,Clear,1,0,2,Suspected Minor Injury (B)
41517,Mississippi,280302,1,1,2,Not a Collision with Motor Vehicle In-Transport,0,1,"26,001 lbs. or more",Truck Tractor/Semi-Trailer,Other,1,No Rollover,Disabling Damage,"Two-Way,  Divided, Positive  Median Barrier",Four lanes,70 MPH,Straight,Level,Dry,Interstate,Rural,Interstate,Daylight,Clear,1,0,4,Fatal Injury (K)
41518,Mississippi,280302,1,1,2,Not a Collision with Motor Vehicle In-Transport,0,1,"26,001 lbs. or more",Truck Tractor/Semi-Trailer,Other,1,No Rollover,Disabling Damage,"Two-Way,  Divided, Positive  Median Barrier",Four lanes,70 MPH,Straight,Level,Dry,Interstate,Rural,Interstate,Daylight,Clear,1,0,3,Suspected Serious Injury (A)
41590,Mississippi,280336,1,1,1,Not a Collision with Motor Vehicle In-Transport,0,1,"26,001 lbs. or more",Truck Tractor/Semi-Trailer,Other,1,No Rollover,Disabling Damage,"Two-Way, Not Divided",Two lanes,45 MPH,Straight,Level,Dry,U.S. Highway,Urban,Principal Arterial - Other,Daylight,Clear,1,0,4,Fatal Injury (K)
41675,Mississippi,280372,1,1,1,Not a Collision with Motor Vehicle In-Transport,0,1,"26,001 lbs. or more",Truck Tractor/Semi-Trailer,Flatbed,1,"Rollover, Tripped by Object/Vehicle",Disabling Damage,"Two-Way,  Divided, Positive  Median Barrier",Four lanes,65 MPH,Straight,Level,Dry,U.S. Highway,Rural,Principal Arterial - Other,Daylight,Cloudy,1,0,2,Suspected Minor Injury (B)
41676,Mississippi,280373,1,1,1,Not a Collision with Motor Vehicle In-Transport,0,1,"26,001 lbs. or more",Truck Tractor/Semi-Trailer,Van/Enclosed Box,1,No Rollover,Minor Damage,"Two-Way,  Divided, Positive  Median Barrier",Four lanes,70 MPH,Straight,Level,Dry,Interstate,Rural,Interstate,Dark - Not Lighted,Clear,1,0,0,No Apparent Injury (O)
41682,Mississippi,280376,1,1,1,Not a Collision with Motor Vehicle In-Transport,0,1,"26,001 lbs. or more",Truck Tractor/Semi-Trailer,Van/Enclosed Box,1,No Rollover,Disabling Damage,"Two-Way,  Divided, Unprotected (Painted > 4 Feet ) Median",Four lanes,70 MPH,Straight,Level,Dry,Interstate,Rural,Interstate,Dawn,Clear,1,0,4,Fatal Injury (K)
41694,Mississippi,280383,1,3,1,Front-to-Rear,0,1,"26,001 lbs. or more",Truck Tractor/Semi-Trailer,Van/Enclosed Box,1,No Rollover,Disabling Damage,"Two-Way,  Divided, Unprotected (Painted > 4 Feet ) Median",Four lanes,70 MPH,Straight,Level,Dry,Interstate,Rural,Interstate,Daylight,Cloudy,1,0,0,No Apparent Injury (O)
41695,Mississippi,280383,2,3,2,Front-to-Rear,0,1,"26,001 lbs. or more",Truck Tractor/Semi-Trailer,Van/Enclosed Box,1,No Rollover,Disabling Damage,"Two-Way,  Divided, Unprotected (Painted > 4 Feet ) Median",Four lanes,70 MPH,Straight,Level,Dry,Interstate,Rural,Interstate,Daylight,Cloudy,1,0,2,Suspected Minor Injury (B)
41696,Mississippi,280383,2,3,2,Front-to-Rear,0,1,"26,001 lbs. or more",Truck Tractor/Semi-Trailer,Van/Enclosed Box,1,No Rollover,Disabling Damage,"Two-Way,  Divided, Unprotected (Painted > 4 Feet ) Median",Four lanes,70 MPH,Straight,Level,Dry,Interstate,Rural,Interstate,Daylight,Cloudy,1,0,2,Suspected Minor Injury (B)
41697,Mississippi,280383,3,3,1,Front-to-Rear,0,1,"26,001 lbs. or more",Truck Tractor/Semi-Trailer,Van/Enclosed Box,1,No Rollover,Disabling Damage,"Two-Way,  Divided, Unprotected (Painted > 4 Feet ) Median",Four lanes,70 MPH,Straight,Level,Dry,Interstate,Rural,Interstate,Daylight,Cloudy,1,0,4,Fatal Injury (K)
41700,Mississippi,280384,3,3,1,Sideswipe - Same Direction,0,1,"26,001 lbs. or more",Truck Tractor/Semi-Trailer,Van/Enclosed Box,1,No Rollover,Disabling Damage,"Two-Way,  Divided, Unprotected (Painted > 4 Feet ) Median",Four lanes,45 MPH,Straight,Level,Dry,U.S. Highway,Rural,Principal Arterial - Other,Daylight,Clear,1,0,0,No Apparent Injury (O)
41704,Mississippi,280386,1,1,2,Not a Collision with Motor Vehicle In-Transport,0,0,"26,001 lbs. or more",Single-Unit Truck (3 or more axles),Cargo Tank,1,No Rollover,Minor Damage,"Two-Way, Not Divided",Two lanes,55 MPH,Straight,Level,Wet,U.S. Highway,Urban,Minor Arterial,Dark - Not Lighted,Rain,1,0,0,No Apparent Injury (O)
41705,Mississippi,280386,1,1,2,Not a Collision with Motor Vehicle In-Transport,0,0,"26,001 lbs. or more",Single-Unit Truck (3 or more axles),Cargo Tank,1,No Rollover,Minor Damage,"Two-Way, Not Divided",Two lanes,55 MPH,Straight,Level,Wet,U.S. Highway,Urban,Minor Arterial,Dark - Not Lighted,Rain,1,0,0,No Apparent Injury (O)
41726,Mississippi,280393,2,2,1,Front-to-Rear,0,1,"26,001 lbs. or more",Truck Pulling Trailer(s),Log,1,No Rollover,Minor Damage,"Two-Way, Not Divided With a Continuous Left-Turn Lane",Five lanes,55 MPH,Straight,Level,Dry,State Highway,Rural,Minor Arterial,Daylight,Clear,1,0,0,No Apparent Injury (O)
41731,Mississippi,280398,1,9,1,Front-to-Rear,0,1,"26,001 lbs. or more",Truck Tractor/Semi-Trailer,Flatbed,1,No Rollover,Disabling Damage,"Two-Way,  Divided, Positive  Median Barrier",Four lanes,50 MPH,Straight,Level,Dry,Interstate,Urban,Interstate,Daylight,Clear,3,0,0,No Apparent Injury (O)
41740,Mississippi,280398,9,9,2,Front-to-Rear,0,1,"26,001 lbs. or more",Truck Tractor/Semi-Trailer,Cargo Tank,1,No Rollover,Minor Damage,"Two-Way,  Divided, Positive  Median Barrier",Four lanes,50 MPH,Straight,Level,Dry,Interstate,Urban,Interstate,Daylight,Clear,3,0,0,No Apparent Injury (O)
41741,Mississippi,280398,9,9,2,Front-to-Rear,0,1,"26,001 lbs. or more",Truck Tractor/Semi-Trailer,Cargo Tank,1,No Rollover,Minor Damage,"Two-Way,  Divided, Positive  Median Barrier",Four lanes,50 MPH,Straight,Level,Dry,Interstate,Urban,Interstate,Daylight,Clear,3,0,0,No Apparent Injury (O)
41744,Mississippi,280400,2,2,1,Front-to-Front,0,1,"26,001 lbs. or more",Truck Tractor/Semi-Trailer,Log,1,No Rollover,Disabling Damage,"Two-Way, Not Divided",Two lanes,55 MPH,Curve Left,Level,Dry,State Highway,Rural,Major Collector,Daylight,Clear,1,0,1,Possible Injury (C)
41745,Mississippi,280401,1,2,1,Angle,0,1,"26,001 lbs. or more",Truck Tractor/Semi-Trailer,Van/Enclosed Box,1,No Rollover,Disabling Damage,"Two-Way,  Divided, Unprotected (Painted > 4 Feet ) Median",Four lanes,65 MPH,Straight,Level,Dry,U.S. Highway,Rural,Principal Arterial - Other,Dawn,Cloudy,1,0,0,No Apparent Injury (O)
41751,Mississippi,280405,1,2,1,Front-to-Front,0,1,"26,001 lbs. or more",Truck Tractor/Semi-Trailer,Flatbed,1,No Rollover,Disabling Damage,"Two-Way, Not Divided",Two lanes,55 MPH,Curve Right,Level,Wet,State Highway,Rural,Major Collector,Daylight,Rain,1,0,1,Possible Injury (C)
41781,Mississippi,280419,1,1,1,Not a Collision with Motor Vehicle In-Transport,0,1,"26,001 lbs. or more",Truck Tractor/Semi-Trailer,Other,1,No Rollover,Disabling Damage,"Two-Way,  Divided, Positive  Median Barrier",Four lanes,70 MPH,Straight,Level,Dry,Interstate,Rural,Interstate,Daylight,Clear,1,0,4,Fatal Injury (K)
41786,Mississippi,280422,1,2,1,Front-to-Front,0,1,"26,001 lbs. or more",Truck Tractor/Semi-Trailer,Log,1,No Rollover,Disabling Damage,"Two-Way, Not Divided",Two lanes,55 MPH,Straight,Level,Dry,State Highway,Rural,Major Collector,Daylight,Clear,1,0,2,Suspected Minor Injury (B)
41796,Mississippi,280428,1,1,3,Not a Collision with Motor Vehicle In-Transport,0,0,"26,001 lbs. or more",Single-Unit Truck (3 or more axles),Cargo Tank,1,"Rollover, Tripped by Object/Vehicle",Disabling Damage,"Two-Way, Not Divided",Two lanes,40 MPH,Curve Left,Level,Dry,Local Street - Municipality,Urban,Major Collector,Daylight,Clear,1,0,4,Fatal Injury (K)
41797,Mississippi,280428,1,1,3,Not a Collision with Motor Vehicle In-Transport,0,0,"26,001 lbs. or more",Single-Unit Truck (3 or more axles),Cargo Tank,1,"Rollover, Tripped by Object/Vehicle",Disabling Damage,"Two-Way, Not Divided",Two lanes,40 MPH,Curve Left,Level,Dry,Local Street - Municipality,Urban,Major Collector,Daylight,Clear,1,0,3,Suspected Serious Injury (A)
41798,Mississippi,280428,1,1,3,Not a Collision with Motor Vehicle In-Transport,0,0,"26,001 lbs. or more",Single-Unit Truck (3 or more axles),Cargo Tank,1,"Rollover, Tripped by Object/Vehicle",Disabling Damage,"Two-Way, Not Divided",Two lanes,40 MPH,Curve Left,Level,Dry,Local Street - Municipality,Urban,Major Collector,Daylight,Clear,1,0,3,Suspected Serious Injury (A)
41800,Mississippi,280429,2,2,1,Angle,0,1,"26,001 lbs. or more",Truck Tractor/Semi-Trailer,Grain/ Chips/ Gravel,1,No Rollover,Disabling Damage,"Two-Way, Not Divided With a Continuous Left-Turn Lane",Five lanes,45 MPH,Straight,Level,Dry,U.S. Highway,Urban,Principal Arterial - Other,Daylight,Clear,1,0,0,No Apparent Injury (O)
41822,Mississippi,280444,1,2,1,Angle,0,1,"26,001 lbs. or more",Truck Tractor/Semi-Trailer,Van/Enclosed Box,1,No Rollover,Functional Damage,"Two-Way, Not Divided",Two lanes,55 MPH,Straight,Level,Dry,State Highway,Rural,Major Collector,Dark - Not Lighted,Clear,1,0,0,No Apparent Injury (O)
41828,Mississippi,280447,2,2,1,Front-to-Front,0,1,"26,001 lbs. or more",Truck Tractor/Semi-Trailer,Grain/ Chips/ Gravel,1,No Rollover,Disabling Damage,"Two-Way,  Divided, Positive  Median Barrier",Four lanes,55 MPH,Straight,Level,Dry,U.S. Highway,Rural,Principal Arterial - Other,Daylight,Clear,1,0,0,No Apparent Injury (O)
41832,Mississippi,280450,2,2,1,Angle,0,1,"26,001 lbs. or more",Truck Tractor/Semi-Trailer,Van/Enclosed Box,1,No Rollover,Minor Damage,"Two-Way, Not Divided With a Continuous Left-Turn Lane",Three lanes,55 MPH,Straight,Level,Dry,State Highway,Urban,Principal Arterial - Other,Dark - Not Lighted,"Fog, Smog, Smoke",1,0,0,No Apparent Injury (O)
41855,Mississippi,280460,1,3,1,Front-to-Rear,0,1,"26,001 lbs. or more",Truck Tractor/Semi-Trailer,Van/Enclosed Box,1,No Rollover,Disabling Damage,"Two-Way,  Divided, Positive  Median Barrier",Four lanes,70 MPH,Straight,Level,Dry,Interstate,Rural,Interstate,Daylight,Clear,1,0,0,No Apparent Injury (O)