,STATENAME,ST_CASE,VEH_NO,VE_FORMS,NUMOCCS,MAN_COLLNAME,HIT_RUN,TOW_VEH,GVWRNAME,V_CONFIGNAME,CARGO_BTNAME,HAZ_INV,ROLLOVERNAME,DEFORMEDNAME,VTRAFWAYNAME,VNUM_LANNAME,VSPD_LIMNAME,VALIGNNAME,VPROFILENAME,VSURCONDNAME,ROUTENAME,RUR_URBNAME,FUNC_SYSNAME,LGT_CONDNAME,WEATHERNAME,FATALS,DRUNK_DR,INJ_SEV,INJ_SEVNAME
77031,Wisconsin,550022,1,1,2,Not a Collision with Motor Vehicle In-Transport,0,1,"26,001 lbs. or more",Truck Pulling Trailer(s),Log,1,No Rollover,Disabling Damage,"Two-Way, Not Divided",Two lanes,55 MPH,Straight,Level,Wet,County Road,Rural,Major Collector,Daylight,Blowing Snow,1,0,0,No Apparent Injury (O)
77056,Wisconsin,550032,2,2,1,Angle,0,1,"26,001 lbs. or more",Truck Tractor/Semi-Trailer,Dump,1,No Rollover,Minor Damage,"Two-Way, Not Divided",Two lanes,55 MPH,Straight,Level,Dry,State Highway,Rural,Principal Arterial - Other,Daylight,Clear,1,0,0,No Apparent Injury (O)
77064,Wisconsin,550035,1,2,1,Angle,0,1,"26,001 lbs. or more",Truck Tractor/Semi-Trailer,Cargo Tank,2,No Rollover,Functional Damage,"Two-Way,  Divided, Positive  Median Barrier",Two lanes,65 MPH,Straight,Level,Dry,State Highway,Rural,Principal Arterial - Other,Daylight,Clear,1,0,2,Suspected Minor Injury (B)
77079,Wisconsin,550040,1,2,1,Front-to-Front,0,1,"26,001 lbs. or more",Truck Tractor/Semi-Trailer,Cargo Tank,1,No Rollover,Functional Damage,"Two-Way, Not Divided",Four lanes,45 MPH,Curve Right,Level,Ice/Frost,State Highway,Urban,Principal Arterial - Other,Dark - Not Lighted,Cloudy,1,0,1,Possible Injury (C)
77086,Wisconsin,550044,1,2,1,Front-to-Front,0,1,"26,001 lbs. or more",Truck Tractor/Semi-Trailer,Cargo Tank,2,No Rollover,Disabling Damage,"Two-Way, Not Divided",Two lanes,55 MPH,Straight,Level,Dry,U.S. Highway,Rural,Principal Arterial - Other,Dawn,Cloudy,1,0,2,Suspected Minor Injury (B)
77125,Wisconsin,550061,1,1,2,Not a Collision with Motor Vehicle In-Transport,0,0,"26,001 lbs. or more","Truck More Than 10,000 lbs, Cannot Classify",Garbage/Refuse,1,No Rollover,Disabling Damage,"Two-Way,  Divided, Unprotected (Painted > 4 Feet ) Median",Two lanes,70 MPH,Straight,Level,Dry,Interstate,Rural,Interstate,Daylight,Clear,1,0,2,Suspected Minor Injury (B)
77126,Wisconsin,550061,1,1,2,Not a Collision with Motor Vehicle In-Transport,0,0,"26,001 lbs. or more","Truck More Than 10,000 lbs, Cannot Classify",Garbage/Refuse,1,No Rollover,Disabling Damage,"Two-Way,  Divided, Unprotected (Painted > 4 Feet ) Median",Two lanes,70 MPH,Straight,Level,Dry,Interstate,Rural,Interstate,Daylight,Clear,1,0,4,Fatal Injury (K)
77158,Wisconsin,550077,1,1,1,Not a Collision with Motor Vehicle In-Transport,0,1,"26,001 lbs. or more",Truck Tractor/Semi-Trailer,Cargo Tank,2,No Rollover,Disabling Damage,"Two-Way, Not Divided",Two lanes,55 MPH,Curve Left,Downhill,Dry,U.S. Highway,Rural,Principal Arterial - Other,Daylight,Clear,1,0,4,Fatal Injury (K)
77165,Wisconsin,550079,2,2,1,Angle,0,1,"26,001 lbs. or more",Truck Tractor/Semi-Trailer,Van/Enclosed Box,1,No Rollover,Minor Damage,"Two-Way,  Divided, Unprotected (Painted > 4 Feet ) Median",Two lanes,65 MPH,Straight,Level,Snow,Interstate,Rural,Interstate,Daylight,Snow,1,0,0,No Apparent Injury (O)
77208,Wisconsin,550099,1,1,1,Not a Collision with Motor Vehicle In-Transport,0,1,"26,001 lbs. or more",Truck Tractor/Semi-Trailer,Van/Enclosed Box,1,No Rollover,No Damage,"Two-Way,  Divided, Unprotected (Painted > 4 Feet ) Median",Two lanes,45 MPH,Straight,Uphill,Dry,State Highway,Urban,Principal Arterial - Other,Dark - Not Lighted,Cloudy,1,0,0,No Apparent Injury (O)
77214,Wisconsin,550103,2,2,1,Angle,0,1,"26,001 lbs. or more",Truck Tractor/Semi-Trailer,Van/Enclosed Box,1,No Rollover,Disabling Damage,"Two-Way, Not Divided",Two lanes,55 MPH,Curve Right,Level,Dry,State Highway,Rural,Minor Arterial,Daylight,Clear,1,0,0,No Apparent Injury (O)
77244,Wisconsin,550116,2,2,1,Sideswipe - Opposite Direction,0,1,"26,001 lbs. or more",Truck Tractor/Semi-Trailer,Cargo Tank,1,No Rollover,Disabling Damage,"Two-Way, Not Divided",Two lanes,55 MPH,Straight,Level,Dry,U.S. Highway,Rural,Principal Arterial - Other,Daylight,Clear,1,0,0,No Apparent Injury (O)
77310,Wisconsin,550141,1,1,1,Not a Collision with Motor Vehicle In-Transport,0,1,"26,001 lbs. or more",Truck Tractor/Semi-Trailer,Van/Enclosed Box,1,No Rollover,Minor Damage,"Two-Way,  Divided, Unprotected (Painted > 4 Feet ) Median",Two lanes,70 MPH,Straight,Level,Dry,Interstate,Rural,Interstate,Dark - Not Lighted,Cloudy,1,0,0,No Apparent Injury (O)
77378,Wisconsin,550174,2,2,1,Front-to-Front,0,0,"26,001 lbs. or more",Single-Unit Truck (3 or more axles),Dump,1,No Rollover,Disabling Damage,"Two-Way, Not Divided",Two lanes,55 MPH,Straight,Level,Dry,County Road,Rural,Minor Collector,Daylight,Clear,1,0,1,Possible Injury (C)
77379,Wisconsin,550175,1,2,1,Front-to-Rear,0,0,"26,001 lbs. or more",Single-Unit Truck (3 or more axles),Other,1,No Rollover,Functional Damage,"Two-Way, Not Divided",Two lanes,55 MPH,Straight,Level,Wet,State Highway,Rural,Minor Arterial,Daylight,Rain,1,0,0,No Apparent Injury (O)
77397,Wisconsin,550179,1,1,1,Not a Collision with Motor Vehicle In-Transport,0,1,"26,001 lbs. or more",Truck Tractor/Semi-Trailer,Dump,1,No Rollover,Minor Damage,"Two-Way, Not Divided",Two lanes,55 MPH,Straight,Level,Dry,State Highway,Rural,Principal Arterial - Other,Dark - Not Lighted,Cloudy,1,0,0,No Apparent Injury (O)
77404,Wisconsin,550180,3,3,2,Angle,0,1,"26,001 lbs. or more",Truck Tractor/Semi-Trailer,Van/Enclosed Box,1,No Rollover,Disabling Damage,"Two-Way, Not Divided",Two lanes,55 MPH,Straight,Level,Dry,County Road,Rural,Minor Collector,Daylight,Clear,4,0,3,Suspected Serious Injury (A)
77405,Wisconsin,550180,3,3,2,Angle,0,1,"26,001 lbs. or more",Truck Tractor/Semi-Trailer,Van/Enclosed Box,1,No Rollover,Disabling Damage,"Two-Way, Not Divided",Two lanes,55 MPH,Straight,Level,Dry,County Road,Rural,Minor Collector,Daylight,Clear,4,0,1,Possible Injury (C)
77462,Wisconsin,550207,2,2,1,Front-to-Front,0,0,"26,001 lbs. or more","Single-Unit Truck (2- axle and GVWR more than 10,000 lbs)",Flatbed,1,No Rollover,Disabling Damage,"Two-Way, Not Divided",Two lanes,45 MPH,Straight,Level,Dry,State Highway,Urban,Principal Arterial - Other,Daylight,Clear,1,0,3,Suspected Serious Injury (A)
77491,Wisconsin,550221,3,3,1,Front-to-Rear,0,1,"26,001 lbs. or more",Truck Tractor/Semi-Trailer,Van/Enclosed Box,1,No Rollover,No Damage,"Two-Way,  Divided, Positive  Median Barrier",Two lanes,70 MPH,Straight,Level,Dry,Interstate,Urban,Interstate,Daylight,Clear,2,0,1,Possible Injury (C)
77497,Wisconsin,550225,2,2,1,Front-to-Front,0,0,"26,001 lbs. or more",Single-Unit Truck (3 or more axles),Dump,1,No Rollover,Disabling Damage,"Two-Way, Not Divided",Two lanes,55 MPH,Curve Left,Level,Dry,County Road,Rural,Local,Daylight,Clear,1,0,2,Suspected Minor Injury (B)
77511,Wisconsin,550232,1,2,1,Angle,0,1,"26,001 lbs. or more",Truck Tractor/Semi-Trailer,Cargo Tank,1,No Rollover,Functional Damage,"Two-Way, Not Divided",Two lanes,55 MPH,Straight,Level,Dry,State Highway,Rural,Principal Arterial - Other,Daylight,Clear,1,0,0,No Apparent Injury (O)
77552,Wisconsin,550253,2,3,1,Front-to-Rear,0,1,"26,001 lbs. or more",Truck Tractor/Semi-Trailer,Van/Enclosed Box,1,No Rollover,Functional Damage,"Two-Way,  Divided, Positive  Median Barrier",Three lanes,70 MPH,Straight,Level,Dry,Interstate,Urban,Interstate,Daylight,Clear,1,0,0,No Apparent Injury (O)
77563,Wisconsin,550256,1,2,1,Angle,0,1,"26,001 lbs. or more",Truck Tractor/Semi-Trailer,Van/Enclosed Box,1,No Rollover,Minor Damage,"Two-Way,  Divided, Positive  Median Barrier",Two lanes,55 MPH,Straight,Level,Dry,State Highway,Rural,Principal Arterial - Other,Daylight,Clear,1,0,0,No Apparent Injury (O)
77571,Wisconsin,550261,1,1,1,Not a Collision with Motor Vehicle In-Transport,0,1,"26,001 lbs. or more",Truck Tractor/Semi-Trailer,Van/Enclosed Box,1,No Rollover,No Damage,"Two-Way,  Divided, Unprotected (Painted > 4 Feet ) Median",Two lanes,35 MPH,Straight,Level,Dry,County Road,Urban,Principal Arterial - Other,Daylight,Clear,1,0,0,No Apparent Injury (O)
77586,Wisconsin,550266,2,2,1,Front-to-Front,0,1,"26,001 lbs. or more",Truck Tractor/Semi-Trailer,Van/Enclosed Box,1,No Rollover,Disabling Damage,"Two-Way, Not Divided",Two lanes,55 MPH,Straight,Hillcrest,Dry,U.S. Highway,Rural,Principal Arterial - Other,Daylight,Clear,1,0,0,No Apparent Injury (O)
77610,Wisconsin,550278,2,2,2,Front-to-Front,0,0,"26,001 lbs. or more",Single-Unit Truck (3 or more axles),Dump,1,No Rollover,Disabling Damage,"Two-Way,  Divided, Unprotected (Painted > 4 Feet ) Median",One lane,55 MPH,Straight,Level,Dry,Interstate,Rural,Interstate,Dark - Not Lighted,Clear,1,1,0,No Apparent Injury (O)
77611,Wisconsin,550278,2,2,2,Front-to-Front,0,0,"26,001 lbs. or more",Single-Unit Truck (3 or more axles),Dump,1,No Rollover,Disabling Damage,"Two-Way,  Divided, Unprotected (Painted > 4 Feet ) Median",One lane,55 MPH,Straight,Level,Dry,Interstate,Rural,Interstate,Dark - Not Lighted,Clear,1,1,0,No Apparent Injury (O)
77637,Wisconsin,550288,2,3,1,Angle,0,1,"26,001 lbs. or more",Truck Tractor/Semi-Trailer,Van/Enclosed Box,1,No Rollover,Functional Damage,"Two-Way,  Divided, Positive  Median Barrier",Four lanes,55 MPH,Straight,Level,Dry,Interstate,Urban,Interstate,Daylight,Cloudy,1,0,0,No Apparent Injury (O)
77638,Wisconsin,550288,3,3,1,Angle,0,0,"26,001 lbs. or more",Single-Unit Truck (3 or more axles),Cargo Tank,1,No Rollover,Functional Damage,"Two-Way,  Divided, Positive  Median Barrier",Four lanes,55 MPH,Straight,Level,Dry,Interstate,Urban,Interstate,Daylight,Cloudy,1,0,0,No Apparent Injury (O)
77669,Wisconsin,550305,1,2,1,Angle,0,1,"26,001 lbs. or more",Truck Tractor/Semi-Trailer,Flatbed,1,No Rollover,Disabling Damage,"Two-Way, Not Divided",Two lanes,55 MPH,Straight,Level,Dry,State Highway,Rural,Minor Arterial,Daylight,Clear,1,1,2,Suspected Minor Injury (B)
77671,Wisconsin,550306,1,2,1,Angle,0,0,"26,001 lbs. or more",Single-Unit Truck (3 or more axles),Dump,1,No Rollover,Functional Damage,"Two-Way, Not Divided",Two lanes,55 MPH,Straight,Level,Dry,Local Street - Township,Rural,Minor Collector,Daylight,Clear,1,0,0,No Apparent Injury (O)
77688,Wisconsin,550311,3,3,1,Sideswipe - Same Direction,0,1,"26,001 lbs. or more",Truck Tractor/Semi-Trailer,Van/Enclosed Box,1,No Rollover,Disabling Damage,"Two-Way,  Divided, Unprotected (Painted > 4 Feet ) Median",Two lanes,70 MPH,Straight,Level,Dry,Interstate,Rural,Interstate,Daylight,Cloudy,2,0,1,Possible Injury (C)
77690,Wisconsin,550313,1,2,1,Angle,0,1,"26,001 lbs. or more",Truck Tractor/Semi-Trailer,Van/Enclosed Box,1,No Rollover,No Damage,"Two-Way, Not Divided",Two lanes,45 MPH,Straight,Level,Dry,State Highway,Rural,Principal Arterial - Other,Daylight,Clear,2,0,0,No Apparent Injury (O)
77695,Wisconsin,550315,1,2,1,Angle,0,0,"26,001 lbs. or more","Single-Unit Truck (2- axle and GVWR more than 10,000 lbs)",Flatbed,1,No Rollover,Functional Damage,"Two-Way, Not Divided",Two lanes,55 MPH,Straight,Level,Dry,State Highway,Rural,Major Collector,Daylight,Clear,1,0,0,No Apparent Injury (O)
77730,Wisconsin,550331,1,2,1,Angle,0,1,"26,001 lbs. or more",Truck Tractor/Semi-Trailer,Flatbed,1,No Rollover,No Damage,"Two-Way, Not Divided",Two lanes,55 MPH,Straight,Level,Dry,State Highway,Rural,Major Collector,Daylight,Clear,1,0,0,No Apparent Injury (O)
77825,Wisconsin,550379,1,2,1,Angle,0,1,"26,001 lbs. or more",Truck Tractor/Semi-Trailer,Flatbed,1,No Rollover,Disabling Damage,"Two-Way, Not Divided",Two lanes,30 MPH,Straight,Level,Dry,State Highway,Rural,Minor Arterial,Daylight,Cloudy,1,0,0,No Apparent Injury (O)
77832,Wisconsin,550382,1,2,1,Sideswipe - Same Direction,0,1,"26,001 lbs. or more",Truck Tractor/Semi-Trailer,Other,1,No Rollover,Disabling Damage,"Two-Way, Not Divided",Two lanes,55 MPH,Straight,Uphill,Dry,State Highway,Rural,Principal Arterial - Other,Daylight,Cloudy,1,0,0,No Apparent Injury (O)
77836,Wisconsin,550383,2,2,1,Front-to-Front,0,1,"26,001 lbs. or more",Truck Tractor/Semi-Trailer,Van/Enclosed Box,1,No Rollover,Disabling Damage,"Two-Way, Not Divided",Two lanes,55 MPH,Curve Left,Level,Wet,U.S. Highway,Rural,Principal Arterial - Other,Dark - Not Lighted,Rain,1,0,3,Suspected Serious Injury (A)
77847,Wisconsin,550387,2,2,1,Front-to-Front,0,1,"26,001 lbs. or more",Truck Tractor/Semi-Trailer,Van/Enclosed Box,1,No Rollover,Disabling Damage,"Two-Way,  Divided, Unprotected (Painted > 4 Feet ) Median",Four lanes,55 MPH,Straight,"Grade, Unknown Slope",Dry,U.S. Highway,Urban,Principal Arterial - Other,Dark - Lighted,Cloudy,1,1,2,Suspected Minor Injury (B)
77872,Wisconsin,550400,2,2,2,Angle,0,1,"26,001 lbs. or more",Truck Pulling Trailer(s),Cargo Tank,1,No Rollover,Disabling Damage,"Two-Way,  Divided, Unprotected (Painted > 4 Feet ) Median",Two lanes,35 MPH,Straight,Uphill,Dry,State Highway,Urban,Principal Arterial - Other,Daylight,Cloudy,2,0,0,No Apparent Injury (O)
77873,Wisconsin,550400,2,2,2,Angle,0,1,"26,001 lbs. or more",Truck Pulling Trailer(s),Cargo Tank,1,No Rollover,Disabling Damage,"Two-Way,  Divided, Unprotected (Painted > 4 Feet ) Median",Two lanes,35 MPH,Straight,Uphill,Dry,State Highway,Urban,Principal Arterial - Other,Daylight,Cloudy,2,0,0,No Apparent Injury (O)
77989,Wisconsin,550451,2,2,1,Angle,0,0,"26,001 lbs. or more","Single-Unit Truck (2- axle and GVWR more than 10,000 lbs)",Dump,1,No Rollover,Functional Damage,"Two-Way, Not Divided",Two lanes,55 MPH,Straight,Level,Dry,County Road,Urban,Major Collector,Daylight,Clear,2,0,0,No Apparent Injury (O)
78007,Wisconsin,550460,2,2,1,Angle,0,0,"26,001 lbs. or more",Single-Unit Truck (3 or more axles),Cargo Tank,1,No Rollover,Functional Damage,"Two-Way, Not Divided",Two lanes,55 MPH,Straight,Downhill,Dry,County Road,Rural,Minor Collector,Daylight,Cloudy,1,0,0,No Apparent Injury (O)
78061,Wisconsin,550487,1,2,1,Front-to-Rear,0,1,"26,001 lbs. or more",Truck Tractor/Semi-Trailer,Van/Enclosed Box,1,No Rollover,Functional Damage,"Two-Way, Not Divided",Two lanes,55 MPH,Straight,Level,Dry,State Highway,Rural,Principal Arterial - Other,Daylight,Clear,1,0,0,No Apparent Injury (O)
78179,Wisconsin,550541,2,2,1,Front-to-Front,0,1,"26,001 lbs. or more",Truck Tractor/Semi-Trailer,Log,1,No Rollover,Disabling Damage,"Two-Way, Not Divided",Two lanes,55 MPH,Straight,Level,Wet,U.S. Highway,Rural,Principal Arterial - Other,Daylight,Cloudy,1,0,1,Possible Injury (C)
78187,Wisconsin,550545,1,1,1,Not a Collision with Motor Vehicle In-Transport,0,1,"26,001 lbs. or more",Truck Tractor/Semi-Trailer,Van/Enclosed Box,1,No Rollover,Disabling Damage,"Two-Way,  Divided, Unprotected (Painted > 4 Feet ) Median",Two lanes,70 MPH,Straight,Level,Dry,Interstate,Rural,Interstate,Dark - Not Lighted,Cloudy,1,0,4,Fatal Injury (K)
78188,Wisconsin,550546,1,2,1,Angle,0,1,"26,001 lbs. or more",Truck Tractor/Semi-Trailer,Flatbed,1,"Rollover, Tripped by Object/Vehicle",Disabling Damage,"Two-Way, Not Divided",Two lanes,50 MPH,Straight,Level,Dry,State Highway,Rural,Principal Arterial - Other,Daylight,Cloudy,1,0,0,No Apparent Injury (O)
78196,Wyoming,560002,1,2,2,Front-to-Rear,0,1,"26,001 lbs. or more",Truck Tractor/Semi-Trailer,Van/Enclosed Box,1,No Rollover,Functional Damage,"Two-Way,  Divided, Positive  Median Barrier",Two lanes,80 MPH,Straight,Level,Dry,Interstate,Rural,Interstate,Dark - Not Lighted,Clear,1,1,0,No Apparent Injury (O)
78197,Wyoming,560002,1,2,2,Front-to-Rear,0,1,"26,001 lbs. or more",Truck Tractor/Semi-Trailer,Van/Enclosed Box,1,No Rollover,Functional Damage,"Two-Way,  Divided, Positive  Median Barrier",Two lanes,80 MPH,Straight,Level,Dry,Interstate,Rural,Interstate,Dark - Not Lighted,Clear,1,1,0,No Apparent Injury (O)
78199,Wyoming,560003,1,1,1,Not a Collision with Motor Vehicle In-Transport,0,2,"26,001 lbs. or more",Truck Tractor/Double,Cargo Tank,2,"Rollover, Untripped",Disabling Damage,"Two-Way,  Divided, Positive  Median Barrier",Two lanes,80 MPH,Curve Left,Downhill,Dry,Interstate,Rural,Interstate,Daylight,Clear,1,0,4,Fatal Injury (K)
78202,Wyoming,560005,1,2,1,Front-to-Front,0,1,"26,001 lbs. or more",Truck Tractor/Semi-Trailer,Cargo Tank,2,No Rollover,Disabling Damage,"Two-Way, Not Divided",Two lanes,65 MPH,Curve Left,Level,Dry,State Highway,Rural,Minor Arterial,Daylight,Clear,1,0,0,No Apparent Injury (O)
78220,Wyoming,560012,1,1,1,Not a Collision with Motor Vehicle In-Transport,0,1,"26,001 lbs. or more",Truck Pulling Trailer(s),Dump,1,"Rollover, Tripped by Object/Vehicle",Disabling Damage,"Two-Way,  Divided, Positive  Median Barrier",Two lanes,80 MPH,Straight,Level,Dry,Interstate,Rural,Interstate,Daylight,Clear,1,0,4,Fatal Injury (K)
78222,Wyoming,560014,1,9,2,Rear-to-Side,0,1,"26,001 lbs. or more",Truck Tractor/Semi-Trailer,Van/Enclosed Box,1,No Rollover,Disabling Damage,"Two-Way,  Divided, Positive  Median Barrier",Two lanes,55 MPH,Straight,Downhill,Slush,Interstate,Rural,Interstate,Daylight,Snow,1,0,3,Suspected Serious Injury (A)
78223,Wyoming,560014,1,9,2,Rear-to-Side,0,1,"26,001 lbs. or more",Truck Tractor/Semi-Trailer,Van/Enclosed Box,1,No Rollover,Disabling Damage,"Two-Way,  Divided, Positive  Median Barrier",Two lanes,55 MPH,Straight,Downhill,Slush,Interstate,Rural,Interstate,Daylight,Snow,1,0,4,Fatal Injury (K)
78224,Wyoming,560014,2,9,1,Rear-to-Side,0,1,"26,001 lbs. or more",Truck Tractor/Semi-Trailer,Van/Enclosed Box,1,No Rollover,Disabling Damage,"Two-Way,  Divided, Positive  Median Barrier",Two lanes,55 MPH,Straight,Downhill,Slush,Interstate,Rural,Interstate,Daylight,Snow,1,0,1,Possible Injury (C)
78225,Wyoming,560014,3,9,1,Rear-to-Side,0,1,"26,001 lbs. or more",Truck Tractor/Semi-Trailer,Van/Enclosed Box,1,No Rollover,Functional Damage,"Two-Way,  Divided, Positive  Median Barrier",Two lanes,55 MPH,Straight,Downhill,Slush,Interstate,Rural,Interstate,Daylight,Snow,1,0,0,No Apparent Injury (O)
78226,Wyoming,560014,4,9,1,Rear-to-Side,0,1,"26,001 lbs. or more",Truck Tractor/Semi-Trailer,Van/Enclosed Box,1,No Rollover,No Damage,"Two-Way,  Divided, Positive  Median Barrier",Two lanes,55 MPH,Straight,Downhill,Slush,Interstate,Rural,Interstate,Daylight,Snow,1,0,0,No Apparent Injury (O)
78227,Wyoming,560014,5,9,3,Rear-to-Side,0,1,"26,001 lbs. or more",Truck Tractor/Semi-Trailer,Van/Enclosed Box,1,No Rollover,Functional Damage,"Two-Way,  Divided, Positive  Median Barrier",Two lanes,55 MPH,Straight,Downhill,Slush,Interstate,Rural,Interstate,Daylight,Snow,1,0,0,No Apparent Injury (O)
78228,Wyoming,560014,5,9,3,Rear-to-Side,0,1,"26,001 lbs. or more",Truck Tractor/Semi-Trailer,Van/Enclosed Box,1,No Rollover,Functional Damage,"Two-Way,  Divided, Positive  Median Barrier",Two lanes,55 MPH,Straight,Downhill,Slush,Interstate,Rural,Interstate,Daylight,Snow,1,0,0,No Apparent Injury (O)
78229,Wyoming,560014,5,9,3,Rear-to-Side,0,1,"26,001 lbs. or more",Truck Tractor/Semi-Trailer,Van/Enclosed Box,1,No Rollover,Functional Damage,"Two-Way,  Divided, Positive  Median Barrier",Two lanes,55 MPH,Straight,Downhill,Slush,Interstate,Rural,Interstate,Daylight,Snow,1,0,0,No Apparent Injury (O)
78230,Wyoming,560014,6,9,2,Rear-to-Side,0,1,"26,001 lbs. or more",Truck Tractor/Semi-Trailer,Van/Enclosed Box,1,No Rollover,Minor Damage,"Two-Way,  Divided, Positive  Median Barrier",Two lanes,55 MPH,Straight,Downhill,Slush,Interstate,Rural,Interstate,Daylight,Snow,1,0,1,Possible Injury (C)
78231,Wyoming,560014,6,9,2,Rear-to-Side,0,1,"26,001 lbs. or more",Truck Tractor/Semi-Trailer,Van/Enclosed Box,1,No Rollover,Minor Damage,"Two-Way,  Divided, Positive  Median Barrier",Two lanes,55 MPH,Straight,Downhill,Slush,Interstate,Rural,Interstate,Daylight,Snow,1,0,0,No Apparent Injury (O)
78232,Wyoming,560014,7,9,1,Rear-to-Side,0,1,"26,001 lbs. or more",Truck Tractor/Semi-Trailer,Flatbed,1,No Rollover,Minor Damage,"Two-Way,  Divided, Positive  Median Barrier",Two lanes,55 MPH,Straight,Downhill,Slush,Interstate,Rural,Interstate,Daylight,Snow,1,0,0,No Apparent Injury (O)
78233,Wyoming,560014,8,9,1,Rear-to-Side,0,1,"26,001 lbs. or more",Truck Tractor/Semi-Trailer,Van/Enclosed Box,1,No Rollover,Minor Damage,"Two-Way,  Divided, Positive  Median Barrier",Two lanes,55 MPH,Straight,Downhill,Slush,Interstate,Rural,Interstate,Daylight,Snow,1,0,0,No Apparent Injury (O)
78234,Wyoming,560014,9,9,1,Rear-to-Side,0,1,"26,001 lbs. or more",Truck Tractor/Semi-Trailer,Cargo Tank,1,No Rollover,Minor Damage,"Two-Way,  Divided, Positive  Median Barrier",Two lanes,55 MPH,Straight,Downhill,Slush,Interstate,Rural,Interstate,Daylight,Snow,1,0,0,No Apparent Injury (O)
78287,Wyoming,560033,3,3,2,Angle,0,1,"26,001 lbs. or more",Truck Pulling Trailer(s),Flatbed,1,No Rollover,Disabling Damage,"Two-Way, Not Divided",Two lanes,65 MPH,Straight,Level,Dry,State Highway,Urban,Principal Arterial - Other,Daylight,Clear,2,0,4,Fatal Injury (K)
78288,Wyoming,560033,3,3,2,Angle,0,1,"26,001 lbs. or more",Truck Pulling Trailer(s),Flatbed,1,No Rollover,Disabling Damage,"Two-Way, Not Divided",Two lanes,65 MPH,Straight,Level,Dry,State Highway,Urban,Principal Arterial - Other,Daylight,Clear,2,0,3,Suspected Serious Injury (A)
78308,Wyoming,560041,1,1,1,Not a Collision with Motor Vehicle In-Transport,0,1,"26,001 lbs. or more",Truck Tractor/Semi-Trailer,Van/Enclosed Box,1,No Rollover,Functional Damage,"Two-Way,  Divided, Positive  Median Barrier",Two lanes,80 MPH,Straight,Downhill,Dry,Interstate,Rural,Interstate,Daylight,Clear,1,0,0,No Apparent Injury (O)
78309,Wyoming,560042,1,1,1,Not a Collision with Motor Vehicle In-Transport,0,1,"26,001 lbs. or more",Truck Tractor/Semi-Trailer,Van/Enclosed Box,1,"Rollover, Untripped",Disabling Damage,"Two-Way, Not Divided",Two lanes,65 MPH,Curve Left,Level,Dry,U.S. Highway,Rural,Principal Arterial - Other,Daylight,Clear,1,0,4,Fatal Injury (K)
78310,Wyoming,560043,1,2,1,Angle,0,1,"26,001 lbs. or more",Truck Tractor/Semi-Trailer,Van/Enclosed Box,1,No Rollover,Functional Damage,"Two-Way, Not Divided With a Continuous Left-Turn Lane",Five lanes,25 MPH,Straight,Uphill,Dry,Local Street - Township,Urban,Local,Daylight,Clear,1,0,0,No Apparent Injury (O)
78319,Wyoming,560048,1,1,1,Not a Collision with Motor Vehicle In-Transport,0,1,"26,001 lbs. or more",Truck Pulling Trailer(s),Flatbed,1,"Rollover, Tripped by Object/Vehicle",Disabling Damage,"Two-Way,  Divided, Positive  Median Barrier",Two lanes,75 MPH,Straight,Uphill,Dry,Interstate,Rural,Interstate,Daylight,Clear,1,0,4,Fatal Injury (K)
78364,Wyoming,560064,2,2,1,Front-to-Rear,0,5,"26,001 lbs. or more",Truck Tractor (Bobtail),Vehicle Towing Another Motor Vehicle,1,No Rollover,No Damage,"Two-Way,  Divided, Positive  Median Barrier",Two lanes,80 MPH,Straight,Uphill,Dry,Interstate,Rural,Interstate,Daylight,Clear,1,0,0,No Apparent Injury (O)
78397,Wyoming,560078,1,2,2,Front-to-Rear,0,1,"26,001 lbs. or more",Truck Tractor/Semi-Trailer,Van/Enclosed Box,1,No Rollover,No Damage,"Two-Way,  Divided, Positive  Median Barrier",Two lanes,75 MPH,Straight,Level,Dry,Interstate,Urban,Interstate,Daylight,Clear,1,0,0,No Apparent Injury (O)
78398,Wyoming,560078,1,2,2,Front-to-Rear,0,1,"26,001 lbs. or more",Truck Tractor/Semi-Trailer,Van/Enclosed Box,1,No Rollover,No Damage,"Two-Way,  Divided, Positive  Median Barrier",Two lanes,75 MPH,Straight,Level,Dry,Interstate,Urban,Interstate,Daylight,Clear,1,0,0,No Apparent Injury (O)
78407,Wyoming,560083,1,3,1,Angle,0,1,"26,001 lbs. or more",Truck Tractor/Semi-Trailer,Van/Enclosed Box,1,No Rollover,Disabling Damage,"Two-Way, Not Divided",Two lanes,30 MPH,Straight,Level,Wet,Local Street - Frontage Road,Urban,Principal Arterial - Other,Daylight,Snow,1,0,0,No Apparent Injury (O)
78419,Wyoming,560092,1,2,1,Front-to-Front,0,1,"26,001 lbs. or more",Truck Tractor/Semi-Trailer,Grain/ Chips/ Gravel,1,No Rollover,Disabling Damage,"Two-Way, Not Divided",Two lanes,70 MPH,Curve Left,Hillcrest,Dry,U.S. Highway,Rural,Principal Arterial - Other,Dark - Not Lighted,Clear,2,0,0,No Apparent Injury (O)
78447,Wyoming,560098,1,2,1,Sideswipe - Same Direction,0,2,"26,001 lbs. or more",Truck Tractor/Double,Van/Enclosed Box,1,No Rollover,Functional Damage,"Two-Way,  Divided, Positive  Median Barrier",Two lanes,80 MPH,Straight,Level,Dry,Interstate,Rural,Interstate,Dark - Not Lighted,Clear,1,0,0,No Apparent Injury (O)
78450,Wyoming,560100,1,2,1,Front-to-Rear,0,1,"26,001 lbs. or more",Truck Tractor/Semi-Trailer,Van/Enclosed Box,1,No Rollover,Disabling Damage,"Two-Way,  Divided, Positive  Median Barrier",Two lanes,80 MPH,Straight,Level,Dry,Interstate,Rural,Interstate,Daylight,Cloudy,1,0,0,No Apparent Injury (O)